지점코드,숙소명,객실타입,대실상태,대실금액,숙박상태,숙박금액,수집일시,체크인
3014076,홍대 아늑호텔,"레이트 체크인 - 객실 랜덤배정, 연박 예약 및 차량불가",정보없음,-,가능,"93,000원",2026-05-06 11:30,2026-05-06
3014076,홍대 아늑호텔,"도보특가 - 객실 랜덤배정, 연박 예약 및 차량불가",가능,"50,000원",가능,"103,000원",2026-05-06 11:30,2026-05-06
3014076,홍대 아늑호텔,아늑 스탠다드 - 연박 예약 및 차량불가,가능,"50,000원",가능,"123,000원",2026-05-06 11:30,2026-05-06
3014076,홍대 아늑호텔,요가 명상 다도,가능,"50,000원",가능,"128,000원",2026-05-06 11:30,2026-05-06
3014076,홍대 아늑호텔,와인러버 in 아늑,가능,"50,000원",가능,"128,000원",2026-05-06 11:30,2026-05-06
3014076,홍대 아늑호텔,스피커,가능,"60,000원",가능,"133,000원",2026-05-06 11:30,2026-05-06
3014076,홍대 아늑호텔,프리미엄 트윈,정보없음,-,가능,"133,000원",2026-05-06 11:30,2026-05-06
3014076,홍대 아늑호텔,TV연결 게임,가능,"60,000원",가능,"143,000원",2026-05-06 11:30,2026-05-06
3014076,홍대 아늑호텔,영화,가능,"100,000원",가능,"173,000원",2026-05-06 11:30,2026-05-06
3014076,홍대 아늑호텔,"조조할인 - 객실 랜덤배정, 연박 예약 및 차량불가",가능,"40,000원",정보없음,-,2026-05-06 11:30,2026-05-06
3014076,홍대 아늑호텔,빠른 입실 - 객실 랜덤 배정,정보없음,-,마감,-,2026-05-06 11:30,2026-05-06
3014076,홍대 아늑호텔,늦은 퇴실 - 객실 랜덤 배정,정보없음,-,마감,-,2026-05-06 11:30,2026-05-06
25589,홍대 더 디자이너스,레이트체크아웃 특가 스위트,가능,"85,000원",가능,"163,000원",2026-05-06 11:30,2026-05-06
25589,홍대 더 디자이너스,레이트체크아웃 디럭스더블+2인조식,정보없음,-,가능,"173,000원",2026-05-06 11:30,2026-05-06
25589,홍대 더 디자이너스,레이트체크아웃 특가 로얄 스위트,가능,"95,000원",가능,"180,000원",2026-05-06 11:30,2026-05-06
25589,홍대 더 디자이너스,레이트체크아웃 특가 스위트+2인조식,정보없음,-,가능,"183,000원",2026-05-06 11:30,2026-05-06
25589,홍대 더 디자이너스,스위트 패밀리,정보없음,-,가능,"198,000원",2026-05-06 11:30,2026-05-06
25589,홍대 더 디자이너스,레이트체크아웃 특가 로얄 스위트+2인조식,정보없음,-,가능,"200,000원",2026-05-06 11:30,2026-05-06
25589,홍대 더 디자이너스,파티룸,정보없음,-,가능,"320,000원",2026-05-06 11:30,2026-05-06
25589,홍대 더 디자이너스,레이트체크아웃 특가 스탠다드 더블,가능,"59,000원",마감,-,2026-05-06 11:30,2026-05-06
25589,홍대 더 디자이너스,당일특가 - 스탠다드 더블,가능,"59,000원",정보없음,-,2026-05-06 11:30,2026-05-06
25589,홍대 더 디자이너스,레이트체크아웃 디럭스더블,가능,"69,000원",마감,-,2026-05-06 11:30,2026-05-06
25589,홍대 더 디자이너스,레이트체크아웃 특가 세미스위트,불가,-,마감,-,2026-05-06 11:30,2026-05-06
25589,홍대 더 디자이너스,레이트체크아웃 특가 스탠다드 더블+2인조식,정보없음,-,마감,-,2026-05-06 11:30,2026-05-06
25589,홍대 더 디자이너스,레이트체크아웃 특가 세미스위트+2인조식,정보없음,-,마감,-,2026-05-06 11:30,2026-05-06
3010583,홍대 나인브릭 호텔,슈페리어 더블,불가,-,가능,"180,000원",2026-05-06 11:30,2026-05-06
3010583,홍대 나인브릭 호텔,디럭스 더블,가능,"70,000원",가능,"200,000원",2026-05-06 11:30,2026-05-06
3010583,홍대 나인브릭 호텔,프리미엄 디럭스 더블,정보없음,-,가능,"220,000원",2026-05-06 11:30,2026-05-06
3010583,홍대 나인브릭 호텔,주니어 펜트하우스,정보없음,-,마감,-,2026-05-06 11:30,2026-05-06
3010583,홍대 나인브릭 호텔,펜트하우스,정보없음,-,마감,-,2026-05-06 11:30,2026-05-06
3017304,홍대 보보호텔,-,파싱실패,-,파싱실패,-,2026-05-06 11:30,2026-05-06
10054224,이태원 누베르서울 호텔 by 아늑,컬렉션 D 룸온리,가능,"45,000원",가능,"130,000원",2026-05-06 11:31,2026-05-06
10054224,이태원 누베르서울 호텔 by 아늑,컬렉션 T 룸온리,정보없음,-,가능,"130,000원",2026-05-06 11:31,2026-05-06
10054224,이태원 누베르서울 호텔 by 아늑,컬렉션 D 1인조식 포함,정보없음,-,가능,"145,000원",2026-05-06 11:31,2026-05-06
10054224,이태원 누베르서울 호텔 by 아늑,컬렉션 T 1인조식 포함,정보없음,-,가능,"145,000원",2026-05-06 11:31,2026-05-06
10054224,이태원 누베르서울 호텔 by 아늑,컬렉션 D2 룸온리,정보없음,-,가능,"190,000원",2026-05-06 11:31,2026-05-06
10054224,이태원 누베르서울 호텔 by 아늑,컬렉션 D2 1인 조식포함,정보없음,-,가능,"205,000원",2026-05-06 11:31,2026-05-06
10054224,이태원 누베르서울 호텔 by 아늑,Museum 룸온리,정보없음,-,가능,"320,000원",2026-05-06 11:31,2026-05-06
10054224,이태원 누베르서울 호텔 by 아늑,Museum 조식포함,정보없음,-,가능,"350,000원",2026-05-06 11:31,2026-05-06
10054224,이태원 누베르서울 호텔 by 아늑,무한대실,가능,"85,000원",정보없음,-,2026-05-06 11:31,2026-05-06
10054224,이태원 누베르서울 호텔 by 아늑,컬렉션 S 룸온리,정보없음,-,가능,"110,000원",2026-05-06 11:31,2026-05-06
10054224,이태원 누베르서울 호텔 by 아늑,컬렉션 S 1인조식 포함,정보없음,-,가능,"125,000원",2026-05-06 11:31,2026-05-06
10054224,이태원 누베르서울 호텔 by 아늑,당일예약 특가,정보없음,-,마감,-,2026-05-06 11:31,2026-05-06
3006882,이태원 에이원 호텔,스탠다드,가능,"36,200원",가능,"93,200원",2026-05-06 11:31,2026-05-06
3006882,이태원 에이원 호텔,디럭스,가능,"68,200원",가능,"168,200원",2026-05-06 11:31,2026-05-06
3006882,이태원 에이원 호텔,스탠다드 긴시간,가능,"70,000원",가능,"178,200원",2026-05-06 11:31,2026-05-06
3006882,이태원 에이원 호텔,디럭스 긴시간,가능,"120,000원",가능,"248,200원",2026-05-06 11:31,2026-05-06
3000655,해밀톤 호텔,디럭스 트윈,정보없음,-,가능,"195,000원",2026-05-06 11:31,2026-05-06
3000655,해밀톤 호텔,스탠다드 트윈,정보없음,-,마감,-,2026-05-06 11:31,2026-05-06
3001110,임피리얼 팰리스 부티크 호텔 이태원,슈페리어 트윈,정보없음,-,가능,"204,000원",2026-05-06 11:31,2026-05-06
3001110,임피리얼 팰리스 부티크 호텔 이태원,슈페리어 더블,정보없음,-,가능,"204,000원",2026-05-06 11:31,2026-05-06
3001110,임피리얼 팰리스 부티크 호텔 이태원,디럭스 트윈,정보없음,-,가능,"225,000원",2026-05-06 11:31,2026-05-06
3001110,임피리얼 팰리스 부티크 호텔 이태원,디럭스 쿼드러플,정보없음,-,가능,"244,900원",2026-05-06 11:31,2026-05-06
3001110,임피리얼 팰리스 부티크 호텔 이태원,듀플렉스 스위트,정보없음,-,마감,-,2026-05-06 11:31,2026-05-06
3001110,임피리얼 팰리스 부티크 호텔 이태원,골드 스위트,정보없음,-,마감,-,2026-05-06 11:31,2026-05-06
3001110,임피리얼 팰리스 부티크 호텔 이태원,주니어 스위트,정보없음,-,마감,-,2026-05-06 11:31,2026-05-06
1002097,구리 더휴식 크로와상 호텔,디럭스 커플 - 1060pc,가능,"30,000원",가능,"47,000원",2026-05-06 11:31,2026-05-06
1002097,구리 더휴식 크로와상 호텔,스탠다드 뮤직,가능,"28,000원",가능,"53,000원",2026-05-06 11:31,2026-05-06
1002097,구리 더휴식 크로와상 호텔,디럭스 홈트레이닝,가능,"30,000원",가능,"53,000원",2026-05-06 11:31,2026-05-06
1002097,구리 더휴식 크로와상 호텔,디럭스 힐링,불가,-,가능,"53,000원",2026-05-06 11:31,2026-05-06
1002097,구리 더휴식 크로와상 호텔,플레이 스위트,가능,"35,000원",가능,"63,000원",2026-05-06 11:31,2026-05-06
1002097,구리 더휴식 크로와상 호텔,트윈,가능,"35,000원",가능,"63,000원",2026-05-06 11:31,2026-05-06
1002097,구리 더휴식 크로와상 호텔,디럭스 커플 - 2060pc,불가,-,가능,"63,000원",2026-05-06 11:31,2026-05-06
1002097,구리 더휴식 크로와상 호텔,무비 스위트,가능,"31,500원",가능,"73,000원",2026-05-06 11:31,2026-05-06
1002097,구리 더휴식 크로와상 호텔,늦은퇴실,불가,-,가능,"73,000원",2026-05-06 11:31,2026-05-06
1002097,구리 더휴식 크로와상 호텔,싱 스위트,불가,-,가능,"83,000원",2026-05-06 11:31,2026-05-06
1002097,구리 더휴식 크로와상 호텔,파티 스위트,불가,-,가능,"101,000원",2026-05-06 11:31,2026-05-06
1002097,구리 더휴식 크로와상 호텔,무한대실,가능,"50,000원",마감,-,2026-05-06 11:31,2026-05-06
1002097,구리 더휴식 크로와상 호텔,빠른입실,불가,-,마감,-,2026-05-06 11:31,2026-05-06
1000111651,구리 바리스타 호텔,EVENT ROOM 도보전용,가능,"20,000원",가능,"30,000원",2026-05-06 11:31,2026-05-06
1000111651,구리 바리스타 호텔,Standard,가능,"25,000원",가능,"40,000원",2026-05-06 11:31,2026-05-06
1000111651,구리 바리스타 호텔,Deluxe 스타일러,가능,"30,000원",가능,"45,000원",2026-05-06 11:31,2026-05-06
1000111651,구리 바리스타 호텔,Premium 커플PC,가능,"35,000원",가능,"50,000원",2026-05-06 11:31,2026-05-06
1000111651,구리 바리스타 호텔,Standard 풀타임 - 얼리 체크인,정보없음,-,가능,"50,000원",2026-05-06 11:31,2026-05-06
1000111651,구리 바리스타 호텔,펫룸 Pet ROOM 1층,가능,"30,000원",가능,"60,000원",2026-05-06 11:31,2026-05-06
1000111651,구리 바리스타 호텔,Premium 커플PC 풀타임 - 얼리 체크인,정보없음,-,가능,"60,000원",2026-05-06 11:31,2026-05-06
1000111651,구리 바리스타 호텔,Standard 풀타임,정보없음,-,가능,"60,000원",2026-05-06 11:31,2026-05-06
1000111651,구리 바리스타 호텔,Premium 커플PC 풀타임,정보없음,-,가능,"80,000원",2026-05-06 11:31,2026-05-06
1000111651,구리 바리스타 호텔,Standard 롱롱대실,가능,"35,000원",정보없음,-,2026-05-06 11:31,2026-05-06
1000111651,구리 바리스타 호텔,Premium 롱롱대실,가능,"45,000원",정보없음,-,2026-05-06 11:31,2026-05-06
24150,구리 러쉬(LUSH),Standard - 도보전용,불가,-,가능,"30,000원",2026-05-06 11:31,2026-05-06
24150,구리 러쉬(LUSH),"Premium - 지하,도보손님전용",불가,-,가능,"33,000원",2026-05-06 11:31,2026-05-06
24150,구리 러쉬(LUSH),Suite - 도보전용,가능,"25,000원",가능,"35,000원",2026-05-06 11:31,2026-05-06
24150,구리 러쉬(LUSH),Suite,가능,"28,000원",가능,"38,000원",2026-05-06 11:31,2026-05-06
24150,구리 러쉬(LUSH),스위트 트윈,정보없음,-,가능,"50,000원",2026-05-06 11:31,2026-05-06
24150,구리 러쉬(LUSH),VIP,불가,-,가능,"55,000원",2026-05-06 11:31,2026-05-06
24150,구리 러쉬(LUSH),Standard,정보없음,-,마감,-,2026-05-06 11:31,2026-05-06
24150,구리 러쉬(LUSH),Premium - 지하,불가,-,마감,-,2026-05-06 11:31,2026-05-06
24150,구리 러쉬(LUSH),VIP - 트윈,불가,-,마감,-,2026-05-06 11:31,2026-05-06
24150,구리 러쉬(LUSH),야간대실 스위트룸,불가,-,정보없음,-,2026-05-06 11:31,2026-05-06
26958,구리 크림 호텔,Standard-mini,가능,"19,000원",가능,"33,000원",2026-05-06 11:31,2026-05-06
26958,구리 크림 호텔,도보특가-Basic배정,가능,"20,000원",가능,"35,000원",2026-05-06 11:31,2026-05-06
26958,구리 크림 호텔,OTT-mini,가능,"25,000원",가능,"40,000원",2026-05-06 11:31,2026-05-06
26958,구리 크림 호텔,Basic-주차가능,가능,"28,000원",가능,"44,000원",2026-05-06 11:31,2026-05-06
26958,구리 크림 호텔,빠른숙박-연박가능,정보없음,-,가능,"51,000원",2026-05-06 11:31,2026-05-06
26958,구리 크림 호텔,스위트-의류청정기,가능,"42,000원",가능,"64,000원",2026-05-06 11:31,2026-05-06
26958,구리 크림 호텔,커플PC룸-RTX3060,가능,"42,000원",가능,"64,000원",2026-05-06 11:31,2026-05-06
26958,구리 크림 호텔,무한대실-도보전용,가능,"33,000원",정보없음,-,2026-05-06 11:31,2026-05-06
26958,구리 크림 호텔,Premier,불가,-,마감,-,2026-05-06 11:31,2026-05-06
26958,구리 크림 호텔,Standard-mini,불가,-,마감,-,2026-05-06 11:31,2026-05-06
10047317,구리 아늑호텔,도보특가,가능,"17,000원",가능,"35,000원",2026-05-06 11:31,2026-05-06
10047317,구리 아늑호텔,플레이,가능,"32,000원",가능,"53,000원",2026-05-06 11:31,2026-05-06
10047317,구리 아늑호텔,2PC,가능,"32,000원",가능,"53,000원",2026-05-06 11:31,2026-05-06
10047317,구리 아늑호텔,무비,가능,"32,000원",가능,"60,000원",2026-05-06 11:31,2026-05-06
10047317,구리 아늑호텔,딥 슬립,가능,"37,000원",가능,"65,000원",2026-05-06 11:31,2026-05-06
10047317,구리 아늑호텔,스탠다드,가능,"22,000원",마감,-,2026-05-06 11:31,2026-05-06
10047317,구리 아늑호텔,와인,가능,"27,000원",마감,-,2026-05-06 11:31,2026-05-06
10047317,구리 아늑호텔,카툰,가능,"27,000원",마감,-,2026-05-06 11:31,2026-05-06
10047317,구리 아늑호텔,무한대실- 객실 랜덤 배정,불가,-,정보없음,-,2026-05-06 11:31,2026-05-06
10047317,구리 아늑호텔,골프,불가,-,마감,-,2026-05-06 11:31,2026-05-06
10047317,구리 아늑호텔,뮤직,불가,-,마감,-,2026-05-06 11:31,2026-05-06
10047317,구리 아늑호텔,싱글 비즈니스,정보없음,-,마감,-,2026-05-06 11:31,2026-05-06
1002072,구리 캘리포니아 호텔,도보특가,가능,"19,000원",가능,"35,000원",2026-05-06 11:32,2026-05-06
1002072,구리 캘리포니아 호텔,스탠다드,가능,"22,000원",가능,"40,000원",2026-05-06 11:32,2026-05-06
1002072,구리 캘리포니아 호텔,디럭스-테라스,불가,-,가능,"45,000원",2026-05-06 11:32,2026-05-06
1002072,구리 캘리포니아 호텔,디럭스 - 릴렉스,가능,"27,000원",가능,"50,000원",2026-05-06 11:32,2026-05-06
1002072,구리 캘리포니아 호텔,스위트 게이밍,가능,"27,000원",가능,"55,000원",2026-05-06 11:32,2026-05-06
1002072,구리 캘리포니아 호텔,스위트 뷰- 테라스,가능,"27,000원",가능,"55,000원",2026-05-06 11:32,2026-05-06
1002072,구리 캘리포니아 호텔,스위트 킹- 테라스,가능,"27,000원",가능,"55,000원",2026-05-06 11:32,2026-05-06
1002072,구리 캘리포니아 호텔,스탠다드 - 빠른입실,정보없음,-,가능,"60,000원",2026-05-06 11:32,2026-05-06
1002072,구리 캘리포니아 호텔,VIP 트윈 테라스,가능,"28,500원",마감,-,2026-05-06 11:32,2026-05-06
1002072,구리 캘리포니아 호텔,디럭스 - 테라스 빠른입실,정보없음,-,가능,"65,000원",2026-05-06 11:32,2026-05-06
1002072,구리 캘리포니아 호텔,디럭스-릴렉스 빠른입실,정보없음,-,가능,"70,000원",2026-05-06 11:32,2026-05-06
1002072,구리 캘리포니아 호텔,스위트 뷰 - 테라스 빠른입실,정보없음,-,가능,"75,000원",2026-05-06 11:32,2026-05-06
1002072,구리 캘리포니아 호텔,스위트 킹 - 테라스 빠른입실,정보없음,-,가능,"75,000원",2026-05-06 11:32,2026-05-06
1002072,구리 캘리포니아 호텔,VIP 트윈 테라스 빠른입실,정보없음,-,가능,"85,000원",2026-05-06 11:32,2026-05-06
1002072,구리 캘리포니아 호텔,야간 대실,불가,-,정보없음,-,2026-05-06 11:32,2026-05-06
3010096,구리 호텔 月 (월),도보전용,가능,"22,000원",가능,"37,000원",2026-05-06 11:32,2026-05-06
3010096,구리 호텔 月 (월),Standard,가능,"22,000원",가능,"42,000원",2026-05-06 11:32,2026-05-06
3010096,구리 호텔 月 (월),Premium Gaming,가능,"27,000원",가능,"52,000원",2026-05-06 11:32,2026-05-06
3010096,구리 호텔 月 (월),Deluxe TW,가능,"27,000원",가능,"52,000원",2026-05-06 11:32,2026-05-06
3010096,구리 호텔 月 (월),Deluxe DB,불가,-,가능,"52,000원",2026-05-06 11:32,2026-05-06
3010096,구리 호텔 月 (월),빠른입실,정보없음,-,가능,"57,000원",2026-05-06 11:32,2026-05-06
3010096,구리 호텔 月 (월),Suit,가능,"31,500원",가능,"62,000원",2026-05-06 11:32,2026-05-06
3010096,구리 호텔 月 (월),VIP Suit,가능,"31,500원",마감,-,2026-05-06 11:32,2026-05-06
3010096,구리 호텔 月 (월),Royal Suit,가능,"36,000원",가능,"80,000원",2026-05-06 11:32,2026-05-06
3010096,구리 호텔 月 (월),2 Bed Royal Suit,가능,"36,000원",마감,-,2026-05-06 11:32,2026-05-06
3010096,구리 호텔 月 (월),Standard-M,불가,-,마감,-,2026-05-06 11:32,2026-05-06
3000355,구리 YAM 구리수택점,도보전용/스탠다드 - 일부 금연객실 운영,가능,"30,000원",가능,"33,000원",2026-05-06 11:32,2026-05-06
3000355,구리 YAM 구리수택점,스탠다드- 일부 금연객실 운영,가능,"33,000원",가능,"38,000원",2026-05-06 11:32,2026-05-06
3000355,구리 YAM 구리수택점,최고얌 커플pc,가능,"35,000원",가능,"45,000원",2026-05-06 11:32,2026-05-06
3000355,구리 YAM 구리수택점,시네마존 -최강커플 PC,가능,"35,000원",가능,"50,000원",2026-05-06 11:32,2026-05-06
3000355,구리 YAM 구리수택점,트윈얌 - 최강커플PC,가능,"35,000원",가능,"55,000원",2026-05-06 11:32,2026-05-06
3000355,구리 YAM 구리수택점,야간대실,가능,"25,000원",정보없음,-,2026-05-06 11:32,2026-05-06
1000110964,오산 고요37 호텔 by 아늑,"도보특가 - 객실랜덤배정, 연박예약 및 차량 불가",가능,"19,900원",가능,"44,000원",2026-05-06 11:32,2026-05-06
1000110964,오산 고요37 호텔 by 아늑,스탠다드 - 객실랜덤배정,가능,"29,000원",가능,"54,000원",2026-05-06 11:32,2026-05-06
1000110964,오산 고요37 호텔 by 아늑,거울,가능,"35,000원",가능,"57,600원",2026-05-06 11:32,2026-05-06
1000110964,오산 고요37 호텔 by 아늑,기프티콘 패키지-비즈니스,정보없음,-,가능,"60,000원",2026-05-06 11:32,2026-05-06
1000110964,오산 고요37 호텔 by 아늑,2PC,가능,"35,000원",가능,"62,100원",2026-05-06 11:32,2026-05-06
1000110964,오산 고요37 호텔 by 아늑,스피커,가능,"35,000원",가능,"64,000원",2026-05-06 11:32,2026-05-06
1000110964,오산 고요37 호텔 by 아늑,요가,가능,"35,000원",가능,"64,000원",2026-05-06 11:32,2026-05-06
1000110964,오산 고요37 호텔 by 아늑,노르딕룸,가능,"35,000원",가능,"64,000원",2026-05-06 11:32,2026-05-06
1000110964,오산 고요37 호텔 by 아늑,비즈니스+스타일룸,가능,"35,000원",가능,"64,000원",2026-05-06 11:32,2026-05-06
1000110964,오산 고요37 호텔 by 아늑,Early Check in,정보없음,-,가능,"69,000원",2026-05-06 11:32,2026-05-06
1000110964,오산 고요37 호텔 by 아늑,Late Check out,정보없음,-,가능,"69,000원",2026-05-06 11:32,2026-05-06
1000110964,오산 고요37 호텔 by 아늑,스위트,가능,"40,000원",가능,"70,000원",2026-05-06 11:32,2026-05-06
1000110964,오산 고요37 호텔 by 아늑,반려견동반,가능,"40,000원",가능,"70,000원",2026-05-06 11:32,2026-05-06
1000110964,오산 고요37 호텔 by 아늑,기프티콘 패키지-커플,정보없음,-,가능,"70,000원",2026-05-06 11:32,2026-05-06
1000110964,오산 고요37 호텔 by 아늑,트윈,불가,-,가능,"70,000원",2026-05-06 11:32,2026-05-06
1000110964,오산 고요37 호텔 by 아늑,Infinity Dayuse,가능,"40,000원",정보없음,-,2026-05-06 11:32,2026-05-06
10062453,오산 그린파크,일반실,가능,"17,000원",마감,-,2026-05-06 11:32,2026-05-06
10062453,오산 그린파크,트윈,가능,"20,000원",마감,-,2026-05-06 11:32,2026-05-06
10062453,오산 그린파크,미니트윈,불가,-,마감,-,2026-05-06 11:32,2026-05-06
10062453,오산 그린파크,온돌룸,정보없음,-,마감,-,2026-05-06 11:32,2026-05-06
10062453,오산 그린파크,MOVIE 특실,정보없음,-,마감,-,2026-05-06 11:32,2026-05-06
1000111803,오산 M,일반실,정보없음,-,가능,"42,000원",2026-05-06 11:32,2026-05-06
1000111803,오산 M,특실,정보없음,-,가능,"47,000원",2026-05-06 11:32,2026-05-06
1000111803,오산 M,특실 2PC,정보없음,-,가능,"52,000원",2026-05-06 11:32,2026-05-06
1000111803,오산 M,VIP 2pc twin,정보없음,-,가능,"57,000원",2026-05-06 11:32,2026-05-06
3008269,오산 YAM 오산역점,스탠다드 미니,가능,"18,000원",가능,"34,200원",2026-05-06 11:32,2026-05-06
3008269,오산 YAM 오산역점,스탠다드,가능,"20,000원",가능,"36,000원",2026-05-06 11:32,2026-05-06
3008269,오산 YAM 오산역점,디럭스,가능,"23,000원",가능,"40,500원",2026-05-06 11:32,2026-05-06
3008269,오산 YAM 오산역점,디럭스,정보없음,-,가능,"54,000원",2026-05-06 11:32,2026-05-06
3008269,오산 YAM 오산역점,스위트,불가,-,가능,"91,000원",2026-05-06 11:32,2026-05-06
26034,오산 아늑호텔,도보특가,가능,"17,000원",가능,"40,000원",2026-05-06 11:32,2026-05-06
26034,오산 아늑호텔,스피커,가능,"22,000원",가능,"53,500원",2026-05-06 11:32,2026-05-06
26034,오산 아늑호텔,기프티콘 패키지-비즈니스,정보없음,-,가능,"55,000원",2026-05-06 11:32,2026-05-06
26034,오산 아늑호텔,2PC디럭스,가능,"27,000원",가능,"58,000원",2026-05-06 11:32,2026-05-06
26034,오산 아늑호텔,2PC스탠다드,가능,"22,000원",가능,"60,000원",2026-05-06 11:32,2026-05-06
26034,오산 아늑호텔,기프티콘 패키지-커플,정보없음,-,가능,"65,000원",2026-05-06 11:32,2026-05-06
26034,오산 아늑호텔,레이트체크아웃,정보없음,-,가능,"65,000원",2026-05-06 11:32,2026-05-06
26034,오산 아늑호텔,얼리체크인,정보없음,-,가능,"65,000원",2026-05-06 11:32,2026-05-06
26034,오산 아늑호텔,트윈,불가,-,가능,"65,000원",2026-05-06 11:32,2026-05-06
26034,오산 아늑호텔,영화,가능,"37,000원",가능,"75,000원",2026-05-06 11:32,2026-05-06
26034,오산 아늑호텔,무한대실 도보전용,가능,"35,000원",정보없음,-,2026-05-06 11:32,2026-05-06
26034,오산 아늑호텔,무한대실 차량전용,가능,"42,000원",정보없음,-,2026-05-06 11:32,2026-05-06
3011975,오산 CHILL7,특가룸,가능,"18,000원",가능,"33,000원",2026-05-06 11:32,2026-05-06
3011975,오산 CHILL7,금연룸 스탠다드,가능,"22,000원",가능,"45,000원",2026-05-06 11:32,2026-05-06
3011975,오산 CHILL7,흡연룸 스탠다드,가능,"25,000원",가능,"50,000원",2026-05-06 11:32,2026-05-06
3011975,오산 CHILL7,금연룸 디럭스,가능,"25,000원",가능,"55,000원",2026-05-06 11:32,2026-05-06
3011975,오산 CHILL7,잠꾸러기룸- 랜덤배정,정보없음,-,가능,"55,000원",2026-05-06 11:32,2026-05-06
3011975,오산 CHILL7,금연룸 비즈니스 트윈,정보없음,-,가능,"60,000원",2026-05-06 11:32,2026-05-06
1000102619,오산 제이 호텔,스탠다드,가능,"20,000원",가능,"40,000원",2026-05-06 11:33,2026-05-06
1000102619,오산 제이 호텔,디럭스,가능,"25,000원",가능,"45,000원",2026-05-06 11:33,2026-05-06
1000102619,오산 제이 호텔,스위트,가능,"30,000원",가능,"55,000원",2026-05-06 11:33,2026-05-06
1000102619,오산 제이 호텔,디럭스 안마의자,가능,"30,000원",가능,"60,000원",2026-05-06 11:33,2026-05-06
1000102619,오산 제이 호텔,스탠다드 2PC,가능,"30,000원",가능,"60,000원",2026-05-06 11:33,2026-05-06
1000102619,오산 제이 호텔,디럭스 트윈,불가,-,가능,"60,000원",2026-05-06 11:33,2026-05-06
1000102619,오산 제이 호텔,프리미엄 트윈,불가,-,가능,"65,000원",2026-05-06 11:33,2026-05-06
3016190,오산 아너스 호텔,일반실 A,가능,"20,000원",가능,"50,000원",2026-05-06 11:33,2026-05-06
3016190,오산 아너스 호텔,일반실B,정보없음,-,가능,"55,000원",2026-05-06 11:33,2026-05-06
3016190,오산 아너스 호텔,특실 A,가능,"25,000원",가능,"65,000원",2026-05-06 11:33,2026-05-06
3016190,오산 아너스 호텔,특실 B,정보없음,-,가능,"65,000원",2026-05-06 11:33,2026-05-06
3016190,오산 아너스 호텔,VIP 트윈,정보없음,-,가능,"80,000원",2026-05-06 11:33,2026-05-06
3016190,오산 아너스 호텔,VIP,정보없음,-,가능,"80,000원",2026-05-06 11:33,2026-05-06
3016190,오산 아너스 호텔,로얄 스위트,정보없음,-,가능,"500,000원",2026-05-06 11:33,2026-05-06
3016190,오산 아너스 호텔,도보특가 - 특실,가능,"65,000원",정보없음,-,2026-05-06 11:33,2026-05-06
3010914,월곶 아늑호텔,오픈특가,가능,"17,000원",가능,"30,000원",2026-05-06 11:33,2026-05-06
3010914,월곶 아늑호텔,스탠다드,가능,"22,000원",가능,"35,000원",2026-05-06 11:33,2026-05-06
3010914,월곶 아늑호텔,뮤직,가능,"27,000원",가능,"40,000원",2026-05-06 11:33,2026-05-06
3010914,월곶 아늑호텔,웰니스,가능,"32,000원",가능,"45,000원",2026-05-06 11:33,2026-05-06
3010914,월곶 아늑호텔,무비,가능,"32,000원",가능,"50,000원",2026-05-06 11:33,2026-05-06
3010914,월곶 아늑호텔,2PC,가능,"32,000원",가능,"50,000원",2026-05-06 11:33,2026-05-06
3010914,월곶 아늑호텔,레이트 체크아웃,정보없음,-,가능,"50,000원",2026-05-06 11:33,2026-05-06
3010914,월곶 아늑호텔,얼리 체크인,정보없음,-,가능,"50,000원",2026-05-06 11:33,2026-05-06
3010914,월곶 아늑호텔,트윈,가능,"37,000원",가능,"65,000원",2026-05-06 11:33,2026-05-06
3010914,월곶 아늑호텔,스파,가능,"47,000원",가능,"85,000원",2026-05-06 11:33,2026-05-06
3010914,월곶 아늑호텔,무한대실,가능,"37,000원",정보없음,-,2026-05-06 11:33,2026-05-06
3010914,월곶 아늑호텔,야간대실,불가,-,정보없음,-,2026-05-06 11:33,2026-05-06
3001905,월곶 크루즈,도보특가,가능,"19,000원",가능,"28,000원",2026-05-06 11:33,2026-05-06
3001905,월곶 크루즈,"일반실A,B",가능,"19,000원",가능,"28,000원",2026-05-06 11:33,2026-05-06
3001905,월곶 크루즈,준특실,가능,"20,000원",가능,"33,000원",2026-05-06 11:33,2026-05-06
3001905,월곶 크루즈,특실,가능,"25,000원",가능,"40,000원",2026-05-06 11:33,2026-05-06
3001905,월곶 크루즈,특실,가능,"25,000원",가능,"40,000원",2026-05-06 11:33,2026-05-06
3001905,월곶 크루즈,무한숙박룸,정보없음,-,가능,"45,000원",2026-05-06 11:33,2026-05-06
3001905,월곶 크루즈,무한대실룸,가능,"25,000원",정보없음,-,2026-05-06 11:33,2026-05-06
3001905,월곶 크루즈,특실,가능,"25,000원",마감,-,2026-05-06 11:33,2026-05-06
3001905,월곶 크루즈,특실,불가,-,마감,-,2026-05-06 11:33,2026-05-06
1018966,월곶 발렌타인 호텔,도보특가,정보없음,-,가능,"25,000원",2026-05-06 11:33,2026-05-06
1018966,월곶 발렌타인 호텔,오픈 특가,가능,"16,800원",가능,"26,000원",2026-05-06 11:33,2026-05-06
1018966,월곶 발렌타인 호텔,발렌타인 스탠다드,가능,"18,400원",가능,"31,000원",2026-05-06 11:33,2026-05-06
1018966,월곶 발렌타인 호텔,발렌타인KOTEA 피톤치드,가능,"20,000원",가능,"36,000원",2026-05-06 11:33,2026-05-06
1018966,월곶 발렌타인 호텔,발렌타인 Marshall Music,가능,"20,000원",가능,"36,000원",2026-05-06 11:33,2026-05-06
1018966,월곶 발렌타인 호텔,발렌타인 TWIN,가능,"20,000원",가능,"38,000원",2026-05-06 11:33,2026-05-06
1018966,월곶 발렌타인 호텔,발렌타인2PC게임룸,가능,"22,400원",가능,"43,000원",2026-05-06 11:33,2026-05-06
1018966,월곶 발렌타인 호텔,빠른입실,정보없음,-,가능,"51,000원",2026-05-06 11:33,2026-05-06
1018966,월곶 발렌타인 호텔,늦은퇴실,정보없음,-,가능,"51,000원",2026-05-06 11:33,2026-05-06
1018966,월곶 발렌타인 호텔,바베큐 파티룸,가능,"70,000원",가능,"113,000원",2026-05-06 11:33,2026-05-06
1018966,월곶 발렌타인 호텔,심야대실,가능,"24,000원",정보없음,-,2026-05-06 11:33,2026-05-06
3020336,월곶 더 클래식,랜덤객실 EVENT,불가,-,가능,"30,000원",2026-05-06 11:33,2026-05-06
3020336,월곶 더 클래식,디럭스,가능,"25,000원",가능,"40,000원",2026-05-06 11:33,2026-05-06
3020336,월곶 더 클래식,그랜드 디럭스,가능,"27,000원",가능,"45,000원",2026-05-06 11:33,2026-05-06
3020336,월곶 더 클래식,프리미어,가능,"30,000원",가능,"50,000원",2026-05-06 11:33,2026-05-06
3020336,월곶 더 클래식,프리미어 레트로,가능,"35,000원",가능,"55,000원",2026-05-06 11:33,2026-05-06
3020336,월곶 더 클래식,스위트 트윈,가능,"40,000원",가능,"60,000원",2026-05-06 11:33,2026-05-06
3020336,월곶 더 클래식,스위트,가능,"40,000원",가능,"60,000원",2026-05-06 11:33,2026-05-06
3020336,월곶 더 클래식,스위트 빠른숙박 특가,정보없음,-,가능,"70,000원",2026-05-06 11:33,2026-05-06
3020336,월곶 더 클래식,스위트 무한대실 특가,가능,"45,000원",정보없음,-,2026-05-06 11:33,2026-05-06
23683,안산 워커스 호텔 by 아늑,도보특가,가능,"20,000원",가능,"45,000원",2026-05-06 11:33,2026-05-06
23683,안산 워커스 호텔 by 아늑,숙박객 한정 조식 제공 - 스탠다드 트윈,가능,"25,000원",가능,"60,000원",2026-05-06 11:33,2026-05-06
23683,안산 워커스 호텔 by 아늑,숙박객 한정 조식 제공 - 뮤직 디럭스,가능,"30,000원",가능,"65,000원",2026-05-06 11:33,2026-05-06
23683,안산 워커스 호텔 by 아늑,숙박객 한정 조식 제공 - 비지니스 디럭스,가능,"30,000원",가능,"65,000원",2026-05-06 11:33,2026-05-06
23683,안산 워커스 호텔 by 아늑,숙박객 한정 조식 제공 - 2PC,가능,"35,000원",가능,"75,000원",2026-05-06 11:33,2026-05-06
23683,안산 워커스 호텔 by 아늑,숙박객 한정 조식 제공 - 무비룸,가능,"35,000원",가능,"75,000원",2026-05-06 11:33,2026-05-06
23683,안산 워커스 호텔 by 아늑,올데이 스테이룸,정보없음,-,가능,"85,000원",2026-05-06 11:33,2026-05-06
23683,안산 워커스 호텔 by 아늑,무한대실,가능,"40,000원",정보없음,-,2026-05-06 11:33,2026-05-06
23683,안산 워커스 호텔 by 아늑,도보특가 마라탕 PKG,정보없음,-,마감,-,2026-05-06 11:33,2026-05-06
23683,안산 워커스 호텔 by 아늑,스탠다드 트윈 마라탕 PKG,정보없음,-,마감,-,2026-05-06 11:33,2026-05-06
23683,안산 워커스 호텔 by 아늑,2PC 마라탕 PKG,정보없음,-,마감,-,2026-05-06 11:33,2026-05-06
23683,안산 워커스 호텔 by 아늑,뮤직 디럭스 마라탕 PKG,정보없음,-,마감,-,2026-05-06 11:33,2026-05-06
23683,안산 워커스 호텔 by 아늑,비지니스 디럭스 마라탕 PKG,정보없음,-,마감,-,2026-05-06 11:33,2026-05-06
23683,안산 워커스 호텔 by 아늑,무비룸 마라탕 PKG,정보없음,-,마감,-,2026-05-06 11:33,2026-05-06
23683,안산 워커스 호텔 by 아늑,올데이 스테이룸 마라탕 PKG,정보없음,-,마감,-,2026-05-06 11:33,2026-05-06
23683,안산 워커스 호텔 by 아늑,팬트하우스 마라탕 PKG,정보없음,-,마감,-,2026-05-06 11:33,2026-05-06
23683,안산 워커스 호텔 by 아늑,숙박객 한정 조식 제공 - 팬트하우스,불가,-,마감,-,2026-05-06 11:33,2026-05-06
1000111732,안산 호텔G9,DELUXE 1PC,가능,"18,000원",가능,"36,000원",2026-05-06 11:33,2026-05-06
1000111732,안산 호텔G9,프리미엄 고사양 2PC,가능,"27,000원",가능,"45,000원",2026-05-06 11:33,2026-05-06
1000111732,안산 호텔G9,잠꾸러기+18시 퇴실 1PC,정보없음,-,가능,"49,500원",2026-05-06 11:33,2026-05-06
1000111732,안산 호텔G9,DELUXE 1PC,정보없음,-,가능,"49,500원",2026-05-06 11:33,2026-05-06
1000111732,안산 호텔G9,Suite 2PC,가능,"31,500원",가능,"54,000원",2026-05-06 11:33,2026-05-06
1000111732,안산 호텔G9,Suite 1PC,가능,"31,500원",가능,"54,000원",2026-05-06 11:33,2026-05-06
1000111732,안산 호텔G9,프리미엄 고사양 2PC,정보없음,-,가능,"54,000원",2026-05-06 11:33,2026-05-06
1000111732,안산 호텔G9,잠꾸러기 + 고사양 2PC,정보없음,-,가능,"63,000원",2026-05-06 11:33,2026-05-06
1000111732,안산 호텔G9,무한대실,가능,"34,200원",정보없음,-,2026-05-06 11:33,2026-05-06
1000111732,안산 호텔G9,프리미엄 고사양 1PC,불가,-,마감,-,2026-05-06 11:33,2026-05-06
1000096365,안산 바인호텔,스탠다드,가능,"22,500원",가능,"38,500원",2026-05-06 11:33,2026-05-06
1000096365,안산 바인호텔,디럭스,가능,"27,000원",가능,"43,000원",2026-05-06 11:33,2026-05-06
1000096365,안산 바인호텔,트윈,불가,-,가능,"56,500원",2026-05-06 11:33,2026-05-06
1000096365,안산 바인호텔,스위트,가능,"36,000원",가능,"61,000원",2026-05-06 11:33,2026-05-06
1000096365,안산 바인호텔,무한대실,가능,"36,000원",정보없음,-,2026-05-06 11:33,2026-05-06
3002317,안산 어반브라운,도보전용-차량 불가,가능,"20,000원",가능,"40,500원",2026-05-06 11:34,2026-05-06
3002317,안산 어반브라운,스탠다드,가능,"25,000원",가능,"45,000원",2026-05-06 11:34,2026-05-06
3002317,안산 어반브라운,프리미엄-스타일러,가능,"30,000원",가능,"54,000원",2026-05-06 11:34,2026-05-06
3002317,안산 어반브라운,스위트-게이밍 커플 PC,가능,"35,000원",가능,"63,000원",2026-05-06 11:34,2026-05-06
3002317,안산 어반브라운,무한대실,가능,"50,000원",정보없음,-,2026-05-06 11:34,2026-05-06
1020056,일산 탄현 아늑호텔,도보전용,가능,"25,000원",가능,"43,000원",2026-05-06 11:34,2026-05-06
1020056,일산 탄현 아늑호텔,당일특가,가능,"30,000원",가능,"48,000원",2026-05-06 11:34,2026-05-06
1020056,일산 탄현 아늑호텔,스탠다드,가능,"30,000원",가능,"53,000원",2026-05-06 11:34,2026-05-06
1020056,일산 탄현 아늑호텔,명상,가능,"35,000원",가능,"63,000원",2026-05-06 11:34,2026-05-06
1020056,일산 탄현 아늑호텔,뮤직,가능,"35,000원",가능,"63,000원",2026-05-06 11:34,2026-05-06
1020056,일산 탄현 아늑호텔,안마의자,가능,"40,000원",가능,"73,000원",2026-05-06 11:34,2026-05-06
1020056,일산 탄현 아늑호텔,닌텐도 판타지,가능,"40,000원",가능,"73,000원",2026-05-06 11:34,2026-05-06
1020056,일산 탄현 아늑호텔,비즈니스 판타지,가능,"40,000원",가능,"73,000원",2026-05-06 11:34,2026-05-06
1020056,일산 탄현 아늑호텔,2PC,가능,"45,000원",가능,"83,000원",2026-05-06 11:34,2026-05-06
1020056,일산 탄현 아늑호텔,무비 스위트,가능,"50,000원",가능,"93,000원",2026-05-06 11:34,2026-05-06
1020056,일산 탄현 아늑호텔,파티 룸,가능,"60,000원",가능,"113,000원",2026-05-06 11:34,2026-05-06
1020056,일산 탄현 아늑호텔,골프,가능,"45,000원",마감,-,2026-05-06 11:34,2026-05-06
1020056,일산 탄현 아늑호텔,무한대실,가능,"55,000원",정보없음,-,2026-05-06 11:34,2026-05-06
1020056,일산 탄현 아늑호텔,올데이 25h 스테이룸,정보없음,-,마감,-,2026-05-06 11:34,2026-05-06
1020056,일산 탄현 아늑호텔,야간대실 02시까지,불가,-,정보없음,-,2026-05-06 11:34,2026-05-06
26185,일산(탄현) 니꼬,일반실,가능,"30,000원",가능,"60,000원",2026-05-06 11:34,2026-05-06
26185,일산(탄현) 니꼬,디럭스 트윈,가능,"30,000원",가능,"70,000원",2026-05-06 11:34,2026-05-06
26185,일산(탄현) 니꼬,커플PC,가능,"35,000원",가능,"70,000원",2026-05-06 11:34,2026-05-06
26185,일산(탄현) 니꼬,플렉스룸,가능,"40,000원",가능,"70,000원",2026-05-06 11:34,2026-05-06
26185,일산(탄현) 니꼬,힐링룸,가능,"40,000원",가능,"80,000원",2026-05-06 11:34,2026-05-06
26185,일산(탄현) 니꼬,일반실 - 늦은퇴실,정보없음,-,가능,"80,000원",2026-05-06 11:34,2026-05-06
26185,일산(탄현) 니꼬,일반실 - 빠른입실,정보없음,-,가능,"80,000원",2026-05-06 11:34,2026-05-06
3017609,일산(탄현) 사이버21,6호실,불가,-,가능,"50,000원",2026-05-06 11:34,2026-05-06
3017609,일산(탄현) 사이버21,5호실,불가,-,가능,"55,000원",2026-05-06 11:34,2026-05-06
3017609,일산(탄현) 사이버21,7호실,불가,-,가능,"60,000원",2026-05-06 11:34,2026-05-06
3017609,일산(탄현) 사이버21,2호실,불가,-,가능,"60,000원",2026-05-06 11:34,2026-05-06
3017609,일산(탄현) 사이버21,1호실,불가,-,가능,"60,000원",2026-05-06 11:34,2026-05-06
3017609,일산(탄현) 사이버21,특실3호,불가,-,가능,"70,000원",2026-05-06 11:34,2026-05-06
27858,일산(탄현) 캐리,일반실 A,가능,"30,000원",가능,"45,000원",2026-05-06 11:34,2026-05-06
27858,일산(탄현) 캐리,일반실 - 금연객실,가능,"30,500원",가능,"45,500원",2026-05-06 11:34,2026-05-06
27858,일산(탄현) 캐리,특실,가능,"35,000원",가능,"55,000원",2026-05-06 11:34,2026-05-06
27858,일산(탄현) 캐리,특실 - 금연객실,가능,"35,500원",가능,"55,500원",2026-05-06 11:34,2026-05-06
27858,일산(탄현) 캐리,트윈,가능,"35,000원",가능,"60,000원",2026-05-06 11:34,2026-05-06
27858,일산(탄현) 캐리,얼리체크인-빠른입실,정보없음,-,가능,"65,000원",2026-05-06 11:34,2026-05-06
27858,일산(탄현) 캐리,레이트체크아웃,정보없음,-,가능,"65,000원",2026-05-06 11:34,2026-05-06
27858,일산(탄현) 캐리,커플pc룸,가능,"40,000원",가능,"70,000원",2026-05-06 11:34,2026-05-06
27858,일산(탄현) 캐리,숏타임 대실 - 객실랜덤배정,가능,"25,000원",정보없음,-,2026-05-06 11:34,2026-05-06
27858,일산(탄현) 캐리,일반실 B,가능,"35,000원",정보없음,-,2026-05-06 11:34,2026-05-06
27858,일산(탄현) 캐리,무한대실,가능,"50,000원",정보없음,-,2026-05-06 11:34,2026-05-06
25669,파주 아늑 료칸 호텔,도보특가,가능,"25,000원",가능,"40,000원",2026-05-06 11:34,2026-05-06
25669,파주 아늑 료칸 호텔,당일특가,가능,"30,000원",가능,"50,000원",2026-05-06 11:34,2026-05-06
25669,파주 아늑 료칸 호텔,다도+아로마 l 스탠다드 A,가능,"30,000원",가능,"50,000원",2026-05-06 11:34,2026-05-06
25669,파주 아늑 료칸 호텔,다도+아로마+반신욕조 l 스탠다드 B,가능,"30,000원",가능,"55,000원",2026-05-06 11:34,2026-05-06
25669,파주 아늑 료칸 호텔,다도+아로마+반신 욕조 l 디럭스 A,가능,"40,000원",가능,"60,000원",2026-05-06 11:34,2026-05-06
25669,파주 아늑 료칸 호텔,올데이 25h 스테이룸,정보없음,-,가능,"60,000원",2026-05-06 11:34,2026-05-06
25669,파주 아늑 료칸 호텔,2PC+다도+아로마 l 2PC 디럭스,가능,"40,000원",가능,"70,000원",2026-05-06 11:34,2026-05-06
25669,파주 아늑 료칸 호텔,펫 스텝+케어 PKG l 펫 프렌들리,가능,"55,000원",가능,"80,000원",2026-05-06 11:34,2026-05-06
25669,파주 아늑 료칸 호텔,지하벙커 시리즈 I 시티팝 LP+코믹북+다다미 l 다다미 스탠다드,가능,"60,000원",가능,"90,000원",2026-05-06 11:34,2026-05-06
25669,파주 아늑 료칸 호텔,히노끼 스파+에어드레서 l 히노끼 비즈니스,가능,"60,000원",가능,"105,000원",2026-05-06 11:34,2026-05-06
25669,파주 아늑 료칸 호텔,히노끼 스파+다도 l 히노끼 디럭스,가능,"60,000원",가능,"105,000원",2026-05-06 11:34,2026-05-06
25669,파주 아늑 료칸 호텔,지하벙커 시리즈 I 다이닝 테이블+시티팝LP+코믹북 l 디럭스 B,가능,"60,000원",가능,"110,000원",2026-05-06 11:34,2026-05-06
25669,파주 아늑 료칸 호텔,지하벙커 시리즈 I 세라젬 베드+히노끼 스파 l 히노끼 마사지,가능,"70,000원",가능,"115,000원",2026-05-06 11:34,2026-05-06
25669,파주 아늑 료칸 호텔,건식 사우나+히노끼 스파 l 히노끼 스위트,가능,"70,000원",가능,"120,000원",2026-05-06 11:34,2026-05-06
25669,파주 아늑 료칸 호텔,지하벙커시리즈 I 다이닝테이블+시티팝LP+코믹북+다다미 l 다다미스위트,가능,"80,000원",가능,"150,000원",2026-05-06 11:34,2026-05-06
25669,파주 아늑 료칸 호텔,지하벙커시리즈 I 별채탕 - 객실 외 독립공간 2인 PKG,정보없음,-,가능,"180,000원",2026-05-06 11:34,2026-05-06
25669,파주 아늑 료칸 호텔,지하벙커시리즈 I 별채탕 - 객실 외 독립공간 4인 PKG,정보없음,-,가능,"250,000원",2026-05-06 11:34,2026-05-06
25669,파주 아늑 료칸 호텔,다도+아로마 l 트윈,가능,"40,000원",마감,-,2026-05-06 11:34,2026-05-06
25669,파주 아늑 료칸 호텔,무한대실,가능,"55,000원",정보없음,-,2026-05-06 11:34,2026-05-06
3018485,파주 금촌 구구호텔,벙커,정보없음,-,가능,"43,200원",2026-05-06 11:34,2026-05-06
3018485,파주 금촌 구구호텔,선착순도보특가,가능,"18,000원",가능,"45,000원",2026-05-06 11:34,2026-05-06
3018485,파주 금촌 구구호텔,스탠다드,가능,"22,500원",가능,"49,500원",2026-05-06 11:34,2026-05-06
3018485,파주 금촌 구구호텔,디럭스,불가,-,가능,"54,000원",2026-05-06 11:34,2026-05-06
3018485,파주 금촌 구구호텔,테라스,가능,"27,000원",가능,"58,500원",2026-05-06 11:34,2026-05-06
3018485,파주 금촌 구구호텔,얼리체크인,정보없음,-,가능,"61,200원",2026-05-06 11:34,2026-05-06
3018485,파주 금촌 구구호텔,디럭스 트윈,정보없음,-,가능,"67,500원",2026-05-06 11:34,2026-05-06
3018485,파주 금촌 구구호텔,무한대실,가능,"52,000원",정보없음,-,2026-05-06 11:34,2026-05-06
3018485,파주 금촌 구구호텔,야간대실,불가,-,정보없음,-,2026-05-06 11:34,2026-05-06
1000114352,파주 브라운도트 파주금촌점,디럭스더블 도보전용,가능,"22,000원",가능,"57,000원",2026-05-06 11:34,2026-05-06
1000114352,파주 브라운도트 파주금촌점,디럭스 더블 1PC,가능,"27,000원",가능,"62,000원",2026-05-06 11:34,2026-05-06
1000114352,파주 브라운도트 파주금촌점,프리미엄,가능,"32,000원",가능,"67,000원",2026-05-06 11:34,2026-05-06
1000114352,파주 브라운도트 파주금촌점,디럭스 트윈 1PC,가능,"37,000원",가능,"72,000원",2026-05-06 11:34,2026-05-06
1000114352,파주 브라운도트 파주금촌점,연박전용,정보없음,-,가능,"72,000원",2026-05-06 11:34,2026-05-06
1000114352,파주 브라운도트 파주금촌점,디럭스 더블 2PC 커플 게임룸,가능,"37,000원",가능,"77,000원",2026-05-06 11:34,2026-05-06
1000114352,파주 브라운도트 파주금촌점,주니어 스위트 노래방,가능,"42,000원",가능,"82,000원",2026-05-06 11:34,2026-05-06
1000114352,파주 브라운도트 파주금촌점,주니어 스위트 4PC 게임룸,불가,-,가능,"92,000원",2026-05-06 11:34,2026-05-06
1000114352,파주 브라운도트 파주금촌점,얼리체크인 - 디럭스 더블 2PC 커플 게임룸,정보없음,-,가능,"97,000원",2026-05-06 11:34,2026-05-06
1000114352,파주 브라운도트 파주금촌점,스위트,가능,"57,000원",가능,"127,000원",2026-05-06 11:34,2026-05-06
1000114352,파주 브라운도트 파주금촌점,얼리체크인 - 주니어 스위트 4PC 게임룸,정보없음,-,마감,-,2026-05-06 11:34,2026-05-06
3010541,파주 YAM 얌 호텔 파주금촌점,1층스탠다드/차량이용불가,가능,"18,000원",가능,"36,000원",2026-05-06 11:34,2026-05-06
3010541,파주 YAM 얌 호텔 파주금촌점,스탠다드,가능,"22,500원",가능,"40,500원",2026-05-06 11:34,2026-05-06
3010541,파주 YAM 얌 호텔 파주금촌점,2PC 게이밍룸 RTX3060 탑재,가능,"27,000원",가능,"54,000원",2026-05-06 11:34,2026-05-06
3010541,파주 YAM 얌 호텔 파주금촌점,얼리 체크인,정보없음,-,가능,"63,000원",2026-05-06 11:34,2026-05-06
3010541,파주 YAM 얌 호텔 파주금촌점,레이트 체크아웃,정보없음,-,가능,"63,000원",2026-05-06 11:34,2026-05-06
3010541,파주 YAM 얌 호텔 파주금촌점,무한대실,가능,"36,000원",정보없음,-,2026-05-06 11:34,2026-05-06
25466,동탄 심작 호텔 by 아늑,오픈특가,가능,"30,000원",가능,"70,000원",2026-05-06 11:35,2026-05-06
25466,동탄 심작 호텔 by 아늑,스탠다드,가능,"35,000원",가능,"70,000원",2026-05-06 11:35,2026-05-06
25466,동탄 심작 호텔 by 아늑,뮤직,가능,"35,000원",가능,"75,000원",2026-05-06 11:35,2026-05-06
25466,동탄 심작 호텔 by 아늑,비즈니스,가능,"40,000원",가능,"80,000원",2026-05-06 11:35,2026-05-06
25466,동탄 심작 호텔 by 아늑,야심작패키지,정보없음,-,가능,"80,000원",2026-05-06 11:35,2026-05-06
25466,동탄 심작 호텔 by 아늑,별다방패키지,정보없음,-,가능,"80,000원",2026-05-06 11:35,2026-05-06
25466,동탄 심작 호텔 by 아늑,1PC,가능,"40,000원",가능,"90,000원",2026-05-06 11:35,2026-05-06
25466,동탄 심작 호텔 by 아늑,트윈 2PC 룸,가능,"50,000원",가능,"100,000원",2026-05-06 11:35,2026-05-06
25466,동탄 심작 호텔 by 아늑,스파룸,가능,"50,000원",가능,"100,000원",2026-05-06 11:35,2026-05-06
25466,동탄 심작 호텔 by 아늑,파티룸,가능,"50,000원",가능,"100,000원",2026-05-06 11:35,2026-05-06
25466,동탄 심작 호텔 by 아늑,무비룸,가능,"50,000원",가능,"100,000원",2026-05-06 11:35,2026-05-06
25466,동탄 심작 호텔 by 아늑,시그니처 무비-파티,가능,"70,000원",가능,"140,000원",2026-05-06 11:35,2026-05-06
25466,동탄 심작 호텔 by 아늑,시그니처 파티,가능,"70,000원",가능,"150,000원",2026-05-06 11:35,2026-05-06
25466,동탄 심작 호텔 by 아늑,시그니처 무비,가능,"70,000원",가능,"150,000원",2026-05-06 11:35,2026-05-06
25466,동탄 심작 호텔 by 아늑,무한대실,가능,"60,000원",정보없음,-,2026-05-06 11:35,2026-05-06
25466,동탄 심작 호텔 by 아늑,케어 룸,불가,-,마감,-,2026-05-06 11:35,2026-05-06
3016671,동탄 JS 부티크 호텔,도보특가,가능,"30,000원",가능,"60,000원",2026-05-06 11:35,2026-05-06
3016671,동탄 JS 부티크 호텔,스탠다드 - 흡연,가능,"35,000원",가능,"65,000원",2026-05-06 11:35,2026-05-06
3016671,동탄 JS 부티크 호텔,스탠다드,가능,"35,000원",가능,"65,000원",2026-05-06 11:35,2026-05-06
3016671,동탄 JS 부티크 호텔,디럭스,가능,"40,000원",가능,"75,000원",2026-05-06 11:35,2026-05-06
3016671,동탄 JS 부티크 호텔,스탠다드 트윈,정보없음,-,가능,"75,000원",2026-05-06 11:35,2026-05-06
3016671,동탄 JS 부티크 호텔,디럭스 트윈,정보없음,-,가능,"75,000원",2026-05-06 11:35,2026-05-06
3016671,동탄 JS 부티크 호텔,디럭스 - 흡연,정보없음,-,가능,"75,000원",2026-05-06 11:35,2026-05-06
3016671,동탄 JS 부티크 호텔,듀플렉스,가능,"55,000원",가능,"90,000원",2026-05-06 11:35,2026-05-06
3016671,동탄 JS 부티크 호텔,디럭스 트리플,정보없음,-,가능,"100,000원",2026-05-06 11:35,2026-05-06
3016671,동탄 JS 부티크 호텔,가든,정보없음,-,가능,"130,000원",2026-05-06 11:35,2026-05-06
3016671,동탄 JS 부티크 호텔,펜트하우스,정보없음,-,가능,"200,000원",2026-05-06 11:35,2026-05-06
3016671,동탄 JS 부티크 호텔,슈페리어,정보없음,-,마감,-,2026-05-06 11:35,2026-05-06
3016671,동탄 JS 부티크 호텔,Late Check out,정보없음,-,마감,-,2026-05-06 11:35,2026-05-06
3016671,동탄 JS 부티크 호텔,Early Check in,정보없음,-,마감,-,2026-05-06 11:35,2026-05-06
1000105893,화성 씨플러스 레지던스,-,파싱실패,-,파싱실패,-,2026-05-06 11:35,2026-05-06
26279,동탄 3S호텔(BIZ) 동탄점,STANDARD - 스탠다드,가능,"27,000원",가능,"54,000원",2026-05-06 11:35,2026-05-06
26279,동탄 3S호텔(BIZ) 동탄점,CHERISH - 체리시 미러,가능,"31,500원",가능,"58,500원",2026-05-06 11:35,2026-05-06
26279,동탄 3S호텔(BIZ) 동탄점,BUSINESS TWIN - 트윈,정보없음,-,가능,"63,000원",2026-05-06 11:35,2026-05-06
26279,동탄 3S호텔(BIZ) 동탄점,DELUXE - 디럭스,가능,"31,500원",가능,"67,500원",2026-05-06 11:35,2026-05-06
26279,동탄 3S호텔(BIZ) 동탄점,THERAPY - 테라피,가능,"36,000원",가능,"67,500원",2026-05-06 11:35,2026-05-06
26279,동탄 3S호텔(BIZ) 동탄점,HANOK - 한옥,가능,"36,000원",가능,"72,000원",2026-05-06 11:35,2026-05-06
26279,동탄 3S호텔(BIZ) 동탄점,TWIN 2PC - 트윈 2PC,가능,"42,000원",가능,"72,000원",2026-05-06 11:35,2026-05-06
26279,동탄 3S호텔(BIZ) 동탄점,BILLIARDS ROOM,정보없음,-,가능,"72,000원",2026-05-06 11:35,2026-05-06
26279,동탄 3S호텔(BIZ) 동탄점,CINEMA - 시네마룸,가능,"42,000원",가능,"76,500원",2026-05-06 11:35,2026-05-06
26279,동탄 3S호텔(BIZ) 동탄점,HIGHEND - 하이엔드,가능,"42,000원",가능,"81,000원",2026-05-06 11:35,2026-05-06
26279,동탄 3S호텔(BIZ) 동탄점,CHARGE - 전기차충전,가능,"57,000원",가능,"81,000원",2026-05-06 11:35,2026-05-06
26279,동탄 3S호텔(BIZ) 동탄점,원데이 STAY - 객실랜덤제공,정보없음,-,가능,"81,000원",2026-05-06 11:35,2026-05-06
26279,동탄 3S호텔(BIZ) 동탄점,TERRACE - 테라스,가능,"57,000원",가능,"105,000원",2026-05-06 11:35,2026-05-06
26279,동탄 3S호텔(BIZ) 동탄점,POOL - 수영장,가능,"67,000원",가능,"125,000원",2026-05-06 11:35,2026-05-06
26279,동탄 3S호텔(BIZ) 동탄점,VIP DYSON - 다이슨 풀 패키지,가능,"87,000원",가능,"175,000원",2026-05-06 11:35,2026-05-06
26279,동탄 3S호텔(BIZ) 동탄점,롱타임 STAY - 객실랜덤제공,가능,"67,000원",정보없음,-,2026-05-06 11:35,2026-05-06
26279,동탄 3S호텔(BIZ) 동탄점,3S SPRECIAL - 3S특가,불가,-,마감,-,2026-05-06 11:35,2026-05-06
10043376,인천(부평) 아늑호텔,도보특가,가능,"17,000원",가능,"33,000원",2026-05-06 11:35,2026-05-06
10043376,인천(부평) 아늑호텔,스탠다드,가능,"22,000원",가능,"38,000원",2026-05-06 11:35,2026-05-06
10043376,인천(부평) 아늑호텔,RTX 3070 2PC룸,가능,"27,000원",가능,"45,000원",2026-05-06 11:35,2026-05-06
10043376,인천(부평) 아늑호텔,기프티콘 PKG 1,정보없음,-,가능,"45,000원",2026-05-06 11:35,2026-05-06
10043376,인천(부평) 아늑호텔,목...터진다 무한열창 노래방룸,불가,-,가능,"45,000원",2026-05-06 11:35,2026-05-06
10043376,인천(부평) 아늑호텔,무비,가능,"32,000원",가능,"50,000원",2026-05-06 11:35,2026-05-06
10043376,인천(부평) 아늑호텔,스파,가능,"32,000원",가능,"50,000원",2026-05-06 11:35,2026-05-06
10043376,인천(부평) 아늑호텔,RTX 5060 슈퍼 고사양 2PC,불가,-,가능,"50,000원",2026-05-06 11:35,2026-05-06
10043376,인천(부평) 아늑호텔,늦은퇴실,불가,-,가능,"55,000원",2026-05-06 11:35,2026-05-06
10043376,인천(부평) 아늑호텔,Z스파&마사지,정보없음,-,가능,"60,000원",2026-05-06 11:35,2026-05-06
10043376,인천(부평) 아늑호텔,Z스파&무비,정보없음,-,가능,"60,000원",2026-05-06 11:35,2026-05-06
10043376,인천(부평) 아늑호텔,Z스파-연승가즈아 프리미엄 게이밍 PC룸,정보없음,-,가능,"60,000원",2026-05-06 11:35,2026-05-06
10043376,인천(부평) 아늑호텔,파티 트윈,불가,-,가능,"65,000원",2026-05-06 11:35,2026-05-06
10043376,인천(부평) 아늑호텔,Z스파&트윈,정보없음,-,가능,"70,000원",2026-05-06 11:35,2026-05-06
10043376,인천(부평) 아늑호텔,올데이 25시간 놀자,정보없음,-,가능,"110,000원",2026-05-06 11:35,2026-05-06
10043376,인천(부평) 아늑호텔,무한대실 8시간 놀자,가능,"37,000원",정보없음,-,2026-05-06 11:35,2026-05-06
10043376,인천(부평) 아늑호텔,딥슬립 룸,불가,-,마감,-,2026-05-06 11:35,2026-05-06
10043376,인천(부평) 아늑호텔,스크린+수제맥주 PKG,정보없음,-,마감,-,2026-05-06 11:35,2026-05-06
1000109030,인천(부평) 테이크원,Standard 1층 도보특가,정보없음,-,가능,"35,000원",2026-05-06 11:35,2026-05-06
1000109030,인천(부평) 테이크원,Standard,가능,"20,000원",가능,"40,000원",2026-05-06 11:35,2026-05-06
1000109030,인천(부평) 테이크원,Delux,가능,"30,000원",가능,"50,000원",2026-05-06 11:35,2026-05-06
1000109030,인천(부평) 테이크원,Delux 스타일러,정보없음,-,가능,"55,000원",2026-05-06 11:35,2026-05-06
1000109030,인천(부평) 테이크원,Delux 욕조,정보없음,-,가능,"55,000원",2026-05-06 11:35,2026-05-06
1000109030,인천(부평) 테이크원,트윈배드,정보없음,-,가능,"60,000원",2026-05-06 11:35,2026-05-06
1000109030,인천(부평) 테이크원,Party VIP,정보없음,-,가능,"150,000원",2026-05-06 11:35,2026-05-06
10045390,인천(부평) 갤러리아 호텔,"갤러리아-랜덤배정 1pc,65인치 TV,무료주차",가능,"24,000원",가능,"36,000원",2026-05-06 11:35,2026-05-06
10045390,인천(부평) 갤러리아 호텔,"디럭스 커플 PC - 원베드 65인치 TV,무료주차",정보없음,-,가능,"38,000원",2026-05-06 11:35,2026-05-06
10045390,인천(부평) 갤러리아 호텔,"스위트 안마기-65인치 TV,무료주차",정보없음,-,가능,"38,000원",2026-05-06 11:35,2026-05-06
10045390,인천(부평) 갤러리아 호텔,"디럭스 - 65인치 TV,무료주차",정보없음,-,가능,"38,000원",2026-05-06 11:35,2026-05-06
10045390,인천(부평) 갤러리아 호텔,"디럭스 커플pc 트윈-65인치 TV,무료주차",정보없음,-,가능,"48,000원",2026-05-06 11:35,2026-05-06
10045390,인천(부평) 갤러리아 호텔,"빠른 입실-랜덤배정,무료주차",정보없음,-,가능,"53,000원",2026-05-06 11:35,2026-05-06
10045390,인천(부평) 갤러리아 호텔,"고사양 커플PC 트윈베드룸-65인치TV,라이젠7500,32GB,5070",정보없음,-,가능,"53,000원",2026-05-06 11:35,2026-05-06
10045390,인천(부평) 갤러리아 호텔,"VIP 금연-65인치 TV,무료주차",정보없음,-,가능,"53,000원",2026-05-06 11:35,2026-05-06
10045390,인천(부평) 갤러리아 호텔,"VIP -75인치 TV,무료주차",정보없음,-,가능,"58,000원",2026-05-06 11:35,2026-05-06
10045390,인천(부평) 갤러리아 호텔,"VIP-트윈베드룸 고사양 2PC,75인치 TV,무료주차",정보없음,-,가능,"68,000원",2026-05-06 11:35,2026-05-06
100452,인천(부평) 델루나 호텔,도보특가 - 객실랜덤배정,가능,"19,800원",가능,"36,000원",2026-05-06 11:35,2026-05-06
100452,인천(부평) 델루나 호텔,타임특가,가능,"18,000원",가능,"38,000원",2026-05-06 11:35,2026-05-06
100452,인천(부평) 델루나 호텔,방 넓은 욕조 예쁜 룸,가능,"22,500원",가능,"48,000원",2026-05-06 11:35,2026-05-06
100452,인천(부평) 델루나 호텔,화장실 넓은 욕조 편한룸,가능,"22,500원",가능,"48,000원",2026-05-06 11:35,2026-05-06
100452,인천(부평) 델루나 호텔,"에어드레서,욕조 예쁜룸",가능,"22,500원",가능,"48,000원",2026-05-06 11:35,2026-05-06
100452,인천(부평) 델루나 호텔,커플 PC,가능,"27,000원",가능,"48,000원",2026-05-06 11:35,2026-05-06
100452,인천(부평) 델루나 호텔,랜덤특가,가능,"29,700원",가능,"56,000원",2026-05-06 11:35,2026-05-06
100452,인천(부평) 델루나 호텔,레이트 체크아웃,정보없음,-,가능,"56,000원",2026-05-06 11:35,2026-05-06
100452,인천(부평) 델루나 호텔,"대형TV,대형욕조,소파룸",가능,"27,000원",가능,"61,000원",2026-05-06 11:35,2026-05-06
100452,인천(부평) 델루나 호텔,파티룸 트윈베드,가능,"43,000원",가능,"68,000원",2026-05-06 11:35,2026-05-06
100452,인천(부평) 델루나 호텔,무한대실&객실업,가능,"41,000원",정보없음,-,2026-05-06 11:35,2026-05-06
1000110730,인천(송도) 아늑호텔,도보특가 - 연박예약 불가,가능,"19,000원",가능,"33,000원",2026-05-06 11:35,2026-05-06
1000110730,인천(송도) 아늑호텔,당일특가,가능,"24,000원",가능,"38,000원",2026-05-06 11:35,2026-05-06
1000110730,인천(송도) 아늑호텔,요가,가능,"27,000원",가능,"45,000원",2026-05-06 11:35,2026-05-06
1000110730,인천(송도) 아늑호텔,비즈니스,가능,"27,000원",가능,"45,000원",2026-05-06 11:35,2026-05-06
1000110730,인천(송도) 아늑호텔,메이크업,가능,"27,000원",가능,"45,000원",2026-05-06 11:35,2026-05-06
1000110730,인천(송도) 아늑호텔,북&뮤직,가능,"27,000원",가능,"50,000원",2026-05-06 11:35,2026-05-06
1000110730,인천(송도) 아늑호텔,플레이스테이션,불가,-,가능,"50,000원",2026-05-06 11:35,2026-05-06
1000110730,인천(송도) 아늑호텔,닌텐도,불가,-,가능,"50,000원",2026-05-06 11:35,2026-05-06
1000110730,인천(송도) 아늑호텔,안마의자,불가,-,가능,"50,000원",2026-05-06 11:35,2026-05-06
1000110730,인천(송도) 아늑호텔,싱글 트윈,불가,-,가능,"50,000원",2026-05-06 11:35,2026-05-06
1000110730,인천(송도) 아늑호텔,다이닝&스파,가능,"32,000원",가능,"60,000원",2026-05-06 11:35,2026-05-06
1000110730,인천(송도) 아늑호텔,와인&북,가능,"42,000원",가능,"80,000원",2026-05-06 11:35,2026-05-06
1000110730,인천(송도) 아늑호텔,무비&스파,불가,-,가능,"90,000원",2026-05-06 11:35,2026-05-06
1000110730,인천(송도) 아늑호텔,Infinity Dayuse - 무한대실,가능,"47,000원",정보없음,-,2026-05-06 11:35,2026-05-06
1000110730,인천(송도) 아늑호텔,뮤직,불가,-,마감,-,2026-05-06 11:35,2026-05-06
1000110730,인천(송도) 아늑호텔,2PC,불가,-,마감,-,2026-05-06 11:35,2026-05-06
1000110730,인천(송도) 아늑호텔,골프&1PC,불가,-,마감,-,2026-05-06 11:35,2026-05-06
1000110730,인천(송도) 아늑호텔,늦은퇴실,정보없음,-,마감,-,2026-05-06 11:35,2026-05-06
1000110730,인천(송도) 아늑호텔,빠른입실,정보없음,-,마감,-,2026-05-06 11:35,2026-05-06
10062153,인천(송도) 호텔 아주르,도보특가,가능,"20,000원",가능,"40,000원",2026-05-06 11:36,2026-05-06
10062153,인천(송도) 호텔 아주르,당일특가,가능,"22,000원",가능,"42,000원",2026-05-06 11:36,2026-05-06
10062153,인천(송도) 호텔 아주르,디럭스,가능,"25,000원",가능,"44,000원",2026-05-06 11:36,2026-05-06
10062153,인천(송도) 호텔 아주르,프리미엄,불가,-,가능,"46,000원",2026-05-06 11:36,2026-05-06
10062153,인천(송도) 호텔 아주르,프리미엄 펫룸,가능,"32,000원",가능,"60,000원",2026-05-06 11:36,2026-05-06
10062153,인천(송도) 호텔 아주르,늦은퇴실,가능,"32,000원",가능,"60,000원",2026-05-06 11:36,2026-05-06
10062153,인천(송도) 호텔 아주르,숲속 다락방,불가,-,마감,-,2026-05-06 11:36,2026-05-06
1013749,인천(송도) 소풍,일반실,가능,"20,000원",가능,"35,000원",2026-05-06 11:36,2026-05-06
1013749,인천(송도) 소풍,미러룸,가능,"25,000원",가능,"45,000원",2026-05-06 11:36,2026-05-06
1013749,인천(송도) 소풍,게이밍 커플PC룸,가능,"30,000원",가능,"50,000원",2026-05-06 11:36,2026-05-06
1013749,인천(송도) 소풍,트윈,가능,"30,000원",가능,"50,000원",2026-05-06 11:36,2026-05-06
1013749,인천(송도) 소풍,특실,가능,"30,000원",가능,"50,000원",2026-05-06 11:36,2026-05-06
10046590,인천(송도) 더설레임 호텔 연수구 인천공항점,도보특가,가능,"17,000원",가능,"39,000원",2026-05-06 11:36,2026-05-06
10046590,인천(송도) 더설레임 호텔 연수구 인천공항점,스타일러,불가,-,가능,"41,000원",2026-05-06 11:36,2026-05-06
10046590,인천(송도) 더설레임 호텔 연수구 인천공항점,안마의자,불가,-,가능,"42,000원",2026-05-06 11:36,2026-05-06
10046590,인천(송도) 더설레임 호텔 연수구 인천공항점,안마의자 빠른입실,정보없음,-,가능,"59,000원",2026-05-06 11:36,2026-05-06
10046590,인천(송도) 더설레임 호텔 연수구 인천공항점,잠꾸러기늦은퇴실,정보없음,-,가능,"61,000원",2026-05-06 11:36,2026-05-06
10046590,인천(송도) 더설레임 호텔 연수구 인천공항점,스타일러 빠른입실,정보없음,-,가능,"61,000원",2026-05-06 11:36,2026-05-06
10046590,인천(송도) 더설레임 호텔 연수구 인천공항점,트윈,불가,-,가능,"102,000원",2026-05-06 11:36,2026-05-06
10046590,인천(송도) 더설레임 호텔 연수구 인천공항점,트윈 빠른입실,정보없음,-,가능,"112,000원",2026-05-06 11:36,2026-05-06
10046590,인천(송도) 더설레임 호텔 연수구 인천공항점,무한대실 도보전용,가능,"22,000원",정보없음,-,2026-05-06 11:36,2026-05-06
10046590,인천(송도) 더설레임 호텔 연수구 인천공항점,무한대실,가능,"29,000원",정보없음,-,2026-05-06 11:36,2026-05-06
10046590,인천(송도) 더설레임 호텔 연수구 인천공항점,저녁 대실 - 도보전용,불가,-,정보없음,-,2026-05-06 11:36,2026-05-06
10046590,인천(송도) 더설레임 호텔 연수구 인천공항점,전날새벽입실,정보없음,-,마감,-,2026-05-06 11:36,2026-05-06
10046590,인천(송도) 더설레임 호텔 연수구 인천공항점,오늘의특가 - 도보,정보없음,-,마감,-,2026-05-06 11:36,2026-05-06
10046590,인천(송도) 더설레임 호텔 연수구 인천공항점,오늘의 특가,정보없음,-,마감,-,2026-05-06 11:36,2026-05-06
10046590,인천(송도) 더설레임 호텔 연수구 인천공항점,저녁 대실,불가,-,정보없음,-,2026-05-06 11:36,2026-05-06
10046590,인천(송도) 더설레임 호텔 연수구 인천공항점,디럭스 빠른입실,정보없음,-,마감,-,2026-05-06 11:36,2026-05-06
10046590,인천(송도) 더설레임 호텔 연수구 인천공항점,낮 대실,불가,-,정보없음,-,2026-05-06 11:36,2026-05-06
10046590,인천(송도) 더설레임 호텔 연수구 인천공항점,디럭스,정보없음,-,마감,-,2026-05-06 11:36,2026-05-06
10053561,인천(구월동) 아늑 시그니처 호텔,도보특가,정보없음,-,가능,"89,000원",2026-05-06 11:36,2026-05-06
10053561,인천(구월동) 아늑 시그니처 호텔,스탠다드 퀸,불가,-,가능,"89,000원",2026-05-06 11:36,2026-05-06
10053561,인천(구월동) 아늑 시그니처 호텔,스탠다드 트윈,정보없음,-,가능,"94,000원",2026-05-06 11:36,2026-05-06
10053561,인천(구월동) 아늑 시그니처 호텔,디럭스 패밀리,정보없음,-,가능,"109,000원",2026-05-06 11:36,2026-05-06
10053561,인천(구월동) 아늑 시그니처 호텔,디럭스 트리플,정보없음,-,가능,"114,000원",2026-05-06 11:36,2026-05-06
10053561,인천(구월동) 아늑 시그니처 호텔,주니어 스위트 트윈,정보없음,-,가능,"139,000원",2026-05-06 11:36,2026-05-06
10053561,인천(구월동) 아늑 시그니처 호텔,프리미어 스위트,정보없음,-,가능,"205,000원",2026-05-06 11:36,2026-05-06
10053561,인천(구월동) 아늑 시그니처 호텔,스탠다드 킹,정보없음,-,마감,-,2026-05-06 11:36,2026-05-06
10053561,인천(구월동) 아늑 시그니처 호텔,주니어 스위트 더블,정보없음,-,마감,-,2026-05-06 11:36,2026-05-06
10053561,인천(구월동) 아늑 시그니처 호텔,12시간 스테이,불가,-,정보없음,-,2026-05-06 11:36,2026-05-06
26791,인천(구월동) 호텔 론도,오픈특가 - 객실랜덤배정,가능,"22,000원",가능,"47,000원",2026-05-06 11:36,2026-05-06
26791,인천(구월동) 호텔 론도,스탠다드,가능,"27,000원",가능,"55,000원",2026-05-06 11:36,2026-05-06
26791,인천(구월동) 호텔 론도,디럭스 워케이션,가능,"32,000원",가능,"65,000원",2026-05-06 11:36,2026-05-06
26791,인천(구월동) 호텔 론도,디럭스 플레이앤조이,가능,"37,000원",가능,"65,000원",2026-05-06 11:36,2026-05-06
26791,인천(구월동) 호텔 론도,디럭스 트윈,가능,"37,000원",가능,"70,000원",2026-05-06 11:36,2026-05-06
26791,인천(구월동) 호텔 론도,디럭스 PC,가능,"37,000원",가능,"70,000원",2026-05-06 11:36,2026-05-06
26791,인천(구월동) 호텔 론도,스위트 플레이앤조이,가능,"42,000원",가능,"75,000원",2026-05-06 11:36,2026-05-06
26791,인천(구월동) 호텔 론도,스위트,가능,"42,000원",가능,"75,000원",2026-05-06 11:36,2026-05-06
26791,인천(구월동) 호텔 론도,스위트 히노끼,불가,-,가능,"75,000원",2026-05-06 11:36,2026-05-06
26791,인천(구월동) 호텔 론도,레이트 체크아웃,불가,-,가능,"85,000원",2026-05-06 11:36,2026-05-06
26791,인천(구월동) 호텔 론도,얼리체크인,불가,-,가능,"85,000원",2026-05-06 11:36,2026-05-06
26791,인천(구월동) 호텔 론도,무한대실,가능,"47,000원",마감,-,2026-05-06 11:36,2026-05-06
25311,인천(구월동) 호텔 더 디자이너스,DELUXE DOUBLE,가능,"25,000원",가능,"45,000원",2026-05-06 11:36,2026-05-06
25311,인천(구월동) 호텔 더 디자이너스,BUSINESS TWIN / SINGLE & SINGLE,정보없음,-,가능,"45,000원",2026-05-06 11:36,2026-05-06
25311,인천(구월동) 호텔 더 디자이너스,1인 비즈니스 조식 PKG,불가,-,가능,"52,200원",2026-05-06 11:36,2026-05-06
25311,인천(구월동) 호텔 더 디자이너스,Nature Healing Room,가능,"27,000원",가능,"54,000원",2026-05-06 11:36,2026-05-06
25311,인천(구월동) 호텔 더 디자이너스,DELUXE TWIN/ DOUBLE & SINGLE,가능,"30,000원",가능,"54,000원",2026-05-06 11:36,2026-05-06
25311,인천(구월동) 호텔 더 디자이너스,레이트 체크아웃 17시 - DELUXE DOUBLE,불가,-,가능,"54,000원",2026-05-06 11:36,2026-05-06
25311,인천(구월동) 호텔 더 디자이너스,SUPERIOR SINGLE TRIPLE,정보없음,-,가능,"54,000원",2026-05-06 11:36,2026-05-06
25311,인천(구월동) 호텔 더 디자이너스,디럭스 프리미엄 뷔폐 조식 PKG,불가,-,가능,"59,400원",2026-05-06 11:36,2026-05-06
25311,인천(구월동) 호텔 더 디자이너스,ULTRA GAMING COUPLE PC,가능,"30,000원",가능,"63,000원",2026-05-06 11:36,2026-05-06
25311,인천(구월동) 호텔 더 디자이너스,디럭스 트윈 프리미엄 뷔폐 조식PKG 2인,가능,"30,000원",가능,"68,400원",2026-05-06 11:36,2026-05-06
25311,인천(구월동) 호텔 더 디자이너스,LUXURY PET/ 애견동반룸,가능,"40,000원",가능,"80,100원",2026-05-06 11:36,2026-05-06
25311,인천(구월동) 호텔 더 디자이너스,Corner Suite Double,가능,"35,000원",가능,"81,000원",2026-05-06 11:36,2026-05-06
25311,인천(구월동) 호텔 더 디자이너스,Premium Corner Suite Twin,불가,-,가능,"100,000원",2026-05-06 11:36,2026-05-06
25311,인천(구월동) 호텔 더 디자이너스,PREMIER LUXURY PET/애견동반,불가,-,가능,"139,000원",2026-05-06 11:36,2026-05-06
25311,인천(구월동) 호텔 더 디자이너스,Royal Suite - 브라이덜 샤워,가능,"120,000원",가능,"198,000원",2026-05-06 11:36,2026-05-06
25311,인천(구월동) 호텔 더 디자이너스,Royal Suite Luxurious,정보없음,-,가능,"198,000원",2026-05-06 11:36,2026-05-06
25311,인천(구월동) 호텔 더 디자이너스,Royal Suite Boardgame Room,정보없음,-,가능,"219,000원",2026-05-06 11:36,2026-05-06
25311,인천(구월동) 호텔 더 디자이너스,Royal Suite Jaccuzi Room,정보없음,-,가능,"219,000원",2026-05-06 11:36,2026-05-06
25311,인천(구월동) 호텔 더 디자이너스,Royal Suite Premier,정보없음,-,가능,"219,000원",2026-05-06 11:36,2026-05-06
25311,인천(구월동) 호텔 더 디자이너스,빠른 체크인 - DELUXE DOUBLE,가능,"25,000원",마감,-,2026-05-06 11:36,2026-05-06
25311,인천(구월동) 호텔 더 디자이너스,무한대실,가능,"30,000원",마감,-,2026-05-06 11:36,2026-05-06
25311,인천(구월동) 호텔 더 디자이너스,Corner Suite Twin,가능,"35,000원",마감,-,2026-05-06 11:36,2026-05-06
25311,인천(구월동) 호텔 더 디자이너스,프리미엄 레스트/ KING BED & 안마의자,불가,-,마감,-,2026-05-06 11:36,2026-05-06
25311,인천(구월동) 호텔 더 디자이너스,GAMING COUPLE PC,불가,-,마감,-,2026-05-06 11:36,2026-05-06
25311,인천(구월동) 호텔 더 디자이너스,Premium Corner Suite Double,불가,-,마감,-,2026-05-06 11:36,2026-05-06
25311,인천(구월동) 호텔 더 디자이너스,세라젬 v6 - deluxe double,불가,-,마감,-,2026-05-06 11:36,2026-05-06
25311,인천(구월동) 호텔 더 디자이너스,키즈풀빌라 - 로얄 스위트,정보없음,-,마감,-,2026-05-06 11:36,2026-05-06
25311,인천(구월동) 호텔 더 디자이너스,키즈풀빌라 - 디럭스 트윈,불가,-,마감,-,2026-05-06 11:36,2026-05-06
25311,인천(구월동) 호텔 더 디자이너스,디럭스 트윈 프리미엄 뷔폐 조식PKG 3인,불가,-,마감,-,2026-05-06 11:36,2026-05-06
3009573,인천(구월동) 아시아드반월호텔,Early 체크인,가능,"21,250원",가능,"36,000원",2026-05-06 11:36,2026-05-06
3009573,인천(구월동) 아시아드반월호텔,당일특가 도보전용,가능,"21,250원",가능,"36,000원",2026-05-06 11:36,2026-05-06
3009573,인천(구월동) 아시아드반월호텔,Standard,가능,"21,250원",가능,"36,000원",2026-05-06 11:36,2026-05-06
3009573,인천(구월동) 아시아드반월호텔,스탠다드 무한대실,가능,"34,000원",가능,"36,000원",2026-05-06 11:36,2026-05-06
3009573,인천(구월동) 아시아드반월호텔,럭셔리 무한대실,가능,"50,000원",가능,"46,750원",2026-05-06 11:36,2026-05-06
3009573,인천(구월동) 아시아드반월호텔,객실 업그레이드 - 100% 업그레이드,가능,"25,500원",가능,"51,000원",2026-05-06 11:36,2026-05-06
3009573,인천(구월동) 아시아드반월호텔,난 오늘 안마의자가 땡긴다 - 바디프렌드 안마의자,가능,"25,500원",가능,"51,000원",2026-05-06 11:36,2026-05-06
3009573,인천(구월동) 아시아드반월호텔,호캉스,가능,"25,500원",가능,"51,000원",2026-05-06 11:36,2026-05-06
3009573,인천(구월동) 아시아드반월호텔,Deluxe Twin,가능,"34,000원",가능,"59,500원",2026-05-06 11:36,2026-05-06
3009573,인천(구월동) 아시아드반월호텔,Deluxe Double,가능,"34,000원",가능,"59,500원",2026-05-06 11:36,2026-05-06
3009573,인천(구월동) 아시아드반월호텔,Late Check Out - 늦은퇴실,불가,-,가능,"59,500원",2026-05-06 11:36,2026-05-06
3009573,인천(구월동) 아시아드반월호텔,퍼스트클래스,가능,"50,000원",가능,"61,200원",2026-05-06 11:36,2026-05-06
3009573,인천(구월동) 아시아드반월호텔,패밀리 스위트 - 소중한 사람들과 함께,가능,"80,000원",가능,"143,000원",2026-05-06 11:36,2026-05-06
3009573,인천(구월동) 아시아드반월호텔,"프리미엄 스위트 - 연인, 친구와 함께 추억",가능,"80,000원",가능,"143,000원",2026-05-06 11:36,2026-05-06
3009573,인천(구월동) 아시아드반월호텔,갤럭시울트라 2pc,불가,-,마감,-,2026-05-06 11:36,2026-05-06
10039673,대전 소륜호텔 by 아늑 대전점,스탠다드,가능,"25,000원",가능,"45,000원",2026-05-06 11:36,2026-05-06
10039673,대전 소륜호텔 by 아늑 대전점,빠른 입실,정보없음,-,가능,"55,000원",2026-05-06 11:36,2026-05-06
10039673,대전 소륜호텔 by 아늑 대전점,늦은 퇴실,정보없음,-,가능,"65,000원",2026-05-06 11:36,2026-05-06
10039673,대전 소륜호텔 by 아늑 대전점,소륜 스위트 + 스타일러,불가,-,가능,"65,000원",2026-05-06 11:36,2026-05-06
10039673,대전 소륜호텔 by 아늑 대전점,소륜 스위트,불가,-,가능,"70,000원",2026-05-06 11:36,2026-05-06
10039673,대전 소륜호텔 by 아늑 대전점,스탠다드+무비룸 시청 PKG,불가,-,가능,"85,000원",2026-05-06 11:36,2026-05-06
10039673,대전 소륜호텔 by 아늑 대전점,무한대실,가능,"28,000원",정보없음,-,2026-05-06 11:36,2026-05-06
10039673,대전 소륜호텔 by 아늑 대전점,타임세일,정보없음,-,마감,-,2026-05-06 11:36,2026-05-06
1000109414,대전 호텔 어반브라운,"스탠다드-통합 OTT 넷플릭스, 애플,디즈니, 티빙, 왓챠",가능,"25,000원",가능,"65,000원",2026-05-06 11:36,2026-05-06
1000109414,대전 호텔 어반브라운,"스탠다드 3호-스타일러-통합 OTT 넷플릭스, 애플,디즈니, 티빙, 왓챠",가능,"28,000원",가능,"70,000원",2026-05-06 11:36,2026-05-06
1000109414,대전 호텔 어반브라운,"디럭스 2PC-통합 OTT 넷플릭스, 애플,디즈니, 티빙, 왓챠",가능,"30,000원",가능,"75,000원",2026-05-06 11:36,2026-05-06
1000109414,대전 호텔 어반브라운,"VIP 스위트 A-통합 OTT 넷플릭스, 애플,디즈니, 티빙, 왓챠",가능,"30,000원",가능,"75,000원",2026-05-06 11:36,2026-05-06
1000109414,대전 호텔 어반브라운,"VIP 스위트 B-통합 OTT 넷플릭스, 애플,디즈니, 티빙, 왓챠",가능,"30,000원",가능,"75,000원",2026-05-06 11:36,2026-05-06
1000109414,대전 호텔 어반브라운,"디럭스 트윈-통합 OTT 넷플릭스, 애플,디즈니, 티빙,왓챠",불가,-,가능,"75,000원",2026-05-06 11:36,2026-05-06
1000109414,대전 호텔 어반브라운,레이트 체크아웃,정보없음,-,가능,"85,000원",2026-05-06 11:36,2026-05-06
1000109414,대전 호텔 어반브라운,얼리 체크인,정보없음,-,가능,"85,000원",2026-05-06 11:36,2026-05-06
1000109414,대전 호텔 어반브라운,"무한대실-통합 OTT 넷플릭스, 애플,디즈니, 티빙, 왓챠",가능,"60,000원",정보없음,-,2026-05-06 11:36,2026-05-06
1000109414,대전 호텔 어반브라운,매주 일요일 선착순 특가,정보없음,-,마감,-,2026-05-06 11:36,2026-05-06
1000112963,대전 중리 호텔 라움,당일특가 랜덤배정-통합 OTT 6종,가능,"25,000원",가능,"60,000원",2026-05-06 11:37,2026-05-06
1000112963,대전 중리 호텔 라움,스위트 안마의자-통합 OTT 6종,정보없음,-,가능,"60,000원",2026-05-06 11:37,2026-05-06
1000112963,대전 중리 호텔 라움,스위트 스타일러-통합 OTT 6종,정보없음,-,가능,"60,000원",2026-05-06 11:37,2026-05-06
1000112963,대전 중리 호텔 라움,VIP A-통합 OTT 6종,정보없음,-,가능,"65,000원",2026-05-06 11:37,2026-05-06
1000112963,대전 중리 호텔 라움,디럭스 트윈B - 통합 OTT 6종,정보없음,-,가능,"65,000원",2026-05-06 11:37,2026-05-06
1000112963,대전 중리 호텔 라움,"늦은 퇴실- 입실 16시, 퇴실 16시-금,토 15시/통합 OTT 6종",정보없음,-,가능,"70,000원",2026-05-06 11:37,2026-05-06
1000112963,대전 중리 호텔 라움,"빠른입실- 입실 13시, 퇴실 13시통합 OTT 6종",정보없음,-,가능,"70,000원",2026-05-06 11:37,2026-05-06
1000112963,대전 중리 호텔 라움,트윈 통합 OTT 6종 / 스타일러or안마의자 랜덤배정,정보없음,-,가능,"70,000원",2026-05-06 11:37,2026-05-06
1000112963,대전 중리 호텔 라움,VIP B-통합 OTT 6종,가능,"30,000원",가능,"75,000원",2026-05-06 11:37,2026-05-06
25972,대전 중리 만월 호텔,일반실,불가,-,가능,"35,000원",2026-05-06 11:37,2026-05-06
25972,대전 중리 만월 호텔,툇마루룸,불가,-,가능,"45,000원",2026-05-06 11:37,2026-05-06
25972,대전 중리 만월 호텔,"빠른입실,늦은퇴실",정보없음,-,가능,"55,000원",2026-05-06 11:37,2026-05-06
25972,대전 중리 만월 호텔,특가룸 / 랜덤배정,정보없음,-,마감,-,2026-05-06 11:37,2026-05-06
25972,대전 중리 만월 호텔,특실 / 사우나,정보없음,-,마감,-,2026-05-06 11:37,2026-05-06
1000109417,대전 용전 노크인 호텔 by 아늑,타임특가,가능,"22,000원",가능,"42,000원",2026-05-06 11:37,2026-05-06
1000109417,대전 용전 노크인 호텔 by 아늑,스탠다드,가능,"27,000원",가능,"47,000원",2026-05-06 11:37,2026-05-06
1000109417,대전 용전 노크인 호텔 by 아늑,명상룸,가능,"27,000원",가능,"47,000원",2026-05-06 11:37,2026-05-06
1000109417,대전 용전 노크인 호텔 by 아늑,미러룸,가능,"27,000원",가능,"47,000원",2026-05-06 11:37,2026-05-06
1000109417,대전 용전 노크인 호텔 by 아늑,2PC룸,가능,"32,000원",가능,"57,000원",2026-05-06 11:37,2026-05-06
1000109417,대전 용전 노크인 호텔 by 아늑,비지니스 스타일러,가능,"32,000원",가능,"62,000원",2026-05-06 11:37,2026-05-06
1000109417,대전 용전 노크인 호텔 by 아늑,트윈 + 스타일러,가능,"37,000원",가능,"72,000원",2026-05-06 11:37,2026-05-06
1000109417,대전 용전 노크인 호텔 by 아늑,늦은퇴실,정보없음,-,가능,"77,000원",2026-05-06 11:37,2026-05-06
1000109417,대전 용전 노크인 호텔 by 아늑,빠른입실,정보없음,-,가능,"77,000원",2026-05-06 11:37,2026-05-06
1000109417,대전 용전 노크인 호텔 by 아늑,무한대실,가능,"42,000원",정보없음,-,2026-05-06 11:37,2026-05-06
1000109417,대전 용전 노크인 호텔 by 아늑,심야대실,불가,-,정보없음,-,2026-05-06 11:37,2026-05-06
1000109417,대전 용전 노크인 호텔 by 아늑,노크인 라운지,정보없음,-,마감,-,2026-05-06 11:37,2026-05-06
24916,대전 용전 엑스와이엠,타임특가,가능,"25,000원",가능,"40,000원",2026-05-06 11:37,2026-05-06
24916,대전 용전 엑스와이엠,프리미엄A R,가능,"25,000원",가능,"40,500원",2026-05-06 11:37,2026-05-06
24916,대전 용전 엑스와이엠,프리미엄B R,가능,"30,000원",가능,"45,000원",2026-05-06 11:37,2026-05-06
24916,대전 용전 엑스와이엠,시네마 R,정보없음,-,가능,"55,000원",2026-05-06 11:37,2026-05-06
24916,대전 용전 엑스와이엠,스위트 R,정보없음,-,가능,"60,000원",2026-05-06 11:37,2026-05-06
24916,대전 용전 엑스와이엠,게이밍 R,정보없음,-,가능,"65,000원",2026-05-06 11:37,2026-05-06
24916,대전 용전 엑스와이엠,슈페리어 R,정보없음,-,가능,"70,000원",2026-05-06 11:37,2026-05-06
24916,대전 용전 엑스와이엠,"슈퍼게이밍 R7800X3D,4070TI SUPER,듀얼 우)5600X,3070싱글)",정보없음,-,가능,"75,000원",2026-05-06 11:37,2026-05-06
24916,대전 용전 엑스와이엠,슈페리어 트윈베드 R,정보없음,-,가능,"75,000원",2026-05-06 11:37,2026-05-06
24916,대전 용전 엑스와이엠,펜트하우스 R,정보없음,-,가능,"75,000원",2026-05-06 11:37,2026-05-06
24916,대전 용전 엑스와이엠,슈페리어 애견동반 R,정보없음,-,가능,"80,000원",2026-05-06 11:37,2026-05-06
24916,대전 용전 엑스와이엠,무한대실,가능,"35,000원",정보없음,-,2026-05-06 11:37,2026-05-06
24916,대전 용전 엑스와이엠,도보특가,불가,-,마감,-,2026-05-06 11:37,2026-05-06
24916,대전 용전 엑스와이엠,게이밍 특가,불가,-,마감,-,2026-05-06 11:37,2026-05-06
24916,대전 용전 엑스와이엠,커플스파 R,불가,-,마감,-,2026-05-06 11:37,2026-05-06
24916,대전 용전 엑스와이엠,VIP 특가,불가,-,마감,-,2026-05-06 11:37,2026-05-06
24916,대전 용전 엑스와이엠,스위트 특가,불가,-,마감,-,2026-05-06 11:37,2026-05-06
27378,대전 용전 호텔 가자,도보특가,정보없음,-,가능,"31,500원",2026-05-06 11:37,2026-05-06
27378,대전 용전 호텔 가자,스탠다드,가능,"20,000원",가능,"36,000원",2026-05-06 11:37,2026-05-06
27378,대전 용전 호텔 가자,디럭스-A,가능,"25,000원",가능,"40,500원",2026-05-06 11:37,2026-05-06
27378,대전 용전 호텔 가자,커플PC-A,가능,"25,000원",가능,"45,000원",2026-05-06 11:37,2026-05-06
27378,대전 용전 호텔 가자,커플PC-B,가능,"25,000원",가능,"49,500원",2026-05-06 11:37,2026-05-06
27378,대전 용전 호텔 가자,VIP-커플PC,가능,"30,000원",가능,"54,000원",2026-05-06 11:37,2026-05-06
27378,대전 용전 호텔 가자,늦은퇴실,정보없음,-,가능,"54,000원",2026-05-06 11:37,2026-05-06
27378,대전 용전 호텔 가자,이른입실,정보없음,-,가능,"54,000원",2026-05-06 11:37,2026-05-06
27378,대전 용전 호텔 가자,디럭스-B,가능,"25,000원",마감,-,2026-05-06 11:37,2026-05-06
27378,대전 용전 호텔 가자,무한대실,가능,"30,000원",정보없음,-,2026-05-06 11:37,2026-05-06
27378,대전 용전 호텔 가자,심야대실,불가,-,정보없음,-,2026-05-06 11:37,2026-05-06
1009175,대전 용전 호텔 박스,특가ROOM/랜덤배정,가능,"18,000원",가능,"35,000원",2026-05-06 11:37,2026-05-06
1009175,대전 용전 호텔 박스,스탠다드,가능,"20,000원",가능,"45,000원",2026-05-06 11:37,2026-05-06
1009175,대전 용전 호텔 박스,디럭스/감성객실,가능,"25,000원",가능,"50,000원",2026-05-06 11:37,2026-05-06
1009175,대전 용전 호텔 박스,뮤직룸,가능,"30,000원",가능,"55,000원",2026-05-06 11:37,2026-05-06
1009175,대전 용전 호텔 박스,프리미엄D,가능,"30,000원",가능,"55,000원",2026-05-06 11:37,2026-05-06
1009175,대전 용전 호텔 박스,프리미엄C,가능,"30,000원",가능,"55,000원",2026-05-06 11:37,2026-05-06
1009175,대전 용전 호텔 박스,프리미엄A/안마의자,가능,"30,000원",가능,"55,000원",2026-05-06 11:37,2026-05-06
1009175,대전 용전 호텔 박스,늦은퇴실,정보없음,-,가능,"55,000원",2026-05-06 11:37,2026-05-06
1009175,대전 용전 호텔 박스,빠른입실,정보없음,-,가능,"55,000원",2026-05-06 11:37,2026-05-06
1009175,대전 용전 호텔 박스,비지니스 트윈,불가,-,가능,"60,000원",2026-05-06 11:37,2026-05-06
1009175,대전 용전 호텔 박스,스위트트윈A/노래방,불가,-,가능,"70,000원",2026-05-06 11:37,2026-05-06
1009175,대전 용전 호텔 박스,스위트트윈B/빔프로젝트,불가,-,가능,"70,000원",2026-05-06 11:37,2026-05-06
1009175,대전 용전 호텔 박스,무한대실,가능,"40,000원",정보없음,-,2026-05-06 11:37,2026-05-06
1009175,대전 용전 호텔 박스,프리미엄B,불가,-,마감,-,2026-05-06 11:37,2026-05-06
1009175,대전 용전 호텔 박스,스탠다드,불가,-,마감,-,2026-05-06 11:37,2026-05-06
1000112362,대전 용전 아늑호텔 1호점,타임세일,가능,"25,000원",가능,"50,000원",2026-05-06 11:37,2026-05-06
1000112362,대전 용전 아늑호텔 1호점,스탠다드+스타일러,가능,"30,000원",가능,"55,000원",2026-05-06 11:37,2026-05-06
1000112362,대전 용전 아늑호텔 1호점,커플PC,가능,"30,000원",가능,"60,000원",2026-05-06 11:37,2026-05-06
1000112362,대전 용전 아늑호텔 1호점,닌텐도 스위트,가능,"35,000원",가능,"70,000원",2026-05-06 11:37,2026-05-06
1000112362,대전 용전 아늑호텔 1호점,비즈니스 스위트,가능,"35,000원",가능,"70,000원",2026-05-06 11:37,2026-05-06
1000112362,대전 용전 아늑호텔 1호점,늦은 퇴실,정보없음,-,가능,"85,000원",2026-05-06 11:37,2026-05-06
1000112362,대전 용전 아늑호텔 1호점,빠른 입실,정보없음,-,가능,"85,000원",2026-05-06 11:37,2026-05-06
1000112362,대전 용전 아늑호텔 1호점,메디테이션,가능,"35,000원",마감,-,2026-05-06 11:37,2026-05-06
1000112362,대전 용전 아늑호텔 1호점,무한대실,가능,"40,000원",정보없음,-,2026-05-06 11:37,2026-05-06
1000112362,대전 용전 아늑호텔 1호점,트윈,가능,"45,000원",마감,-,2026-05-06 11:37,2026-05-06
24317,대전 용전 아이,스탠다드,가능,"25,000원",가능,"50,000원",2026-05-06 11:37,2026-05-06
24317,대전 용전 아이,빠른입실,정보없음,-,가능,"60,000원",2026-05-06 11:37,2026-05-06
24317,대전 용전 아이,특실 안마,정보없음,-,가능,"60,000원",2026-05-06 11:37,2026-05-06
24317,대전 용전 아이,특실 대형 욕조,정보없음,-,가능,"60,000원",2026-05-06 11:37,2026-05-06
24317,대전 용전 아이,늦은퇴실,정보없음,-,가능,"70,000원",2026-05-06 11:37,2026-05-06
24317,대전 용전 아이,트윈룸,정보없음,-,가능,"70,000원",2026-05-06 11:37,2026-05-06
24317,대전 용전 아이,트윈룸 테라스,정보없음,-,가능,"90,000원",2026-05-06 11:37,2026-05-06
24317,대전 용전 아이,무한대실,가능,"35,000원",정보없음,-,2026-05-06 11:37,2026-05-06
24317,대전 용전 아이,하늘방 / 빅테라스,정보없음,-,마감,-,2026-05-06 11:37,2026-05-06
24317,대전 용전 아이,안마테라스,정보없음,-,마감,-,2026-05-06 11:37,2026-05-06
24317,대전 용전 아이,"하늘방 / 특실,소테라스 랜덤배정",정보없음,-,마감,-,2026-05-06 11:37,2026-05-06
1018886,대전 용전 세도나,일반실,가능,"25,000원",가능,"40,000원",2026-05-06 11:37,2026-05-06
1018886,대전 용전 세도나,온돌,정보없음,-,가능,"50,000원",2026-05-06 11:37,2026-05-06
1018886,대전 용전 세도나,스타일러룸,정보없음,-,가능,"50,000원",2026-05-06 11:37,2026-05-06
1018886,대전 용전 세도나,얼리체크인,정보없음,-,가능,"60,000원",2026-05-06 11:37,2026-05-06
1018886,대전 용전 세도나,트윈,정보없음,-,가능,"60,000원",2026-05-06 11:37,2026-05-06
1018886,대전 용전 세도나,게임룸 1PC 배틀그라운드,정보없음,-,마감,-,2026-05-06 11:37,2026-05-06
1018886,대전 용전 세도나,게임룸 2PC 배틀그라운드,정보없음,-,마감,-,2026-05-06 11:37,2026-05-06
3010348,대전 용전 리스보아,일반실,가능,"30,000원",가능,"50,000원",2026-05-06 11:38,2026-05-06
3010348,대전 용전 리스보아,일반실,가능,"30,000원",가능,"50,000원",2026-05-06 11:38,2026-05-06
3010348,대전 용전 리스보아,특실,가능,"40,000원",가능,"70,000원",2026-05-06 11:38,2026-05-06
3010348,대전 용전 리스보아,준특실,가능,"40,000원",가능,"70,000원",2026-05-06 11:38,2026-05-06
3010348,대전 용전 리스보아,테라스 특실,정보없음,-,가능,"80,000원",2026-05-06 11:38,2026-05-06
3010348,대전 용전 리스보아,특실,정보없음,-,마감,-,2026-05-06 11:38,2026-05-06
1009172,대전 용전 아늑호텔 2호점,테이스티,가능,"30,000원",가능,"65,000원",2026-05-06 11:38,2026-05-06
1009172,대전 용전 아늑호텔 2호점,비즈니스,가능,"30,000원",가능,"65,000원",2026-05-06 11:38,2026-05-06
1009172,대전 용전 아늑호텔 2호점,닌텐도,가능,"35,000원",가능,"70,000원",2026-05-06 11:38,2026-05-06
1009172,대전 용전 아늑호텔 2호점,2PC,가능,"35,000원",가능,"70,000원",2026-05-06 11:38,2026-05-06
1009172,대전 용전 아늑호텔 2호점,무비,가능,"35,000원",가능,"70,000원",2026-05-06 11:38,2026-05-06
1009172,대전 용전 아늑호텔 2호점,다이닝 룸,불가,-,가능,"85,000원",2026-05-06 11:38,2026-05-06
1009172,대전 용전 아늑호텔 2호점,싱잉,가능,"50,000원",가능,"110,000원",2026-05-06 11:38,2026-05-06
1009172,대전 용전 아늑호텔 2호점,다이닝 트윈,가능,"50,000원",가능,"120,000원",2026-05-06 11:38,2026-05-06
1009172,대전 용전 아늑호텔 2호점,아늑맨션,정보없음,-,가능,"200,000원",2026-05-06 11:38,2026-05-06
1009172,대전 용전 아늑호텔 2호점,명상,가능,"30,000원",마감,-,2026-05-06 11:38,2026-05-06
1009172,대전 용전 아늑호텔 2호점,겟 베러,가능,"30,000원",마감,-,2026-05-06 11:38,2026-05-06
1009172,대전 용전 아늑호텔 2호점,무한대실,가능,"40,000원",정보없음,-,2026-05-06 11:38,2026-05-06
1009172,대전 용전 아늑호텔 2호점,웰니스,가능,"40,000원",마감,-,2026-05-06 11:38,2026-05-06
1009172,대전 용전 아늑호텔 2호점,기획전 특가,정보없음,-,마감,-,2026-05-06 11:38,2026-05-06
1009172,대전 용전 아늑호텔 2호점,심야대실,불가,-,정보없음,-,2026-05-06 11:38,2026-05-06
1009172,대전 용전 아늑호텔 2호점,빠른 입실,정보없음,-,마감,-,2026-05-06 11:38,2026-05-06
1009172,대전 용전 아늑호텔 2호점,늦은 퇴실,정보없음,-,마감,-,2026-05-06 11:38,2026-05-06
1009172,대전 용전 아늑호텔 2호점,오픈특가,불가,-,마감,-,2026-05-06 11:38,2026-05-06
27476,대전 용전 보보스,일반룸,가능,"25,000원",가능,"40,000원",2026-05-06 11:38,2026-05-06
27476,대전 용전 보보스,준특실 LOL게임,가능,"25,000원",가능,"45,000원",2026-05-06 11:38,2026-05-06
27476,대전 용전 보보스,시네마룸,가능,"30,000원",가능,"50,000원",2026-05-06 11:38,2026-05-06
27476,대전 용전 보보스,준특실 러브쇼파,가능,"30,000원",가능,"50,000원",2026-05-06 11:38,2026-05-06
27476,대전 용전 보보스,스타일러 룸,가능,"30,000원",가능,"60,000원",2026-05-06 11:38,2026-05-06
27476,대전 용전 보보스,커플 배틀 게임룸,가능,"30,000원",가능,"60,000원",2026-05-06 11:38,2026-05-06
27476,대전 용전 보보스,특실-안마의자,가능,"30,000원",가능,"60,000원",2026-05-06 11:38,2026-05-06
27476,대전 용전 보보스,빠른입실룸,정보없음,-,가능,"60,000원",2026-05-06 11:38,2026-05-06
27476,대전 용전 보보스,트윈 커플 스파룸B,가능,"35,000원",가능,"65,000원",2026-05-06 11:38,2026-05-06
27476,대전 용전 보보스,트윈 커플 스파룸A,가능,"35,000원",가능,"70,000원",2026-05-06 11:38,2026-05-06
1009157,대전 용전 룩(LOOK),선착순 특가-랜덤객실,가능,"20,000원",가능,"35,000원",2026-05-06 11:38,2026-05-06
1009157,대전 용전 룩(LOOK),일반실,가능,"22,000원",가능,"40,000원",2026-05-06 11:38,2026-05-06
1009157,대전 용전 룩(LOOK),준특실,가능,"25,000원",가능,"45,000원",2026-05-06 11:38,2026-05-06
1009157,대전 용전 룩(LOOK),금연실,가능,"25,000원",가능,"45,000원",2026-05-06 11:38,2026-05-06
1009157,대전 용전 룩(LOOK),트윈룸,가능,"30,000원",가능,"50,000원",2026-05-06 11:38,2026-05-06
1009157,대전 용전 룩(LOOK),의류관리룸,가능,"30,000원",가능,"50,000원",2026-05-06 11:38,2026-05-06
1009157,대전 용전 룩(LOOK),안마의자룸,가능,"30,000원",가능,"50,000원",2026-05-06 11:38,2026-05-06
1009157,대전 용전 룩(LOOK),늦은퇴실-랜덤객실,정보없음,-,가능,"50,000원",2026-05-06 11:38,2026-05-06
1009157,대전 용전 룩(LOOK),빠른 입실-랜덤객실,정보없음,-,가능,"50,000원",2026-05-06 11:38,2026-05-06
1009157,대전 용전 룩(LOOK),스위트룸,불가,-,가능,"85,000원",2026-05-06 11:38,2026-05-06
1009157,대전 용전 룩(LOOK),무한 대실,가능,"30,000원",정보없음,-,2026-05-06 11:38,2026-05-06
1009175,대전 용전 호텔 박스,특가ROOM/랜덤배정,가능,"18,000원",가능,"35,000원",2026-05-06 11:38,2026-05-06
1009175,대전 용전 호텔 박스,스탠다드,가능,"20,000원",가능,"45,000원",2026-05-06 11:38,2026-05-06
1009175,대전 용전 호텔 박스,디럭스/감성객실,가능,"25,000원",가능,"50,000원",2026-05-06 11:38,2026-05-06
1009175,대전 용전 호텔 박스,뮤직룸,가능,"30,000원",가능,"55,000원",2026-05-06 11:38,2026-05-06
1009175,대전 용전 호텔 박스,프리미엄D,가능,"30,000원",가능,"55,000원",2026-05-06 11:38,2026-05-06
1009175,대전 용전 호텔 박스,프리미엄C,가능,"30,000원",가능,"55,000원",2026-05-06 11:38,2026-05-06
1009175,대전 용전 호텔 박스,프리미엄A/안마의자,가능,"30,000원",가능,"55,000원",2026-05-06 11:38,2026-05-06
1009175,대전 용전 호텔 박스,늦은퇴실,정보없음,-,가능,"55,000원",2026-05-06 11:38,2026-05-06
1009175,대전 용전 호텔 박스,빠른입실,정보없음,-,가능,"55,000원",2026-05-06 11:38,2026-05-06
1009175,대전 용전 호텔 박스,비지니스 트윈,불가,-,가능,"60,000원",2026-05-06 11:38,2026-05-06
1009175,대전 용전 호텔 박스,스위트트윈A/노래방,불가,-,가능,"70,000원",2026-05-06 11:38,2026-05-06
1009175,대전 용전 호텔 박스,스위트트윈B/빔프로젝트,불가,-,가능,"70,000원",2026-05-06 11:38,2026-05-06
1009175,대전 용전 호텔 박스,무한대실,가능,"40,000원",정보없음,-,2026-05-06 11:38,2026-05-06
1009175,대전 용전 호텔 박스,프리미엄B,불가,-,마감,-,2026-05-06 11:38,2026-05-06
1009175,대전 용전 호텔 박스,스탠다드,불가,-,마감,-,2026-05-06 11:38,2026-05-06
23698,대전 용전 타임터미널 호텔 1호점 by 아늑,도보특가,가능,"30,000원",가능,"55,000원",2026-05-06 11:38,2026-05-06
23698,대전 용전 타임터미널 호텔 1호점 by 아늑,스탠다드 - 스타일러,가능,"35,000원",가능,"60,000원",2026-05-06 11:38,2026-05-06
23698,대전 용전 타임터미널 호텔 1호점 by 아늑,2PC,가능,"40,000원",가능,"65,000원",2026-05-06 11:38,2026-05-06
23698,대전 용전 타임터미널 호텔 1호점 by 아늑,기프티콘 PKG1,정보없음,-,가능,"70,000원",2026-05-06 11:38,2026-05-06
23698,대전 용전 타임터미널 호텔 1호점 by 아늑,블루 스테이션,가능,"45,000원",가능,"80,000원",2026-05-06 11:38,2026-05-06
23698,대전 용전 타임터미널 호텔 1호점 by 아늑,그린 스테이션,가능,"45,000원",가능,"80,000원",2026-05-06 11:38,2026-05-06
23698,대전 용전 타임터미널 호텔 1호점 by 아늑,옐로우 스테이션,가능,"45,000원",가능,"80,000원",2026-05-06 11:38,2026-05-06
23698,대전 용전 타임터미널 호텔 1호점 by 아늑,무비,가능,"50,000원",가능,"90,000원",2026-05-06 11:38,2026-05-06
23698,대전 용전 타임터미널 호텔 1호점 by 아늑,기프티콘 PKG2,정보없음,-,가능,"90,000원",2026-05-06 11:38,2026-05-06
23698,대전 용전 타임터미널 호텔 1호점 by 아늑,늦은퇴실,정보없음,-,가능,"90,000원",2026-05-06 11:38,2026-05-06
23698,대전 용전 타임터미널 호텔 1호점 by 아늑,빠른입실,정보없음,-,가능,"90,000원",2026-05-06 11:38,2026-05-06
23698,대전 용전 타임터미널 호텔 1호점 by 아늑,LP,가능,"50,000원",가능,"120,000원",2026-05-06 11:38,2026-05-06
23698,대전 용전 타임터미널 호텔 1호점 by 아늑,무한대실,가능,"50,000원",정보없음,-,2026-05-06 11:38,2026-05-06
24035,대전 용전 디자인 호텔 피아노,"스타일러-전 객실 금연,통합OTT 7종,70인치TV,공기청정기,비데",가능,"30,000원",가능,"42,000원",2026-05-06 11:38,2026-05-06
24035,대전 용전 디자인 호텔 피아노,"MAX-게이밍 1pc-I5-12400F 고사양,객실 금연,통합OTT 7종",정보없음,-,가능,"50,000원",2026-05-06 11:38,2026-05-06
24035,대전 용전 디자인 호텔 피아노,"트윈 게이밍1pc-전객실금연,통합OTT 7종,70인치TV,공기청정기,비데",정보없음,-,가능,"55,000원",2026-05-06 11:38,2026-05-06
24035,대전 용전 디자인 호텔 피아노,"MAX-게이밍 2pc-I5-12400F 고사양,객실 금연,통합OTT 7종",정보없음,-,가능,"55,000원",2026-05-06 11:38,2026-05-06
24035,대전 용전 디자인 호텔 피아노,"VIP안마 스타일러-전객실금연,통합OTT 7종,75인치TV,공기청정기",가능,"35,000원",가능,"60,000원",2026-05-06 11:38,2026-05-06
24035,대전 용전 디자인 호텔 피아노,VIP 트윈 스타일러-게이밍1PC,정보없음,-,가능,"65,000원",2026-05-06 11:38,2026-05-06
24035,대전 용전 디자인 호텔 피아노,VIP 안마 2PC 스타일러,불가,-,가능,"70,000원",2026-05-06 11:38,2026-05-06
24035,대전 용전 디자인 호텔 피아노,"트윈-전 객실 금연,통합OTT 7종,70인치TV,공기청정기,비데",정보없음,-,마감,-,2026-05-06 11:38,2026-05-06
24035,대전 용전 디자인 호텔 피아노,"Deluxe-전 객실 금연,통합OTT 7종,70인치TV,공기청정기,비데",정보없음,-,마감,-,2026-05-06 11:38,2026-05-06
24673,대전 용전 본(HOTEL BON),스탠다드,가능,"20,000원",가능,"35,000원",2026-05-06 11:38,2026-05-06
24673,대전 용전 본(HOTEL BON),디럭스,가능,"25,000원",가능,"40,000원",2026-05-06 11:38,2026-05-06
24673,대전 용전 본(HOTEL BON),VIP,정보없음,-,가능,"45,000원",2026-05-06 11:38,2026-05-06
24673,대전 용전 본(HOTEL BON),프리미엄,정보없음,-,가능,"45,000원",2026-05-06 11:38,2026-05-06
24673,대전 용전 본(HOTEL BON),더블욕조,정보없음,-,가능,"45,000원",2026-05-06 11:38,2026-05-06
24673,대전 용전 본(HOTEL BON),트윈,정보없음,-,가능,"45,000원",2026-05-06 11:38,2026-05-06
24673,대전 용전 본(HOTEL BON),늦은 퇴실,정보없음,-,가능,"50,000원",2026-05-06 11:38,2026-05-06
24673,대전 용전 본(HOTEL BON),빠른 입실,정보없음,-,가능,"50,000원",2026-05-06 11:38,2026-05-06
24673,대전 용전 본(HOTEL BON),배틀그라운드 1pc,정보없음,-,마감,-,2026-05-06 11:38,2026-05-06
1019710,대전 용전 KB,Standard B,가능,"25,000원",가능,"45,000원",2026-05-06 11:38,2026-05-06
1019710,대전 용전 KB,Standard A,가능,"25,000원",가능,"45,000원",2026-05-06 11:38,2026-05-06
1019710,대전 용전 KB,Deluxe A,가능,"30,000원",가능,"50,000원",2026-05-06 11:38,2026-05-06
1019710,대전 용전 KB,Suite,가능,"30,000원",가능,"60,000원",2026-05-06 11:38,2026-05-06
1019710,대전 용전 KB,Deluxe B,불가,-,마감,-,2026-05-06 11:38,2026-05-06
10044959,대전 유성 아늑호텔 1호점,도보특가 - 차량입고불가,가능,"28,000원",가능,"54,000원",2026-05-06 11:39,2026-05-06
10044959,대전 유성 아늑호텔 1호점,스탠다드,가능,"30,000원",가능,"64,000원",2026-05-06 11:39,2026-05-06
10044959,대전 유성 아늑호텔 1호점,오픈특가,가능,"33,000원",가능,"69,000원",2026-05-06 11:39,2026-05-06
10044959,대전 유성 아늑호텔 1호점,2PC 게이밍,가능,"35,000원",가능,"69,000원",2026-05-06 11:39,2026-05-06
10044959,대전 유성 아늑호텔 1호점,명상,가능,"35,000원",가능,"69,000원",2026-05-06 11:39,2026-05-06
10044959,대전 유성 아늑호텔 1호점,비즈니스 디럭스,가능,"35,000원",가능,"69,000원",2026-05-06 11:39,2026-05-06
10044959,대전 유성 아늑호텔 1호점,비즈니스 스탠다드,가능,"35,000원",가능,"69,000원",2026-05-06 11:39,2026-05-06
10044959,대전 유성 아늑호텔 1호점,스타일러,가능,"35,000원",가능,"79,000원",2026-05-06 11:39,2026-05-06
10044959,대전 유성 아늑호텔 1호점,플레이스테이션,가능,"50,000원",가능,"79,000원",2026-05-06 11:39,2026-05-06
10044959,대전 유성 아늑호텔 1호점,기프티콘PKG1,정보없음,-,가능,"84,000원",2026-05-06 11:39,2026-05-06
10044959,대전 유성 아늑호텔 1호점,무비 스위트,가능,"50,000원",가능,"89,000원",2026-05-06 11:39,2026-05-06
10044959,대전 유성 아늑호텔 1호점,기프티콘PKG2,정보없음,-,가능,"94,000원",2026-05-06 11:39,2026-05-06
10044959,대전 유성 아늑호텔 1호점,늦은 퇴실,정보없음,-,가능,"99,000원",2026-05-06 11:39,2026-05-06
10044959,대전 유성 아늑호텔 1호점,빠른입실,정보없음,-,가능,"99,000원",2026-05-06 11:39,2026-05-06
10044959,대전 유성 아늑호텔 1호점,무한대실,가능,"40,000원",정보없음,-,2026-05-06 11:39,2026-05-06
10044959,대전 유성 아늑호텔 1호점,기획전 특가 - 차량입고불가,정보없음,-,마감,-,2026-05-06 11:39,2026-05-06
1009259,대전 유성 호텔 141,도보특가 / 주차 불가,가능,"28,000원",가능,"60,000원",2026-05-06 11:39,2026-05-06
1009259,대전 유성 호텔 141,"오픈특가 / 75""스마트 TV",가능,"30,000원",가능,"65,000원",2026-05-06 11:39,2026-05-06
1009259,대전 유성 호텔 141,"스탠다드 / 75""스마트 TV",가능,"35,000원",가능,"75,000원",2026-05-06 11:39,2026-05-06
1009259,대전 유성 호텔 141,"비즈니스룸 / 75""스마트 TV,",가능,"40,000원",가능,"85,000원",2026-05-06 11:39,2026-05-06
1009259,대전 유성 호텔 141,얼리체크인,정보없음,-,가능,"90,000원",2026-05-06 11:39,2026-05-06
1009259,대전 유성 호텔 141,"스위트룸 / 75""스마트 TV",가능,"50,000원",가능,"95,000원",2026-05-06 11:39,2026-05-06
1009259,대전 유성 호텔 141,레이트체크아웃,정보없음,-,가능,"100,000원",2026-05-06 11:39,2026-05-06
1009259,대전 유성 호텔 141,파티룸 / 60평,정보없음,-,가능,"400,000원",2026-05-06 11:39,2026-05-06
1009259,대전 유성 호텔 141,무한대실,가능,"50,000원",정보없음,-,2026-05-06 11:39,2026-05-06
1009259,대전 유성 호텔 141,야간대실,불가,-,정보없음,-,2026-05-06 11:39,2026-05-06
24135,대전 유성 MAC 호텔,General Room,가능,"35,000원",가능,"59,500원",2026-05-06 11:39,2026-05-06
24135,대전 유성 MAC 호텔,Special Room-A,가능,"40,000원",가능,"68,000원",2026-05-06 11:39,2026-05-06
24135,대전 유성 MAC 호텔,Special Room-C,정보없음,-,가능,"76,500원",2026-05-06 11:39,2026-05-06
24135,대전 유성 MAC 호텔,Twin room-B,정보없음,-,가능,"90,000원",2026-05-06 11:39,2026-05-06
24135,대전 유성 MAC 호텔,Thema Room-A,정보없음,-,가능,"90,000원",2026-05-06 11:39,2026-05-06
24135,대전 유성 MAC 호텔,Twin room-A,정보없음,-,가능,"110,000원",2026-05-06 11:39,2026-05-06
1009316,대전 유성 더 샵,디럭스-전 객실 통합 OTT 무료 시청,가능,"25,000원",가능,"53,000원",2026-05-06 11:39,2026-05-06
1009316,대전 유성 더 샵,스위트-전 객실 통합 OTT 무료 시청,가능,"25,000원",가능,"53,000원",2026-05-06 11:39,2026-05-06
1009316,대전 유성 더 샵,VIP-전 객실 통합 OTT 무료 시청,가능,"30,000원",가능,"73,000원",2026-05-06 11:39,2026-05-06
1009316,대전 유성 더 샵,VVIP 트윈-전 객실 통합 OTT 무료 시청,가능,"40,000원",가능,"93,000원",2026-05-06 11:39,2026-05-06
1009316,대전 유성 더 샵,VVIP-전 객실 통합 OTT 무료 시청,가능,"40,000원",가능,"93,000원",2026-05-06 11:39,2026-05-06
10044958,대전 유성 아늑호텔 2호점,도보특가 - 차량입고불가,가능,"28,000원",가능,"55,000원",2026-05-06 11:39,2026-05-06
10044958,대전 유성 아늑호텔 2호점,스탠다드,가능,"30,000원",가능,"65,000원",2026-05-06 11:39,2026-05-06
10044958,대전 유성 아늑호텔 2호점,오픈특가,가능,"33,000원",가능,"70,000원",2026-05-06 11:39,2026-05-06
10044958,대전 유성 아늑호텔 2호점,1PC 게이밍,가능,"35,000원",가능,"70,000원",2026-05-06 11:39,2026-05-06
10044958,대전 유성 아늑호텔 2호점,뮤직,가능,"35,000원",가능,"70,000원",2026-05-06 11:39,2026-05-06
10044958,대전 유성 아늑호텔 2호점,2PC 게이밍,가능,"35,000원",가능,"70,000원",2026-05-06 11:39,2026-05-06
10044958,대전 유성 아늑호텔 2호점,안마의자,가능,"50,000원",가능,"70,000원",2026-05-06 11:39,2026-05-06
10044958,대전 유성 아늑호텔 2호점,플레이스테이션,가능,"50,000원",가능,"80,000원",2026-05-06 11:39,2026-05-06
10044958,대전 유성 아늑호텔 2호점,기프티콘 PKG1,정보없음,-,가능,"85,000원",2026-05-06 11:39,2026-05-06
10044958,대전 유성 아늑호텔 2호점,무비,가능,"50,000원",가능,"90,000원",2026-05-06 11:39,2026-05-06
10044958,대전 유성 아늑호텔 2호점,기프티콘 PKG2,정보없음,-,가능,"95,000원",2026-05-06 11:39,2026-05-06
10044958,대전 유성 아늑호텔 2호점,늦은 퇴실,정보없음,-,가능,"100,000원",2026-05-06 11:39,2026-05-06
10044958,대전 유성 아늑호텔 2호점,빠른입실,정보없음,-,가능,"100,000원",2026-05-06 11:39,2026-05-06
10044958,대전 유성 아늑호텔 2호점,펫 스위트,가능,"50,000원",가능,"110,000원",2026-05-06 11:39,2026-05-06
10044958,대전 유성 아늑호텔 2호점,파티 스위트 - 다다미,가능,"80,000원",가능,"160,000원",2026-05-06 11:39,2026-05-06
10044958,대전 유성 아늑호텔 2호점,파티 스위트 - 무비,가능,"80,000원",가능,"160,000원",2026-05-06 11:39,2026-05-06
10044958,대전 유성 아늑호텔 2호점,무한대실,가능,"40,000원",정보없음,-,2026-05-06 11:39,2026-05-06
10044958,대전 유성 아늑호텔 2호점,비지니스 스타일러,가능,"50,000원",마감,-,2026-05-06 11:39,2026-05-06
10044958,대전 유성 아늑호텔 2호점,기획전 특가 - 차량입고불가,정보없음,-,마감,-,2026-05-06 11:39,2026-05-06
25328,대전 유성 메이호텔,디럭스,가능,"22,500원",가능,"50,000원",2026-05-06 11:39,2026-05-06
25328,대전 유성 메이호텔,프리미엄,가능,"27,000원",가능,"60,000원",2026-05-06 11:39,2026-05-06
25328,대전 유성 메이호텔,프리미엄 안마,가능,"31,500원",가능,"70,000원",2026-05-06 11:39,2026-05-06
25328,대전 유성 메이호텔,프리미엄 트윈,가능,"36,000원",가능,"80,000원",2026-05-06 11:39,2026-05-06
25328,대전 유성 메이호텔,무한대실,가능,"45,000원",정보없음,-,2026-05-06 11:39,2026-05-06
25328,대전 유성 메이호텔,일반대실,불가,-,정보없음,-,2026-05-06 11:39,2026-05-06
28012,대전 유성 탑클라우드 호텔,스탠다드,정보없음,-,가능,"50,000원",2026-05-06 11:39,2026-05-06
28012,대전 유성 탑클라우드 호텔,디럭스,정보없음,-,가능,"60,000원",2026-05-06 11:39,2026-05-06
28012,대전 유성 탑클라우드 호텔,스위트,정보없음,-,가능,"70,000원",2026-05-06 11:39,2026-05-06
28012,대전 유성 탑클라우드 호텔,스위트 트윈,정보없음,-,가능,"75,000원",2026-05-06 11:39,2026-05-06
28012,대전 유성 탑클라우드 호텔,스탠다드 28시간 STAY,정보없음,-,가능,"90,000원",2026-05-06 11:39,2026-05-06
28012,대전 유성 탑클라우드 호텔,디럭스 트윈,정보없음,-,마감,-,2026-05-06 11:39,2026-05-06
28012,대전 유성 탑클라우드 호텔,트윈룸,정보없음,-,마감,-,2026-05-06 11:39,2026-05-06
27191,대전 유성 호텔 아트,요일특가,정보없음,-,가능,"40,500원",2026-05-06 11:39,2026-05-06
27191,대전 유성 호텔 아트,디럭스 / 온천수반신욕,가능,"25,000원",가능,"54,000원",2026-05-06 11:39,2026-05-06
27191,대전 유성 호텔 아트,디럭스 / 안마의자,정보없음,-,가능,"60,000원",2026-05-06 11:39,2026-05-06
27191,대전 유성 호텔 아트,디럭스 / 트윈룸,정보없음,-,가능,"70,000원",2026-05-06 11:39,2026-05-06
27191,대전 유성 호텔 아트,특실,정보없음,-,가능,"90,000원",2026-05-06 11:39,2026-05-06
27191,대전 유성 호텔 아트,스탠다드,가능,"20,000원",정보없음,-,2026-05-06 11:39,2026-05-06
27191,대전 유성 호텔 아트,대실 7시간 놀자,가능,"30,000원",정보없음,-,2026-05-06 11:39,2026-05-06
27191,대전 유성 호텔 아트,대실 9시간 놀자,가능,"40,000원",정보없음,-,2026-05-06 11:39,2026-05-06
27191,대전 유성 호텔 아트,심야대실,불가,-,정보없음,-,2026-05-06 11:39,2026-05-06
27191,대전 유성 호텔 아트,요일 특가 / 기획전,정보없음,-,마감,-,2026-05-06 11:39,2026-05-06
1000105053,대전 월평 워커스 호텔 by 아늑,도보특가 - 조식 1인 무료제공+스타일러,가능,"27,000원",가능,"70,000원",2026-05-06 11:39,2026-05-06
1000105053,대전 월평 워커스 호텔 by 아늑,오픈특가 - 조식 1인 무료제공+스타일러,불가,-,가능,"75,000원",2026-05-06 11:39,2026-05-06
1000105053,대전 월평 워커스 호텔 by 아늑,스탠다드 더블 - 조식 1인 무료제공+스타일러,불가,-,가능,"75,000원",2026-05-06 11:39,2026-05-06
1000105053,대전 월평 워커스 호텔 by 아늑,1PC - 조식 1인 무료제공+스타일러,불가,-,가능,"80,000원",2026-05-06 11:39,2026-05-06
1000105053,대전 월평 워커스 호텔 by 아늑,2PC - 조식 1인 무료제공+스타일러,불가,-,가능,"80,000원",2026-05-06 11:39,2026-05-06
1000105053,대전 월평 워커스 호텔 by 아늑,포커스 - 조식 1인 무료제공+스타일러,불가,-,가능,"80,000원",2026-05-06 11:39,2026-05-06
1000105053,대전 월평 워커스 호텔 by 아늑,늦은퇴실 - 조식 1인 무료제공+스타일러,정보없음,-,가능,"90,000원",2026-05-06 11:39,2026-05-06
1000105053,대전 월평 워커스 호텔 by 아늑,빠른입실 - 조식 1인 무료제공+스타일러,정보없음,-,가능,"90,000원",2026-05-06 11:39,2026-05-06
1000105053,대전 월평 워커스 호텔 by 아늑,더블 트윈2 - 조식 2인 무료제공+스타일러,불가,-,가능,"90,000원",2026-05-06 11:39,2026-05-06
1000105053,대전 월평 워커스 호텔 by 아늑,시그니처 사우나 - 조식 1인 무료제공+스타일러,불가,-,가능,"90,000원",2026-05-06 11:39,2026-05-06
1000105053,대전 월평 워커스 호텔 by 아늑,웰니스 - 조식 1인 무료제공+스타일러,불가,-,가능,"90,000원",2026-05-06 11:39,2026-05-06
1000105053,대전 월평 워커스 호텔 by 아늑,더블 트윈1 - 조식 2인 무료제공+스타일러,불가,-,가능,"110,000원",2026-05-06 11:39,2026-05-06
1000105053,대전 월평 워커스 호텔 by 아늑,미니 파티 - 조식 2인 무료제공+스타일러,불가,-,가능,"140,000원",2026-05-06 11:39,2026-05-06
1000105053,대전 월평 워커스 호텔 by 아늑,파티 - 조식 2인 무료제공+스타일러,불가,-,가능,"160,000원",2026-05-06 11:39,2026-05-06
1000105053,대전 월평 워커스 호텔 by 아늑,파티 - 조식 2인 무료제공+스타일러,정보없음,-,가능,"180,000원",2026-05-06 11:39,2026-05-06
1000105053,대전 월평 워커스 호텔 by 아늑,시그니처 게임 - 조식 1인 무료제공+스타일러,불가,-,마감,-,2026-05-06 11:39,2026-05-06
1000105053,대전 월평 워커스 호텔 by 아늑,기획전 특가,정보없음,-,마감,-,2026-05-06 11:39,2026-05-06
1000105053,대전 월평 워커스 호텔 by 아늑,무한대실+스타일러,불가,-,정보없음,-,2026-05-06 11:39,2026-05-06
1020157,대전 월평 디엠프레스 호텔,스탠다드,불가,-,가능,"75,000원",2026-05-06 11:40,2026-05-06
1020157,대전 월평 디엠프레스 호텔,디럭스 더블,정보없음,-,가능,"85,000원",2026-05-06 11:40,2026-05-06
1020157,대전 월평 디엠프레스 호텔,테라스 더블,정보없음,-,가능,"85,000원",2026-05-06 11:40,2026-05-06
1020157,대전 월평 디엠프레스 호텔,디럭스 트윈,정보없음,-,가능,"95,000원",2026-05-06 11:40,2026-05-06
1020157,대전 월평 디엠프레스 호텔,로얄 스위트,정보없음,-,가능,"230,000원",2026-05-06 11:40,2026-05-06
25065,대전 월평 컨티뉴 대전점,장애인룸 - DISABLED ROOM,정보없음,-,가능,"63,000원",2026-05-06 11:40,2026-05-06
25065,대전 월평 컨티뉴 대전점,비지니스 Room only,정보없음,-,가능,"63,000원",2026-05-06 11:40,2026-05-06
25065,대전 월평 컨티뉴 대전점,스탠다드 Room Only,불가,-,가능,"63,000원",2026-05-06 11:40,2026-05-06
25065,대전 월평 컨티뉴 대전점,비지니스 트윈 Room Only,정보없음,-,가능,"72,000원",2026-05-06 11:40,2026-05-06
25065,대전 월평 컨티뉴 대전점,디럭스 C Room Only,정보없음,-,가능,"72,000원",2026-05-06 11:40,2026-05-06
25065,대전 월평 컨티뉴 대전점,디럭스 B Room Only,정보없음,-,가능,"72,000원",2026-05-06 11:40,2026-05-06
25065,대전 월평 컨티뉴 대전점,디럭스 트윈 Room Only,정보없음,-,가능,"72,000원",2026-05-06 11:40,2026-05-06
25065,대전 월평 컨티뉴 대전점,디럭스 A Room Only,불가,-,가능,"72,000원",2026-05-06 11:40,2026-05-06
25065,대전 월평 컨티뉴 대전점,스탠다드 조식1인 PKG,정보없음,-,가능,"72,000원",2026-05-06 11:40,2026-05-06
25065,대전 월평 컨티뉴 대전점,비지니스+2인 조식 PKG,정보없음,-,가능,"81,000원",2026-05-06 11:40,2026-05-06
25065,대전 월평 컨티뉴 대전점,비지니스 트윈+1인조식 PKG,정보없음,-,가능,"81,000원",2026-05-06 11:40,2026-05-06
25065,대전 월평 컨티뉴 대전점,디럭스 트윈 조식1인 PKG,정보없음,-,가능,"81,000원",2026-05-06 11:40,2026-05-06
25065,대전 월평 컨티뉴 대전점,디럭스 B 조식1인 PKG,정보없음,-,가능,"81,000원",2026-05-06 11:40,2026-05-06
25065,대전 월평 컨티뉴 대전점,디럭스 A 조식1인 PKG,정보없음,-,가능,"81,000원",2026-05-06 11:40,2026-05-06
25065,대전 월평 컨티뉴 대전점,스탠다드 조식2인 PKG,정보없음,-,가능,"81,000원",2026-05-06 11:40,2026-05-06
25065,대전 월평 컨티뉴 대전점,비지니스 트윈+2인조식 PKG,정보없음,-,가능,"93,000원",2026-05-06 11:40,2026-05-06
25065,대전 월평 컨티뉴 대전점,스위트 Room Only,정보없음,-,가능,"93,000원",2026-05-06 11:40,2026-05-06
25065,대전 월평 컨티뉴 대전점,디럭스 트윈 조식2인 PKG,정보없음,-,가능,"93,000원",2026-05-06 11:40,2026-05-06
25065,대전 월평 컨티뉴 대전점,디럭스 B 조식2인 PKG,정보없음,-,가능,"93,000원",2026-05-06 11:40,2026-05-06
25065,대전 월평 컨티뉴 대전점,디럭스 C - 조식2인 PKG,정보없음,-,가능,"93,000원",2026-05-06 11:40,2026-05-06
25065,대전 월평 컨티뉴 대전점,디럭스 A 조식2인 PKG,정보없음,-,가능,"93,000원",2026-05-06 11:40,2026-05-06
25065,대전 월평 컨티뉴 대전점,스위트 조식1인 PKG,정보없음,-,가능,"103,000원",2026-05-06 11:40,2026-05-06
25065,대전 월평 컨티뉴 대전점,VIP Room Only,정보없음,-,가능,"103,000원",2026-05-06 11:40,2026-05-06
25065,대전 월평 컨티뉴 대전점,VIP 조식1인 PKG,정보없음,-,가능,"113,000원",2026-05-06 11:40,2026-05-06
25065,대전 월평 컨티뉴 대전점,스위트 조식2인 PKG,정보없음,-,가능,"113,000원",2026-05-06 11:40,2026-05-06
25065,대전 월평 컨티뉴 대전점,VIP 조식2인 PKG,정보없음,-,가능,"123,000원",2026-05-06 11:40,2026-05-06
25065,대전 월평 컨티뉴 대전점,비지니스+1인조식 PKG,정보없음,-,마감,-,2026-05-06 11:40,2026-05-06
10040733,대전 브라운도트 월평점,도보전용,가능,"22,000원",가능,"51,000원",2026-05-06 11:40,2026-05-06
10040733,대전 브라운도트 월평점,Standard,가능,"22,000원",가능,"55,500원",2026-05-06 11:40,2026-05-06
10040733,대전 브라운도트 월평점,Premium 2PC,가능,"27,000원",가능,"60,000원",2026-05-06 11:40,2026-05-06
10040733,대전 브라운도트 월평점,Deluxe A,가능,"27,000원",가능,"60,000원",2026-05-06 11:40,2026-05-06
10040733,대전 브라운도트 월평점,Superior,가능,"27,000원",가능,"60,000원",2026-05-06 11:40,2026-05-06
10040733,대전 브라운도트 월평점,Deluxe B,가능,"31,500원",가능,"64,500원",2026-05-06 11:40,2026-05-06
10040733,대전 브라운도트 월평점,Suite A,정보없음,-,가능,"78,000원",2026-05-06 11:40,2026-05-06
10040733,대전 브라운도트 월평점,Suite C,정보없음,-,가능,"102,000원",2026-05-06 11:40,2026-05-06
10040733,대전 브라운도트 월평점,Suite B,정보없음,-,가능,"102,000원",2026-05-06 11:40,2026-05-06
1000105321,천안 소륜호텔 by 아늑,타임세일,가능,"15,000원",가능,"26,000원",2026-05-06 11:40,2026-05-06
1000105321,천안 소륜호텔 by 아늑,소호 디럭스,가능,"17,000원",가능,"30,000원",2026-05-06 11:40,2026-05-06
1000105321,천안 소륜호텔 by 아늑,홍콩 스탠다드,가능,"17,000원",가능,"30,000원",2026-05-06 11:40,2026-05-06
1000105321,천안 소륜호텔 by 아늑,침사추이 디럭스,가능,"17,000원",가능,"30,000원",2026-05-06 11:40,2026-05-06
1000105321,천안 소륜호텔 by 아늑,레이트체크아웃,정보없음,-,가능,"40,000원",2026-05-06 11:40,2026-05-06
1000105321,천안 소륜호텔 by 아늑,파티룸,정보없음,-,가능,"55,000원",2026-05-06 11:40,2026-05-06
1000105321,천안 소륜호텔 by 아늑,몽콕 디럭스,가능,"17,000원",마감,-,2026-05-06 11:40,2026-05-06
1000105321,천안 소륜호텔 by 아늑,무한대실 숙박불가,가능,"27,000원",정보없음,-,2026-05-06 11:40,2026-05-06
1000111808,천안(신부동) 숲 호텔,OPEN EVENT 특가 - 랜덤배정,가능,"23,000원",가능,"31,500원",2026-05-06 11:40,2026-05-06
1000111808,천안(신부동) 숲 호텔,디럭스,가능,"25,000원",가능,"34,200원",2026-05-06 11:40,2026-05-06
1000111808,천안(신부동) 숲 호텔,프리미엄,가능,"30,000원",가능,"40,500원",2026-05-06 11:40,2026-05-06
1000111808,천안(신부동) 숲 호텔,퇴실 늦은숙박,정보없음,-,가능,"44,100원",2026-05-06 11:40,2026-05-06
1000111808,천안(신부동) 숲 호텔,입실 빠른숙박,정보없음,-,가능,"44,100원",2026-05-06 11:40,2026-05-06
1000111808,천안(신부동) 숲 호텔,VIP,가능,"35,000원",가능,"45,000원",2026-05-06 11:40,2026-05-06
1000111808,천안(신부동) 숲 호텔,VIP2,불가,-,가능,"45,000원",2026-05-06 11:40,2026-05-06
1000111808,천안(신부동) 숲 호텔,트윈,불가,-,가능,"47,700원",2026-05-06 11:40,2026-05-06
1000111808,천안(신부동) 숲 호텔,펫룸 PET ROOM,정보없음,-,가능,"54,000원",2026-05-06 11:40,2026-05-06
1000111808,천안(신부동) 숲 호텔,장기방,정보없음,-,가능,"850,000원",2026-05-06 11:40,2026-05-06
1000102246,천안 소담스테이,파티룸 1호,정보없음,-,가능,"55,000원",2026-05-06 11:40,2026-05-06
1000102246,천안 소담스테이,파티룸 2호,정보없음,-,마감,-,2026-05-06 11:40,2026-05-06
1000102246,천안 소담스테이,스탠다드,정보없음,-,마감,-,2026-05-06 11:40,2026-05-06
1000110158,천안 파인 호텔 (HOTEL PINE),스텐다드 클래식,불가,-,가능,"32,000원",2026-05-06 11:40,2026-05-06
1000110158,천안 파인 호텔 (HOTEL PINE),스텐다드 모던,불가,-,가능,"32,000원",2026-05-06 11:40,2026-05-06
1000110158,천안 파인 호텔 (HOTEL PINE),레이트 체크아웃,정보없음,-,가능,"45,000원",2026-05-06 11:40,2026-05-06
1000110158,천안 파인 호텔 (HOTEL PINE),얼리체크인,정보없음,-,가능,"45,000원",2026-05-06 11:40,2026-05-06
1000110158,천안 파인 호텔 (HOTEL PINE),무한대실,가능,"30,000원",정보없음,-,2026-05-06 11:40,2026-05-06
1000110158,천안 파인 호텔 (HOTEL PINE),트윈베드 클래식,불가,-,마감,-,2026-05-06 11:40,2026-05-06
1000110158,천안 파인 호텔 (HOTEL PINE),트윈베드 모던,정보없음,-,마감,-,2026-05-06 11:40,2026-05-06
1000110158,천안 파인 호텔 (HOTEL PINE),트윈베드 모던,정보없음,-,마감,-,2026-05-06 11:40,2026-05-06
10046920,천안 아늑호텔 1호점,도보특가 - 연박 예약 및 차량불가,가능,"20,000원",가능,"31,000원",2026-05-06 11:40,2026-05-06
10046920,천안 아늑호텔 1호점,스탠다드,가능,"23,000원",가능,"36,000원",2026-05-06 11:40,2026-05-06
10046920,천안 아늑호텔 1호점,비즈니스 뮤직,가능,"30,000원",가능,"41,000원",2026-05-06 11:40,2026-05-06
10046920,천안 아늑호텔 1호점,요가,가능,"35,000원",가능,"41,000원",2026-05-06 11:40,2026-05-06
10046920,천안 아늑호텔 1호점,겟 베러,가능,"30,000원",가능,"45,000원",2026-05-06 11:40,2026-05-06
10046920,천안 아늑호텔 1호점,2PC 미니,가능,"30,000원",가능,"46,000원",2026-05-06 11:40,2026-05-06
10046920,천안 아늑호텔 1호점,피트니스,정보없음,-,가능,"46,000원",2026-05-06 11:40,2026-05-06
10046920,천안 아늑호텔 1호점,2PC,가능,"35,000원",가능,"55,000원",2026-05-06 11:40,2026-05-06
10046920,천안 아늑호텔 1호점,무비,불가,-,가능,"55,000원",2026-05-06 11:40,2026-05-06
10046920,천안 아늑호텔 1호점,아늑캠프 루프탑 + 객실랜덤배정PKG,불가,-,마감,-,2026-05-06 11:40,2026-05-06
10046920,천안 아늑호텔 1호점,무한대실,불가,-,정보없음,-,2026-05-06 11:40,2026-05-06
10046920,천안 아늑호텔 1호점,싱잉,불가,-,마감,-,2026-05-06 11:40,2026-05-06
10046920,천안 아늑호텔 1호점,골프,불가,-,마감,-,2026-05-06 11:40,2026-05-06
3011037,천안 휴 호텔,스탠다드,가능,"22,000원",가능,"31,450원",2026-05-06 11:41,2026-05-06
3011037,천안 휴 호텔,프리미엄 i5 1060,가능,"22,000원",가능,"34,000원",2026-05-06 11:41,2026-05-06
3011037,천안 휴 호텔,게임룸 1PC i5 1660,가능,"22,000원",가능,"35,700원",2026-05-06 11:41,2026-05-06
3011037,천안 휴 호텔,커플PC룸 i5 RTX3060,가능,"25,000원",가능,"38,250원",2026-05-06 11:41,2026-05-06
3011037,천안 휴 호텔,VIP힐링 i5 1060,가능,"40,000원",가능,"42,500원",2026-05-06 11:41,2026-05-06
3011037,천안 휴 호텔,VIP트윈,가능,"40,000원",가능,"42,500원",2026-05-06 11:41,2026-05-06
3011037,천안 휴 호텔,VIP커플PC i5 RTX3060,가능,"40,000원",가능,"42,500원",2026-05-06 11:41,2026-05-06
1018942,천안 벨리노,디럭스,가능,"20,000원",가능,"35,000원",2026-05-06 11:41,2026-05-06
1018942,천안 벨리노,프리미엄,가능,"20,000원",가능,"40,000원",2026-05-06 11:41,2026-05-06
1018942,천안 벨리노,테라스룸,가능,"23,000원",가능,"45,000원",2026-05-06 11:41,2026-05-06
1018942,천안 벨리노,"디럭스 2PC - i5,RTX3060",가능,"25,000원",가능,"45,000원",2026-05-06 11:41,2026-05-06
1018942,천안 벨리노,"테라스 2PC i5,RTX3060",가능,"30,000원",가능,"50,000원",2026-05-06 11:41,2026-05-06
1018942,천안 벨리노,VIP 테라스,가능,"30,000원",가능,"55,000원",2026-05-06 11:41,2026-05-06
3015801,천안 아도라,더블룸 2인,가능,"20,000원",가능,"35,000원",2026-05-06 11:41,2026-05-06
3015801,천안 아도라,투베드,불가,-,가능,"40,000원",2026-05-06 11:41,2026-05-06
3015801,천안 아도라,쓰리베드,불가,-,가능,"50,000원",2026-05-06 11:41,2026-05-06
3015801,천안 아도라,포베드룸,정보없음,-,가능,"60,000원",2026-05-06 11:41,2026-05-06
10048575,천안 아늑호텔 2호점,도보특가 - 연박 예약 및 차량불가,가능,"22,000원",가능,"33,000원",2026-05-06 11:41,2026-05-06
10048575,천안 아늑호텔 2호점,아늑 스탠다드,가능,"26,000원",가능,"43,000원",2026-05-06 11:41,2026-05-06
10048575,천안 아늑호텔 2호점,뮤직,가능,"30,000원",가능,"50,000원",2026-05-06 11:41,2026-05-06
10048575,천안 아늑호텔 2호점,요가,가능,"30,000원",가능,"55,000원",2026-05-06 11:41,2026-05-06
10048575,천안 아늑호텔 2호점,비즈니스,가능,"30,000원",가능,"55,000원",2026-05-06 11:41,2026-05-06
10048575,천안 아늑호텔 2호점,무비,가능,"40,000원",가능,"65,000원",2026-05-06 11:41,2026-05-06
10048575,천안 아늑호텔 2호점,반려견동반,정보없음,-,가능,"75,000원",2026-05-06 11:41,2026-05-06
10048575,천안 아늑호텔 2호점,파티룸-다이닝,정보없음,-,가능,"95,000원",2026-05-06 11:41,2026-05-06
10048575,천안 아늑호텔 2호점,스파,정보없음,-,가능,"95,000원",2026-05-06 11:41,2026-05-06
10048575,천안 아늑호텔 2호점,반려견동반 - 스위트,정보없음,-,가능,"115,000원",2026-05-06 11:41,2026-05-06
10048575,천안 아늑호텔 2호점,무한대실 - 객실랜덤배정,가능,"40,000원",정보없음,-,2026-05-06 11:41,2026-05-06
10048575,천안 아늑호텔 2호점,바베큐 시설 이용 가능-숯+그릴 포함3만원,불가,-,정보없음,-,2026-05-06 11:41,2026-05-06
10048575,천안 아늑호텔 2호점,6시간 스파 이용 패키지 - 스파룸 배정,불가,-,정보없음,-,2026-05-06 11:41,2026-05-06
10048575,천안 아늑호텔 2호점,오픈특가 - 연박 예약 불가,정보없음,-,마감,-,2026-05-06 11:41,2026-05-06
10067448,천안 씨티(CT)모텔,트리플룸,정보없음,-,마감,-,2026-05-06 11:41,2026-05-06
10067448,천안 씨티(CT)모텔,트윈룸,정보없음,-,마감,-,2026-05-06 11:41,2026-05-06
10067448,천안 씨티(CT)모텔,싱글룸,정보없음,-,마감,-,2026-05-06 11:41,2026-05-06
1017961,천안 GLORY HOTEL-구 NO.25,주차불가,가능,"20,000원",가능,"34,000원",2026-05-06 11:41,2026-05-06
1017961,천안 GLORY HOTEL-구 NO.25,스탠다드 - 넷플릭스,가능,"23,000원",가능,"38,250원",2026-05-06 11:41,2026-05-06
1017961,천안 GLORY HOTEL-구 NO.25,프리미엄,가능,"25,000원",가능,"42,500원",2026-05-06 11:41,2026-05-06
1017961,천안 GLORY HOTEL-구 NO.25,스위트,가능,"30,000원",가능,"48,450원",2026-05-06 11:41,2026-05-06
1017961,천안 GLORY HOTEL-구 NO.25,비즈니스 트윈,가능,"30,000원",가능,"51,000원",2026-05-06 11:41,2026-05-06
1017961,천안 GLORY HOTEL-구 NO.25,늦은입실-늦은퇴실,가능,"33,000원",가능,"55,250원",2026-05-06 11:41,2026-05-06
1017961,천안 GLORY HOTEL-구 NO.25,빠른입실-늦은퇴실,가능,"35,000원",가능,"59,500원",2026-05-06 11:41,2026-05-06
1000111785,천안 베니키아 호텔,선착순 특가,가능,"25,000원",가능,"34,000원",2026-05-06 11:41,2026-05-06
1000111785,천안 베니키아 호텔,1인 비지니스 특가,정보없음,-,가능,"38,250원",2026-05-06 11:41,2026-05-06
1000111785,천안 베니키아 호텔,스탠다드 더블,가능,"27,000원",가능,"42,500원",2026-05-06 11:41,2026-05-06
1000111785,천안 베니키아 호텔,슈페리어,가능,"30,000원",가능,"59,500원",2026-05-06 11:41,2026-05-06
1000111785,천안 베니키아 호텔,슈페리어미니트윈-2인실 싱글+싱글,정보없음,-,가능,"68,000원",2026-05-06 11:41,2026-05-06
1000111785,천안 베니키아 호텔,디럭스,정보없음,-,가능,"76,500원",2026-05-06 11:41,2026-05-06
1000111785,천안 베니키아 호텔,디럭스 미니트윈 - 3인실 더블+싱글,정보없음,-,가능,"100,000원",2026-05-06 11:41,2026-05-06
1000111785,천안 베니키아 호텔,세미나실,정보없음,-,가능,"100,000원",2026-05-06 11:41,2026-05-06
1000111785,천안 베니키아 호텔,스탠다드패밀리트윈,정보없음,-,가능,"100,000원",2026-05-06 11:41,2026-05-06
1000111785,천안 베니키아 호텔,디럭스패밀리트윈,정보없음,-,가능,"110,000원",2026-05-06 11:41,2026-05-06
1000111785,천안 베니키아 호텔,그랜드 패밀리 트윈,정보없음,-,가능,"120,000원",2026-05-06 11:41,2026-05-06
1000111785,천안 베니키아 호텔,그랜드 패밀리트윈+테라스이용,정보없음,-,가능,"150,000원",2026-05-06 11:41,2026-05-06
1000111785,천안 베니키아 호텔,스탠다드더블-2인조식포함,정보없음,-,마감,-,2026-05-06 11:41,2026-05-06
1000111785,천안 베니키아 호텔,스탠다드더블-1인조식포함,정보없음,-,마감,-,2026-05-06 11:41,2026-05-06
25403,천안 아늑료칸 요수리구리 호텔,도보 특가-도보 고객 초특가 우대 할인,가능,"23,000원",가능,"35,000원",2026-05-06 11:41,2026-05-06
25403,천안 아늑료칸 요수리구리 호텔,아트 룸 스탠다드,가능,"30,000원",가능,"45,000원",2026-05-06 11:41,2026-05-06
25403,천안 아늑료칸 요수리구리 호텔,아트 디럭스,정보없음,-,가능,"55,000원",2026-05-06 11:41,2026-05-06
25403,천안 아늑료칸 요수리구리 호텔,카툰,정보없음,-,가능,"65,000원",2026-05-06 11:41,2026-05-06
25403,천안 아늑료칸 요수리구리 호텔,시네마,정보없음,-,가능,"65,000원",2026-05-06 11:41,2026-05-06
25403,천안 아늑료칸 요수리구리 호텔,배달앱 패키지-배민 1만원 기프티콘 + 랜덤 객실,정보없음,-,가능,"75,000원",2026-05-06 11:41,2026-05-06
25403,천안 아늑료칸 요수리구리 호텔,별다방 패키지-스타벅스 기프티콘 2잔+랜덤 객실,정보없음,-,가능,"75,000원",2026-05-06 11:41,2026-05-06
25403,천안 아늑료칸 요수리구리 호텔,요가 디럭스,정보없음,-,가능,"85,000원",2026-05-06 11:41,2026-05-06
25403,천안 아늑료칸 요수리구리 호텔,요가 슈퍼 디럭스,정보없음,-,가능,"95,000원",2026-05-06 11:41,2026-05-06
25403,천안 아늑료칸 요수리구리 호텔,스파 패밀리,정보없음,-,가능,"135,000원",2026-05-06 11:41,2026-05-06
25403,천안 아늑료칸 요수리구리 호텔,스파 스위트,정보없음,-,가능,"135,000원",2026-05-06 11:41,2026-05-06
25403,천안 아늑료칸 요수리구리 호텔,스파 테라스 무비,정보없음,-,가능,"135,000원",2026-05-06 11:41,2026-05-06
25403,천안 아늑료칸 요수리구리 호텔,패밀리 스위트,정보없음,-,가능,"145,000원",2026-05-06 11:41,2026-05-06
25403,천안 아늑료칸 요수리구리 호텔,프라이빗 캠핑 패키지-바베큐 가능 단독 캠핑존+랜덤 객실,정보없음,-,가능,"145,000원",2026-05-06 11:41,2026-05-06
25403,천안 아늑료칸 요수리구리 호텔,패밀리 스위트 캠핑장,정보없음,-,가능,"195,000원",2026-05-06 11:41,2026-05-06
26666,천안 호텔 비지니스,Event Room,가능,"17,000원",가능,"32,000원",2026-05-06 11:41,2026-05-06
26666,천안 호텔 비지니스,Suite 조식없음,가능,"27,000원",가능,"47,000원",2026-05-06 11:41,2026-05-06
26666,천안 호텔 비지니스,Business Twin -조식 미포함,가능,"27,000원",가능,"47,000원",2026-05-06 11:41,2026-05-06
26666,천안 호텔 비지니스,싱글룸-일요일 조식 미제공,가능,"22,000원",가능,"52,000원",2026-05-06 11:41,2026-05-06
26666,천안 호텔 비지니스,Suite,가능,"27,000원",가능,"57,000원",2026-05-06 11:41,2026-05-06
26666,천안 호텔 비지니스,Suite 1인 조식,가능,"27,000원",가능,"57,000원",2026-05-06 11:41,2026-05-06
26666,천안 호텔 비지니스,Phantom Suite-일요일 조식 미제공,가능,"27,000원",가능,"74,000원",2026-05-06 11:41,2026-05-06
26666,천안 호텔 비지니스,Twin-일요일 조식 미제공,가능,"27,000원",가능,"74,000원",2026-05-06 11:41,2026-05-06
26666,천안 호텔 비지니스,Movie Room-일요일 조식 미제공,불가,-,마감,-,2026-05-06 11:41,2026-05-06
10045823,천안 앙상블,일반 더블,정보없음,-,가능,"45,000원",2026-05-06 11:42,2026-05-06
10045823,천안 앙상블,특실,정보없음,-,가능,"55,000원",2026-05-06 11:42,2026-05-06
10045823,천안 앙상블,일반 트윈,정보없음,-,가능,"55,000원",2026-05-06 11:42,2026-05-06
26521,천안 호텔 루이스,게임1pc,정보없음,-,가능,"40,000원",2026-05-06 11:42,2026-05-06
26521,천안 호텔 루이스,트윈룸,정보없음,-,가능,"40,000원",2026-05-06 11:42,2026-05-06
26521,천안 호텔 루이스,일반실,정보없음,-,가능,"40,000원",2026-05-06 11:42,2026-05-06
26521,천안 호텔 루이스,안마의자룸,정보없음,-,가능,"50,000원",2026-05-06 11:42,2026-05-06
26521,천안 호텔 루이스,무비방,정보없음,-,마감,-,2026-05-06 11:42,2026-05-06
26521,천안 호텔 루이스,무비방,정보없음,-,마감,-,2026-05-06 11:42,2026-05-06
26521,천안 호텔 루이스,게임2pc,정보없음,-,마감,-,2026-05-06 11:42,2026-05-06
26521,천안 호텔 루이스,커플PC룸,정보없음,-,마감,-,2026-05-06 11:42,2026-05-06
28084,청주 우암 아늑호텔 1호점,2PC,가능,"35,000원",가능,"58,000원",2026-05-06 11:42,2026-05-06
28084,청주 우암 아늑호텔 1호점,북&뮤직,가능,"35,000원",가능,"58,000원",2026-05-06 11:42,2026-05-06
28084,청주 우암 아늑호텔 1호점,비즈니스,가능,"35,000원",마감,-,2026-05-06 11:42,2026-05-06
28084,청주 우암 아늑호텔 1호점,웰니스,가능,"35,000원",가능,"68,000원",2026-05-06 11:42,2026-05-06
28084,청주 우암 아늑호텔 1호점,닌텐도,가능,"40,000원",가능,"68,000원",2026-05-06 11:42,2026-05-06
28084,청주 우암 아늑호텔 1호점,무비,가능,"50,000원",가능,"83,000원",2026-05-06 11:42,2026-05-06
28084,청주 우암 아늑호텔 1호점,스크린+수제맥주 PKG,정보없음,-,가능,"93,000원",2026-05-06 11:42,2026-05-06
28084,청주 우암 아늑호텔 1호점,스파,가능,"70,000원",가능,"133,000원",2026-05-06 11:42,2026-05-06
28084,청주 우암 아늑호텔 1호점,도보특가,가능,"25,000원",마감,-,2026-05-06 11:42,2026-05-06
28084,청주 우암 아늑호텔 1호점,스탠다드,가능,"30,000원",마감,-,2026-05-06 11:42,2026-05-06
28084,청주 우암 아늑호텔 1호점,무한대실,가능,"45,000원",정보없음,-,2026-05-06 11:42,2026-05-06
28084,청주 우암 아늑호텔 1호점,기프티콘 PKG 3만원,정보없음,-,마감,-,2026-05-06 11:42,2026-05-06
28084,청주 우암 아늑호텔 1호점,기프티콘 PKG 2만원,정보없음,-,마감,-,2026-05-06 11:42,2026-05-06
28084,청주 우암 아늑호텔 1호점,기프티콘 PKG 1만원,정보없음,-,마감,-,2026-05-06 11:42,2026-05-06
28084,청주 우암 아늑호텔 1호점,빠른 입실,정보없음,-,마감,-,2026-05-06 11:42,2026-05-06
28084,청주 우암 아늑호텔 1호점,늦은 퇴실,정보없음,-,마감,-,2026-05-06 11:42,2026-05-06
26397,청주 호텔 본,일반실,가능,"25,000원",가능,"45,000원",2026-05-06 11:42,2026-05-06
26397,청주 호텔 본,준특실,가능,"28,000원",가능,"50,000원",2026-05-06 11:42,2026-05-06
26397,청주 호텔 본,드라이브 인,가능,"30,000원",가능,"50,000원",2026-05-06 11:42,2026-05-06
26397,청주 호텔 본,스타일러,가능,"33,000원",가능,"55,000원",2026-05-06 11:42,2026-05-06
26397,청주 호텔 본,트윈,정보없음,-,가능,"55,000원",2026-05-06 11:42,2026-05-06
26397,청주 호텔 본,안마의자,정보없음,-,가능,"60,000원",2026-05-06 11:42,2026-05-06
26397,청주 호텔 본,특실,정보없음,-,가능,"67,000원",2026-05-06 11:42,2026-05-06
26397,청주 호텔 본,스위트,정보없음,-,가능,"80,000원",2026-05-06 11:42,2026-05-06
1018700,청주 벤호텔 청주대점,"도보특가-주차불가, 차량 미소유",가능,"17,000원",가능,"34,000원",2026-05-06 11:42,2026-05-06
1018700,청주 벤호텔 청주대점,스탠다드,가능,"20,000원",마감,-,2026-05-06 11:42,2026-05-06
1018700,청주 벤호텔 청주대점,미니룸 - 1인 전용실,불가,-,마감,-,2026-05-06 11:42,2026-05-06
1018700,청주 벤호텔 청주대점,프리미엄,불가,-,마감,-,2026-05-06 11:42,2026-05-06
1018700,청주 벤호텔 청주대점,스탠다드 트윈,불가,-,마감,-,2026-05-06 11:42,2026-05-06
1018700,청주 벤호텔 청주대점,늦은퇴실,불가,-,마감,-,2026-05-06 11:42,2026-05-06
1000108428,청주 브라운도트 청주시청점,도보특가,불가,-,가능,"36,000원",2026-05-06 11:42,2026-05-06
1000108428,청주 브라운도트 청주시청점,스탠다드,가능,"17,000원",가능,"40,500원",2026-05-06 11:42,2026-05-06
1000108428,청주 브라운도트 청주시청점,슈페리어,가능,"22,000원",가능,"45,000원",2026-05-06 11:42,2026-05-06
1000108428,청주 브라운도트 청주시청점,디럭스,가능,"22,000원",가능,"54,000원",2026-05-06 11:42,2026-05-06
1000108428,청주 브라운도트 청주시청점,프리미엄,가능,"27,000원",가능,"58,500원",2026-05-06 11:42,2026-05-06
1000108428,청주 브라운도트 청주시청점,프리미엄 S,정보없음,-,가능,"58,500원",2026-05-06 11:42,2026-05-06
1000108428,청주 브라운도트 청주시청점,Late Check-in,정보없음,-,가능,"58,500원",2026-05-06 11:42,2026-05-06
1000108428,청주 브라운도트 청주시청점,Early Check-in,정보없음,-,가능,"58,500원",2026-05-06 11:42,2026-05-06
1000108428,청주 브라운도트 청주시청점,Guest Room,정보없음,-,가능,"58,500원",2026-05-06 11:42,2026-05-06
1000108428,청주 브라운도트 청주시청점,커플PC룸,정보없음,-,마감,-,2026-05-06 11:42,2026-05-06
10048018,청주 우암 아늑호텔 2호점,"도보특가 - 객실 랜덤배정, 차량불가",가능,"25,000원",가능,"50,000원",2026-05-06 11:42,2026-05-06
10048018,청주 우암 아늑호텔 2호점,스탠다드,가능,"30,000원",가능,"55,000원",2026-05-06 11:42,2026-05-06
10048018,청주 우암 아늑호텔 2호점,비즈니스,가능,"32,000원",가능,"60,000원",2026-05-06 11:42,2026-05-06
10048018,청주 우암 아늑호텔 2호점,2PC,가능,"35,000원",마감,-,2026-05-06 11:42,2026-05-06
10048018,청주 우암 아늑호텔 2호점,트윈,가능,"35,000원",가능,"70,000원",2026-05-06 11:42,2026-05-06
10048018,청주 우암 아늑호텔 2호점,무비,가능,"40,000원",가능,"70,000원",2026-05-06 11:42,2026-05-06
10048018,청주 우암 아늑호텔 2호점,닌텐도,가능,"40,000원",가능,"70,000원",2026-05-06 11:42,2026-05-06
10048018,청주 우암 아늑호텔 2호점,스크린+수제맥주 PKG,정보없음,-,가능,"70,000원",2026-05-06 11:42,2026-05-06
10048018,청주 우암 아늑호텔 2호점,빠른 입실,정보없음,-,가능,"80,000원",2026-05-06 11:42,2026-05-06
10048018,청주 우암 아늑호텔 2호점,늦은 퇴실,정보없음,-,가능,"80,000원",2026-05-06 11:42,2026-05-06
10048018,청주 우암 아늑호텔 2호점,스파,가능,"65,000원",마감,-,2026-05-06 11:42,2026-05-06
10048018,청주 우암 아늑호텔 2호점,무한대실- 객실 랜덤 배정,가능,"45,000원",정보없음,-,2026-05-06 11:42,2026-05-06
10048018,청주 우암 아늑호텔 2호점,하루특가,정보없음,-,마감,-,2026-05-06 11:42,2026-05-06
10048018,청주 우암 아늑호텔 2호점,기프티콘 PKG 3만원,정보없음,-,마감,-,2026-05-06 11:42,2026-05-06
10048018,청주 우암 아늑호텔 2호점,기프티콘 PKG 2만원,정보없음,-,마감,-,2026-05-06 11:42,2026-05-06
10048018,청주 우암 아늑호텔 2호점,기프티콘 PKG 1만원,정보없음,-,마감,-,2026-05-06 11:42,2026-05-06
28226,청주 북문로 아모르,스탠다드 미러룸 - 소독완료,가능,"18,000원",가능,"36,000원",2026-05-06 11:42,2026-05-06
28226,청주 북문로 아모르,디럭스 A - 소독완료,가능,"19,800원",가능,"40,500원",2026-05-06 11:42,2026-05-06
28226,청주 북문로 아모르,디럭스 B - 소독완료,정보없음,-,가능,"40,500원",2026-05-06 11:42,2026-05-06
28226,청주 북문로 아모르,커플 PC - 소독완료,가능,"22,500원",가능,"45,000원",2026-05-06 11:42,2026-05-06
28226,청주 북문로 아모르,프리미엄 - 소독완료,가능,"22,500원",가능,"45,000원",2026-05-06 11:42,2026-05-06
28226,청주 북문로 아모르,Late Check-out,정보없음,-,가능,"54,000원",2026-05-06 11:42,2026-05-06
28226,청주 북문로 아모르,VIP트윈 - 소독완료,정보없음,-,가능,"54,000원",2026-05-06 11:42,2026-05-06
28226,청주 북문로 아모르,Time Sale,정보없음,-,마감,-,2026-05-06 11:42,2026-05-06
28226,청주 북문로 아모르,도보특가,정보없음,-,마감,-,2026-05-06 11:42,2026-05-06
24366,청주 어반브라운 호텔,스탠다드,가능,"30,000원",가능,"70,000원",2026-05-06 11:42,2026-05-06
24366,청주 어반브라운 호텔,디럭스,가능,"30,000원",가능,"80,000원",2026-05-06 11:42,2026-05-06
24366,청주 어반브라운 호텔,트윈A,가능,"40,000원",가능,"90,000원",2026-05-06 11:42,2026-05-06
24366,청주 어반브라운 호텔,프리미엄 2PC,가능,"40,000원",가능,"90,000원",2026-05-06 11:42,2026-05-06
24366,청주 어반브라운 호텔,프리미엄 안마,가능,"40,000원",가능,"90,000원",2026-05-06 11:42,2026-05-06
24366,청주 어반브라운 호텔,프리미엄 무비,가능,"40,000원",가능,"90,000원",2026-05-06 11:42,2026-05-06
24366,청주 어반브라운 호텔,트윈S,가능,"50,000원",가능,"100,000원",2026-05-06 11:42,2026-05-06
24366,청주 어반브라운 호텔,VIP,가능,"60,000원",가능,"120,000원",2026-05-06 11:42,2026-05-06
1000101047,청주 북문로 샹보르,디럭스,불가,-,가능,"40,000원",2026-05-06 11:43,2026-05-06
1000101047,청주 북문로 샹보르,2PC룸,불가,-,가능,"50,000원",2026-05-06 11:43,2026-05-06
1000101047,청주 북문로 샹보르,늦은퇴실,정보없음,-,가능,"60,000원",2026-05-06 11:43,2026-05-06
1000101047,청주 북문로 샹보르,트윈룸,불가,-,가능,"60,000원",2026-05-06 11:43,2026-05-06
1000101047,청주 북문로 샹보르,VIP룸,불가,-,가능,"60,000원",2026-05-06 11:43,2026-05-06
10041035,구미 인동 노마드 아늑호텔,도보특가,가능,"30,000원",가능,"45,000원",2026-05-06 11:43,2026-05-06
10041035,구미 인동 노마드 아늑호텔,스탠다드,가능,"35,000원",가능,"55,000원",2026-05-06 11:43,2026-05-06
10041035,구미 인동 노마드 아늑호텔,비즈니스 - 스타일러,불가,-,가능,"65,000원",2026-05-06 11:43,2026-05-06
10041035,구미 인동 노마드 아늑호텔,2PC,불가,-,가능,"65,000원",2026-05-06 11:43,2026-05-06
10041035,구미 인동 노마드 아늑호텔,스파,정보없음,-,가능,"90,000원",2026-05-06 11:43,2026-05-06
10041035,구미 인동 노마드 아늑호텔,기프티콘PKG 3만원 - N포인트 상품권,정보없음,-,가능,"110,000원",2026-05-06 11:43,2026-05-06
10041035,구미 인동 노마드 아늑호텔,기프티콘PKG 4만원 - N포인트 상품권,정보없음,-,가능,"120,000원",2026-05-06 11:43,2026-05-06
10041035,구미 인동 노마드 아늑호텔,인피니티 데이유즈 - 무한대실,가능,"40,000원",정보없음,-,2026-05-06 11:43,2026-05-06
10041035,구미 인동 노마드 아늑호텔,기프티콘PKG 2만원 - N포인트 상품권,정보없음,-,가능,"100,000원",2026-05-06 11:43,2026-05-06
10041035,구미 인동 노마드 아늑호텔,기프티콘PKG 1만원 - N포인트 상품권,정보없음,-,가능,"80,000원",2026-05-06 11:43,2026-05-06
10041035,구미 인동 노마드 아늑호텔,스크린+수제맥주 PKG,정보없음,-,마감,-,2026-05-06 11:43,2026-05-06
1020526,구미 인동 호텔여기어때 2호점,Deluxe A,가능,"25,000원",가능,"65,000원",2026-05-06 11:43,2026-05-06
1020526,구미 인동 호텔여기어때 2호점,Deluxe B,가능,"30,000원",가능,"70,000원",2026-05-06 11:43,2026-05-06
1020526,구미 인동 호텔여기어때 2호점,늦은퇴실,정보없음,-,가능,"75,000원",2026-05-06 11:43,2026-05-06
1020526,구미 인동 호텔여기어때 2호점,Suite,가능,"35,000원",마감,-,2026-05-06 11:43,2026-05-06
1020526,구미 인동 호텔여기어때 2호점,선착순 특가,정보없음,-,마감,-,2026-05-06 11:43,2026-05-06
3012296,구미 인동 호텔 까사 보니따,스탠다드,불가,-,가능,"57,000원",2026-05-06 11:43,2026-05-06
3012296,구미 인동 호텔 까사 보니따,디럭스,불가,-,가능,"62,000원",2026-05-06 11:43,2026-05-06
3012296,구미 인동 호텔 까사 보니따,스타일러룸 - 일반,불가,-,가능,"70,000원",2026-05-06 11:43,2026-05-06
3012296,구미 인동 호텔 까사 보니따,스타일러룸 - 욕조,불가,-,가능,"72,000원",2026-05-06 11:43,2026-05-06
3012296,구미 인동 호텔 까사 보니따,비즈니스 - 1PC,불가,-,가능,"77,000원",2026-05-06 11:43,2026-05-06
3012296,구미 인동 호텔 까사 보니따,2PC룸,불가,-,가능,"80,000원",2026-05-06 11:43,2026-05-06
3012296,구미 인동 호텔 까사 보니따,트윈룸,정보없음,-,가능,"87,000원",2026-05-06 11:43,2026-05-06
3012296,구미 인동 호텔 까사 보니따,스위트,정보없음,-,가능,"97,000원",2026-05-06 11:43,2026-05-06
3012296,구미 인동 호텔 까사 보니따,무한대실 - 운영시간 10시 - 19시,가능,"33,000원",정보없음,-,2026-05-06 11:43,2026-05-06
10042443,구미 인동 타임 호텔,더블,정보없음,-,가능,"83,000원",2026-05-06 11:43,2026-05-06
10042443,구미 인동 타임 호텔,트윈,정보없음,-,가능,"89,000원",2026-05-06 11:43,2026-05-06
10042443,구미 인동 타임 호텔,패밀리 트윈,정보없음,-,가능,"104,000원",2026-05-06 11:43,2026-05-06
10041032,구미 인동 오브젝트 아늑호텔,도보특가,가능,"25,000원",가능,"48,000원",2026-05-06 11:43,2026-05-06
10041032,구미 인동 오브젝트 아늑호텔,오픈특가,가능,"30,000원",가능,"58,000원",2026-05-06 11:43,2026-05-06
10041032,구미 인동 오브젝트 아늑호텔,비즈니스 - 스타일러,불가,-,가능,"63,000원",2026-05-06 11:43,2026-05-06
10041032,구미 인동 오브젝트 아늑호텔,스탠다드,불가,-,가능,"63,000원",2026-05-06 11:43,2026-05-06
10041032,구미 인동 오브젝트 아늑호텔,비즈니스 명상 - 스타일러,불가,-,가능,"68,000원",2026-05-06 11:43,2026-05-06
10041032,구미 인동 오브젝트 아늑호텔,2PC - 게이밍,불가,-,가능,"68,000원",2026-05-06 11:43,2026-05-06
10041032,구미 인동 오브젝트 아늑호텔,무비,불가,-,가능,"83,000원",2026-05-06 11:43,2026-05-06
10041032,구미 인동 오브젝트 아늑호텔,노래,불가,-,가능,"83,000원",2026-05-06 11:43,2026-05-06
10041032,구미 인동 오브젝트 아늑호텔,트윈,정보없음,-,가능,"83,000원",2026-05-06 11:43,2026-05-06
10041032,구미 인동 오브젝트 아늑호텔,인피니티 데이유즈 - 무한대실,가능,"40,000원",정보없음,-,2026-05-06 11:43,2026-05-06
10041032,구미 인동 오브젝트 아늑호텔,기프티콘PKG 2만원 - N포인트 상품권,정보없음,-,가능,"93,000원",2026-05-06 11:43,2026-05-06
10041032,구미 인동 오브젝트 아늑호텔,기프티콘PKG 1만원 - N포인트 상품권,정보없음,-,가능,"73,000원",2026-05-06 11:43,2026-05-06
10041032,구미 인동 오브젝트 아늑호텔,6시간 스파 이용,불가,-,정보없음,-,2026-05-06 11:43,2026-05-06
10041032,구미 인동 오브젝트 아늑호텔,스파,정보없음,-,마감,-,2026-05-06 11:43,2026-05-06
3014180,구미 인동 Hotel 7 Plus,도보특가,가능,"30,000원",가능,"43,000원",2026-05-06 11:43,2026-05-06
3014180,구미 인동 Hotel 7 Plus,스탠다드A,가능,"30,000원",가능,"43,000원",2026-05-06 11:43,2026-05-06
3014180,구미 인동 Hotel 7 Plus,스탠다드B,정보없음,-,가능,"43,000원",2026-05-06 11:43,2026-05-06
3014180,구미 인동 Hotel 7 Plus,디럭스,가능,"30,000원",가능,"48,000원",2026-05-06 11:43,2026-05-06
3014180,구미 인동 Hotel 7 Plus,늦은퇴실 - 랜덤배정,가능,"35,000원",가능,"48,000원",2026-05-06 11:43,2026-05-06
3014180,구미 인동 Hotel 7 Plus,스위트,가능,"35,000원",가능,"53,000원",2026-05-06 11:43,2026-05-06
3014180,구미 인동 Hotel 7 Plus,트윈,정보없음,-,가능,"53,000원",2026-05-06 11:43,2026-05-06
3014180,구미 인동 Hotel 7 Plus,VIP B,가능,"40,000원",가능,"63,000원",2026-05-06 11:43,2026-05-06
3014180,구미 인동 Hotel 7 Plus,VIP A,가능,"40,000원",가능,"63,000원",2026-05-06 11:43,2026-05-06
3014180,구미 인동 Hotel 7 Plus,게이밍룸,불가,-,가능,"63,000원",2026-05-06 11:43,2026-05-06
3002120,구미 인동 호텔유럽 1호점,일반실/연박시 추가요금 숙소문의,정보없음,-,가능,"50,000원",2026-05-06 11:43,2026-05-06
3002120,구미 인동 호텔유럽 1호점,트윈-더블싱글/연박시 추가요금 숙소문의,정보없음,-,가능,"60,000원",2026-05-06 11:43,2026-05-06
3002120,구미 인동 호텔유럽 1호점,트윈 스페셜-안마의자/연박시 추가요금 숙소문의,정보없음,-,가능,"80,000원",2026-05-06 11:43,2026-05-06
3002120,구미 인동 호텔유럽 1호점,선착순1인 패키지 룸/연박시 추가요금 숙소문의,정보없음,-,가능,"45,000원",2026-05-06 11:43,2026-05-06
3002120,구미 인동 호텔유럽 1호점,얼리체크인EVENT/연박시 추가요금 숙소문의,정보없음,-,마감,-,2026-05-06 11:43,2026-05-06
3017235,구미 인동 국민 호텔,도보전용 특가 - Room Only,정보없음,-,가능,"40,000원",2026-05-06 11:43,2026-05-06
3017235,구미 인동 국민 호텔,스탠다드 - Room Only,가능,"30,000원",가능,"45,000원",2026-05-06 11:43,2026-05-06
3017235,구미 인동 국민 호텔,도보전용 특가 - 조식포함,정보없음,-,가능,"45,000원",2026-05-06 11:43,2026-05-06
3017235,구미 인동 국민 호텔,디럭스 - Room Only,불가,-,가능,"45,000원",2026-05-06 11:43,2026-05-06
3017235,구미 인동 국민 호텔,디럭스 - 조식포함,정보없음,-,가능,"50,000원",2026-05-06 11:43,2026-05-06
3017235,구미 인동 국민 호텔,스탠다드 - 조식포함,정보없음,-,가능,"50,000원",2026-05-06 11:43,2026-05-06
3017235,구미 인동 국민 호텔,스위트 - Room Only,불가,-,가능,"50,000원",2026-05-06 11:43,2026-05-06
3017235,구미 인동 국민 호텔,스위트 - 조식포함,정보없음,-,가능,"55,000원",2026-05-06 11:43,2026-05-06
3017235,구미 인동 국민 호텔,VIP-안마의자 - Room Only,불가,-,가능,"60,000원",2026-05-06 11:43,2026-05-06
3017235,구미 인동 국민 호텔,트윈-더블싱글 - Room Only,정보없음,-,가능,"60,000원",2026-05-06 11:43,2026-05-06
3017235,구미 인동 국민 호텔,VIP-안마의자-조식포함,정보없음,-,가능,"65,000원",2026-05-06 11:43,2026-05-06
3017235,구미 인동 국민 호텔,트윈-더블싱글-조식포함,정보없음,-,가능,"65,000원",2026-05-06 11:43,2026-05-06
3017235,구미 인동 국민 호텔,VIP 2PC게이밍룸 - Room Only,불가,-,가능,"70,000원",2026-05-06 11:43,2026-05-06
3017235,구미 인동 국민 호텔,VIP-2PC게이밍룸-조식포함,정보없음,-,가능,"75,000원",2026-05-06 11:43,2026-05-06
3017235,구미 인동 국민 호텔,"VIP 2PC게이밍룸 - 빠른입실, Room Only",불가,-,가능,"100,000원",2026-05-06 11:43,2026-05-06
100552,전주 산정동 아늑 호텔,오픈특가,가능,"20,000원",가능,"28,000원",2026-05-06 11:44,2026-05-06
100552,전주 산정동 아늑 호텔,스탠다드,가능,"25,000원",가능,"35,000원",2026-05-06 11:44,2026-05-06
100552,전주 산정동 아늑 호텔,만화&음악,정보없음,-,가능,"40,000원",2026-05-06 11:44,2026-05-06
100552,전주 산정동 아늑 호텔,안마의자,정보없음,-,가능,"45,000원",2026-05-06 11:44,2026-05-06
100552,전주 산정동 아늑 호텔,오락실 - 2PC,가능,"30,000원",마감,-,2026-05-06 11:44,2026-05-06
100552,전주 산정동 아늑 호텔,극장,가능,"30,000원",마감,-,2026-05-06 11:44,2026-05-06
100552,전주 산정동 아늑 호텔,기프티콘 패키지 1,정보없음,-,가능,"50,000원",2026-05-06 11:44,2026-05-06
100552,전주 산정동 아늑 호텔,아늑회관B,정보없음,-,가능,"50,000원",2026-05-06 11:44,2026-05-06
100552,전주 산정동 아늑 호텔,비디오 게임방 - 플레이스테이션5,정보없음,-,가능,"50,000원",2026-05-06 11:44,2026-05-06
100552,전주 산정동 아늑 호텔,기프티콘 패키지 2,정보없음,-,가능,"60,000원",2026-05-06 11:44,2026-05-06
100552,전주 산정동 아늑 호텔,늦은퇴실,정보없음,-,가능,"60,000원",2026-05-06 11:44,2026-05-06
100552,전주 산정동 아늑 호텔,빠른입실,정보없음,-,가능,"60,000원",2026-05-06 11:44,2026-05-06
100552,전주 산정동 아늑 호텔,펫룸,정보없음,-,가능,"70,000원",2026-05-06 11:44,2026-05-06
100552,전주 산정동 아늑 호텔,아늑회관A,정보없음,-,가능,"70,000원",2026-05-06 11:44,2026-05-06
100552,전주 산정동 아늑 호텔,무한대실,가능,"35,000원",정보없음,-,2026-05-06 11:44,2026-05-06
1000112630,전주 산정동 바른 숙박 (BARUN STAY),일반실 A 특가 - 금연,불가,-,가능,"35,000원",2026-05-06 11:44,2026-05-06
1000112630,전주 산정동 바른 숙박 (BARUN STAY),일반실 A 특가 - 흡연,불가,-,가능,"35,000원",2026-05-06 11:44,2026-05-06
1000112630,전주 산정동 바른 숙박 (BARUN STAY),일반실 A - 금연,불가,-,가능,"45,000원",2026-05-06 11:44,2026-05-06
1000112630,전주 산정동 바른 숙박 (BARUN STAY),일반실 B - 금연,불가,-,가능,"50,000원",2026-05-06 11:44,2026-05-06
1000112630,전주 산정동 바른 숙박 (BARUN STAY),일반실 C - 금연,불가,-,가능,"50,000원",2026-05-06 11:44,2026-05-06
1000112630,전주 산정동 바른 숙박 (BARUN STAY),특실 트윈 - 금연 / 3인,불가,-,가능,"75,000원",2026-05-06 11:44,2026-05-06
1000112630,전주 산정동 바른 숙박 (BARUN STAY),패밀리 트윈 - 금연 / 4인,불가,-,가능,"95,000원",2026-05-06 11:44,2026-05-06
1000112630,전주 산정동 바른 숙박 (BARUN STAY),패밀리 트리플 - 금연 / 4인,불가,-,가능,"105,000원",2026-05-06 11:44,2026-05-06
1000112630,전주 산정동 바른 숙박 (BARUN STAY),도보 일반실 A 특가 - 금연,불가,-,마감,-,2026-05-06 11:44,2026-05-06
1000112630,전주 산정동 바른 숙박 (BARUN STAY),낮잠 무한대실 - 일반실 A 금연,불가,-,정보없음,-,2026-05-06 11:44,2026-05-06
3012517,전주 산정동 NABI(나비),선착순특가EVENT,정보없음,-,가능,"35,000원",2026-05-06 11:44,2026-05-06
3012517,전주 산정동 NABI(나비),일반실,가능,"30,000원",가능,"40,000원",2026-05-06 11:44,2026-05-06
3012517,전주 산정동 NABI(나비),트윈,정보없음,-,가능,"45,000원",2026-05-06 11:44,2026-05-06
3012517,전주 산정동 NABI(나비),디럭스 고사양 1PC,정보없음,-,가능,"50,000원",2026-05-06 11:44,2026-05-06
3012517,전주 산정동 NABI(나비),고사양 커플PC-트윈,정보없음,-,가능,"60,000원",2026-05-06 11:44,2026-05-06
3012517,전주 산정동 NABI(나비),패밀리룸,정보없음,-,가능,"70,000원",2026-05-06 11:44,2026-05-06
3012517,전주 산정동 NABI(나비),고사양 커플PC-특실,정보없음,-,가능,"70,000원",2026-05-06 11:44,2026-05-06
3012517,전주 산정동 NABI(나비),VIP,정보없음,-,가능,"70,000원",2026-05-06 11:44,2026-05-06
3012517,전주 산정동 NABI(나비),빠른 입실 - 14시 입실,정보없음,-,마감,-,2026-05-06 11:44,2026-05-06
3012517,전주 산정동 NABI(나비),늦은 퇴실 - 14시 퇴실,정보없음,-,마감,-,2026-05-06 11:44,2026-05-06
26395,전주 산정동 칸,일반실,정보없음,-,가능,"35,000원",2026-05-06 11:44,2026-05-06
26395,전주 산정동 칸,준특실A,정보없음,-,가능,"42,000원",2026-05-06 11:44,2026-05-06
26395,전주 산정동 칸,준특실B,정보없음,-,가능,"45,000원",2026-05-06 11:44,2026-05-06
26395,전주 산정동 칸,특실,정보없음,-,가능,"45,000원",2026-05-06 11:44,2026-05-06
26395,전주 산정동 칸,트윈,정보없음,-,가능,"55,000원",2026-05-06 11:44,2026-05-06
26395,전주 산정동 칸,VIP,정보없음,-,가능,"55,000원",2026-05-06 11:44,2026-05-06
26395,전주 산정동 칸,로얄트윈,정보없음,-,가능,"70,000원",2026-05-06 11:44,2026-05-06
26395,전주 산정동 칸,오늘의특가,정보없음,-,마감,-,2026-05-06 11:44,2026-05-06
10047681,부산 남포동 아늑호텔,도보특가,가능,"25,000원",가능,"45,000원",2026-05-06 11:44,2026-05-06
10047681,부산 남포동 아늑호텔,스탠다드룸,가능,"35,000원",가능,"55,000원",2026-05-06 11:44,2026-05-06
10047681,부산 남포동 아늑호텔,비즈니스,가능,"45,000원",가능,"65,000원",2026-05-06 11:44,2026-05-06
10047681,부산 남포동 아늑호텔,플레이스테이션룸,가능,"45,000원",가능,"75,000원",2026-05-06 11:44,2026-05-06
10047681,부산 남포동 아늑호텔,스파,가능,"45,000원",가능,"75,000원",2026-05-06 11:44,2026-05-06
10047681,부산 남포동 아늑호텔,안마의자룸,가능,"45,000원",가능,"75,000원",2026-05-06 11:44,2026-05-06
10047681,부산 남포동 아늑호텔,영화룸,가능,"45,000원",가능,"85,000원",2026-05-06 11:44,2026-05-06
10047681,부산 남포동 아늑호텔,영화+리클라이너,가능,"45,000원",가능,"95,000원",2026-05-06 11:44,2026-05-06
10047681,부산 남포동 아늑호텔,무한대실,가능,"40,000원",마감,-,2026-05-06 11:44,2026-05-06
10047681,부산 남포동 아늑호텔,2PC룸,가능,"45,000원",마감,-,2026-05-06 11:44,2026-05-06
10047681,부산 남포동 아늑호텔,늦은퇴실,불가,-,마감,-,2026-05-06 11:44,2026-05-06
10047681,부산 남포동 아늑호텔,파티룸 - 예약시 업체문의필수,불가,-,마감,-,2026-05-06 11:44,2026-05-06
10047681,부산 남포동 아늑호텔,스크린+수제맥주 PKG,정보없음,-,마감,-,2026-05-06 11:44,2026-05-06
3002286,부산 남포동 소유호텔,스탠다드,가능,"22,000원",가능,"38,000원",2026-05-06 11:44,2026-05-06
3002286,부산 남포동 소유호텔,디럭스 트윈,정보없음,-,가능,"43,000원",2026-05-06 11:44,2026-05-06
3002286,부산 남포동 소유호텔,디럭스,정보없음,-,가능,"43,000원",2026-05-06 11:44,2026-05-06
3002286,부산 남포동 소유호텔,스위트,정보없음,-,가능,"63,000원",2026-05-06 11:44,2026-05-06
3002286,부산 남포동 소유호텔,스위트 트윈,정보없음,-,가능,"83,000원",2026-05-06 11:44,2026-05-06
3002286,부산 남포동 소유호텔,주차불가 스탠다드,정보없음,-,마감,-,2026-05-06 11:44,2026-05-06
24966,부산 남포동 엘리제,도보특가,정보없음,-,가능,"35,000원",2026-05-06 11:44,2026-05-06
24966,부산 남포동 엘리제,선착순 특가,정보없음,-,가능,"40,000원",2026-05-06 11:44,2026-05-06
24966,부산 남포동 엘리제,슈페리어,정보없음,-,가능,"50,000원",2026-05-06 11:44,2026-05-06
24966,부산 남포동 엘리제,슈페리어,정보없음,-,가능,"60,000원",2026-05-06 11:44,2026-05-06
24966,부산 남포동 엘리제,디럭스,정보없음,-,가능,"60,000원",2026-05-06 11:44,2026-05-06
24966,부산 남포동 엘리제,디럭스,정보없음,-,가능,"70,000원",2026-05-06 11:44,2026-05-06
24966,부산 남포동 엘리제,패밀리룸,정보없음,-,마감,-,2026-05-06 11:44,2026-05-06
24966,부산 남포동 엘리제,온돌,정보없음,-,마감,-,2026-05-06 11:44,2026-05-06
3000396,부산 남포동 MU,도보특가-스탠다드,가능,"22,000원",가능,"38,250원",2026-05-06 11:44,2026-05-06
3000396,부산 남포동 MU,스탠다드,가능,"22,000원",가능,"42,500원",2026-05-06 11:44,2026-05-06
3000396,부산 남포동 MU,디럭스,정보없음,-,가능,"46,750원",2026-05-06 11:44,2026-05-06
3000396,부산 남포동 MU,프리미엄,가능,"27,000원",가능,"51,000원",2026-05-06 11:44,2026-05-06
3000396,부산 남포동 MU,디럭스트윈,정보없음,-,가능,"51,000원",2026-05-06 11:44,2026-05-06
3000396,부산 남포동 MU,늦은퇴실,정보없음,-,가능,"59,500원",2026-05-06 11:44,2026-05-06
3000396,부산 남포동 MU,프리미엄트윈,정보없음,-,가능,"59,500원",2026-05-06 11:44,2026-05-06
3000396,부산 남포동 MU,스탠다드 대실 최대 6시간,가능,"32,000원",정보없음,-,2026-05-06 11:44,2026-05-06
3000396,부산 남포동 MU,낮숙박,가능,"47,000원",정보없음,-,2026-05-06 11:44,2026-05-06
10059184,평택 아늑호텔 앤 스파,도보특가 - 주차불가,가능,"22,000원",가능,"40,000원",2026-05-06 11:44,2026-05-06
10059184,평택 아늑호텔 앤 스파,스탠다드,가능,"30,000원",가능,"40,000원",2026-05-06 11:44,2026-05-06
10059184,평택 아늑호텔 앤 스파,웰니스,가능,"35,000원",가능,"50,000원",2026-05-06 11:44,2026-05-06
10059184,평택 아늑호텔 앤 스파,2PC,가능,"35,000원",가능,"60,000원",2026-05-06 11:44,2026-05-06
10059184,평택 아늑호텔 앤 스파,뮤직 I LP,가능,"35,000원",가능,"60,000원",2026-05-06 11:44,2026-05-06
10059184,평택 아늑호텔 앤 스파,비즈니스패키지1,정보없음,-,가능,"60,000원",2026-05-06 11:44,2026-05-06
10059184,평택 아늑호텔 앤 스파,얼리 체크인 - Early Check-In,정보없음,-,가능,"70,000원",2026-05-06 11:44,2026-05-06
10059184,평택 아늑호텔 앤 스파,비즈니스패키지2,정보없음,-,가능,"70,000원",2026-05-06 11:44,2026-05-06
10059184,평택 아늑호텔 앤 스파,늦은퇴실 - Late-Check Out,정보없음,-,가능,"80,000원",2026-05-06 11:44,2026-05-06
10059184,평택 아늑호텔 앤 스파,트윈 I 온돌,불가,-,가능,"90,000원",2026-05-06 11:44,2026-05-06
10059184,평택 아늑호텔 앤 스파,시그니처 I 스파,불가,-,가능,"110,000원",2026-05-06 11:44,2026-05-06
10059184,평택 아늑호텔 앤 스파,"시그니처 I 무비, 사우나",불가,-,가능,"120,000원",2026-05-06 11:44,2026-05-06
10059184,평택 아늑호텔 앤 스파,오픈특가,정보없음,-,마감,-,2026-05-06 11:44,2026-05-06
1000112036,송탄 하운드 평택송탄,Standard A,가능,"30,000원",가능,"45,000원",2026-05-06 11:45,2026-05-06
1000112036,송탄 하운드 평택송탄,Standard B,가능,"30,000원",가능,"50,000원",2026-05-06 11:45,2026-05-06
1000112036,송탄 하운드 평택송탄,Deluxe A,가능,"35,000원",가능,"55,000원",2026-05-06 11:45,2026-05-06
1000112036,송탄 하운드 평택송탄,Deluxe Twin,정보없음,-,가능,"65,000원",2026-05-06 11:45,2026-05-06
1000112036,송탄 하운드 평택송탄,별빛테라스,정보없음,-,가능,"75,000원",2026-05-06 11:45,2026-05-06
1000112036,송탄 하운드 평택송탄,Suite A,정보없음,-,가능,"85,000원",2026-05-06 11:45,2026-05-06
1000112036,송탄 하운드 평택송탄,Suite C,정보없음,-,가능,"94,000원",2026-05-06 11:45,2026-05-06
1000112036,송탄 하운드 평택송탄,Suite B,정보없음,-,가능,"95,000원",2026-05-06 11:45,2026-05-06
1000112036,송탄 하운드 평택송탄,Deluxe B,가능,"35,000원",마감,-,2026-05-06 11:45,2026-05-06
3008698,송탄 마리포사,도보특가 랜덤배정,가능,"30,000원",가능,"45,000원",2026-05-06 11:45,2026-05-06
3008698,송탄 마리포사,스탠다드,가능,"25,000원",가능,"50,000원",2026-05-06 11:45,2026-05-06
3008698,송탄 마리포사,디럭스B,가능,"30,000원",가능,"55,000원",2026-05-06 11:45,2026-05-06
3008698,송탄 마리포사,디럭스A,가능,"35,000원",가능,"60,000원",2026-05-06 11:45,2026-05-06
3008698,송탄 마리포사,디럭스 트윈,불가,-,가능,"65,000원",2026-05-06 11:45,2026-05-06
3008698,송탄 마리포사,스위트,가능,"40,000원",가능,"85,000원",2026-05-06 11:45,2026-05-06
3008698,송탄 마리포사,스위트 트윈,불가,-,가능,"85,000원",2026-05-06 11:45,2026-05-06
3017413,송탄 알로 호텔,미니룸,불가,-,가능,"34,500원",2026-05-06 11:45,2026-05-06
3017413,송탄 알로 호텔,스탠다드,불가,-,가능,"38,900원",2026-05-06 11:45,2026-05-06
3017413,송탄 알로 호텔,프리미엄 B,불가,-,가능,"54,900원",2026-05-06 11:45,2026-05-06
3017413,송탄 알로 호텔,디럭스,불가,-,마감,-,2026-05-06 11:45,2026-05-06
3017413,송탄 알로 호텔,트윈룸,불가,-,마감,-,2026-05-06 11:45,2026-05-06
3017413,송탄 알로 호텔,프리미엄A,불가,-,마감,-,2026-05-06 11:45,2026-05-06
3017413,송탄 알로 호텔,도보특가,정보없음,-,마감,-,2026-05-06 11:45,2026-05-06
10059842,신림 심도 호텔 앤 스파 by 아늑,도보특가,가능,"37,000원",가능,"65,000원",2026-05-06 11:45,2026-05-06
10059842,신림 심도 호텔 앤 스파 by 아늑,당일특가,정보없음,-,가능,"70,000원",2026-05-06 11:45,2026-05-06
10059842,신림 심도 호텔 앤 스파 by 아늑,스탠다드-STANDARD,가능,"37,000원",가능,"75,000원",2026-05-06 11:45,2026-05-06
10059842,신림 심도 호텔 앤 스파 by 아늑,2PC,가능,"42,000원",가능,"85,000원",2026-05-06 11:45,2026-05-06
10059842,신림 심도 호텔 앤 스파 by 아늑,웰니스 마사지베드-MASSAGE BED,가능,"47,000원",가능,"105,000원",2026-05-06 11:45,2026-05-06
10059842,신림 심도 호텔 앤 스파 by 아늑,스몰스파-SMALL SPA,가능,"47,000원",가능,"105,000원",2026-05-06 11:45,2026-05-06
10059842,신림 심도 호텔 앤 스파 by 아늑,무비-MOVIE,가능,"47,000원",가능,"105,000원",2026-05-06 11:45,2026-05-06
10059842,신림 심도 호텔 앤 스파 by 아늑,시그니처 트윈 무비-SIGNATURE TWIN MOVIE,가능,"67,000원",가능,"145,000원",2026-05-06 11:45,2026-05-06
10059842,신림 심도 호텔 앤 스파 by 아늑,더블 스파-DOUBLE SPA,가능,"77,000원",가능,"145,000원",2026-05-06 11:45,2026-05-06
10059842,신림 심도 호텔 앤 스파 by 아늑,시그니처 트윈 스파-SIGNATURE TWIN SPA,가능,"77,000원",가능,"205,000원",2026-05-06 11:45,2026-05-06
10059842,신림 심도 호텔 앤 스파 by 아늑,시그니처 더블 스파-SIGNATURE DOUBLE SPA,가능,"77,000원",가능,"205,000원",2026-05-06 11:45,2026-05-06
10059842,신림 심도 호텔 앤 스파 by 아늑,무한대실,가능,"62,000원",정보없음,-,2026-05-06 11:45,2026-05-06
10059842,신림 심도 호텔 앤 스파 by 아늑,벙커룸,가능,"97,000원",마감,-,2026-05-06 11:45,2026-05-06
10059842,신림 심도 호텔 앤 스파 by 아늑,야간대실,불가,-,정보없음,-,2026-05-06 11:45,2026-05-06
10059842,신림 심도 호텔 앤 스파 by 아늑,얼리체크인,정보없음,-,마감,-,2026-05-06 11:45,2026-05-06
10059842,신림 심도 호텔 앤 스파 by 아늑,뮤직-MUSIC,불가,-,마감,-,2026-05-06 11:45,2026-05-06
25122,신림 빌라드보니 호텔,도보특가,가능,"34,000원",가능,"63,000원",2026-05-06 11:45,2026-05-06
25122,신림 빌라드보니 호텔,스탠다드 Standard,가능,"37,000원",가능,"68,000원",2026-05-06 11:45,2026-05-06
25122,신림 빌라드보니 호텔,디럭스 크리스탈Deluxe Crystal,가능,"40,000원",가능,"78,000원",2026-05-06 11:45,2026-05-06
25122,신림 빌라드보니 호텔,디럭스 Deluxe,가능,"40,000원",가능,"78,000원",2026-05-06 11:45,2026-05-06
25122,신림 빌라드보니 호텔,스탠다드 트윈 Standard Twin,불가,-,가능,"78,000원",2026-05-06 11:45,2026-05-06
25122,신림 빌라드보니 호텔,프리미엄 Premium,가능,"40,000원",가능,"83,000원",2026-05-06 11:45,2026-05-06
25122,신림 빌라드보니 호텔,스탠다드 2PC Standard 2PC,가능,"40,000원",가능,"83,000원",2026-05-06 11:45,2026-05-06
25122,신림 빌라드보니 호텔,시그니처 스파 Signature Spa,가능,"70,000원",가능,"101,000원",2026-05-06 11:45,2026-05-06
25122,신림 빌라드보니 호텔,프리미엄 트윈Premium Twin,정보없음,-,가능,"108,000원",2026-05-06 11:45,2026-05-06
25122,신림 빌라드보니 호텔,시그니처 로얄스파,가능,"70,000원",가능,"118,000원",2026-05-06 11:45,2026-05-06
25122,신림 빌라드보니 호텔,파티룸,가능,"150,000원",마감,-,2026-05-06 11:45,2026-05-06
23940,신림 페이지나인 호텔,도보특가,가능,"24,000원",가능,"47,700원",2026-05-06 11:45,2026-05-06
23940,신림 페이지나인 호텔,스탠다드,가능,"25,000원",가능,"50,400원",2026-05-06 11:45,2026-05-06
23940,신림 페이지나인 호텔,스탠다드,가능,"25,000원",가능,"50,400원",2026-05-06 11:45,2026-05-06
23940,신림 페이지나인 호텔,안마의자,가능,"27,900원",가능,"55,800원",2026-05-06 11:45,2026-05-06
23940,신림 페이지나인 호텔,시네마룸,가능,"27,900원",가능,"55,800원",2026-05-06 11:45,2026-05-06
23940,신림 페이지나인 호텔,2PC Gaming,가능,"29,700원",가능,"63,000원",2026-05-06 11:45,2026-05-06
23940,신림 페이지나인 호텔,트윈,가능,"29,700원",가능,"63,000원",2026-05-06 11:45,2026-05-06
23940,신림 페이지나인 호텔,스위트프리미엄,가능,"36,000원",가능,"67,500원",2026-05-06 11:45,2026-05-06
23940,신림 페이지나인 호텔,여유로운 낮숙박,가능,"36,000원",정보없음,-,2026-05-06 11:45,2026-05-06
10046988,신림 HERTZ(헤르츠),도보전용,정보없음,-,가능,"45,000원",2026-05-06 11:45,2026-05-06
10046988,신림 HERTZ(헤르츠),일반실,가능,"25,000원",가능,"49,500원",2026-05-06 11:45,2026-05-06
10046988,신림 HERTZ(헤르츠),101호,정보없음,-,가능,"54,000원",2026-05-06 11:45,2026-05-06
10046988,신림 HERTZ(헤르츠),특실,불가,-,가능,"63,000원",2026-05-06 11:45,2026-05-06
10046988,신림 HERTZ(헤르츠),늦은퇴실,정보없음,-,가능,"76,500원",2026-05-06 11:45,2026-05-06
10046988,신림 HERTZ(헤르츠),빠른입실,정보없음,-,가능,"76,500원",2026-05-06 11:45,2026-05-06
10046988,신림 HERTZ(헤르츠),미니실,정보없음,-,가능,"40,500원",2026-05-06 11:45,2026-05-06
10046988,신림 HERTZ(헤르츠),준특실,정보없음,-,마감,-,2026-05-06 11:45,2026-05-06
1020096,대전 유성 스테이 패스포트 후쿠오카 료칸,소라쿠모,정보없음,-,가능,"130,000원",2026-05-06 11:45,2026-05-06
1020096,대전 유성 스테이 패스포트 후쿠오카 료칸,조네츠 + 패밀리 스파,정보없음,-,가능,"160,000원",2026-05-06 11:45,2026-05-06
1020096,대전 유성 스테이 패스포트 후쿠오카 료칸,나노하나,정보없음,-,가능,"180,000원",2026-05-06 11:45,2026-05-06
1020096,대전 유성 스테이 패스포트 후쿠오카 료칸,쿠로이시,정보없음,-,가능,"180,000원",2026-05-06 11:45,2026-05-06
1020096,대전 유성 스테이 패스포트 후쿠오카 료칸,소라쿠모 + 프라이빗 스파,정보없음,-,가능,"230,000원",2026-05-06 11:45,2026-05-06
1020096,대전 유성 스테이 패스포트 후쿠오카 료칸,기획전 특가,정보없음,-,마감,-,2026-05-06 11:45,2026-05-06
10057991,대전 유성 브라운도트 유성온천점,브라운 특가,가능,"25,000원",가능,"70,000원",2026-05-06 11:45,2026-05-06
10057991,대전 유성 브라운도트 유성온천점,슈페리어,가능,"30,000원",가능,"75,000원",2026-05-06 11:45,2026-05-06
10057991,대전 유성 브라운도트 유성온천점,브라운 클래식,가능,"35,000원",가능,"90,000원",2026-05-06 11:45,2026-05-06
10057991,대전 유성 브라운도트 유성온천점,프리미엄 디럭스 / 1PC 게임,가능,"35,000원",가능,"90,000원",2026-05-06 11:45,2026-05-06
10057991,대전 유성 브라운도트 유성온천점,늦은퇴실,정보없음,-,가능,"90,000원",2026-05-06 11:45,2026-05-06
10057991,대전 유성 브라운도트 유성온천점,빠른입실,정보없음,-,가능,"90,000원",2026-05-06 11:45,2026-05-06
10057991,대전 유성 브라운도트 유성온천점,2PC 커플 게임룸,가능,"40,000원",가능,"100,000원",2026-05-06 11:45,2026-05-06
10057991,대전 유성 브라운도트 유성온천점,프리미엄 트윈,가능,"40,000원",가능,"100,000원",2026-05-06 11:45,2026-05-06
10057991,대전 유성 브라운도트 유성온천점,브라운 스위트,가능,"50,000원",가능,"100,000원",2026-05-06 11:45,2026-05-06
10057991,대전 유성 브라운도트 유성온천점,브라운 프리타임,정보없음,-,가능,"120,000원",2026-05-06 11:45,2026-05-06
10057991,대전 유성 브라운도트 유성온천점,글램핑PKG / 슈페리어 2인 + 글램핑 23시까지,정보없음,-,가능,"130,000원",2026-05-06 11:45,2026-05-06
10057991,대전 유성 브라운도트 유성온천점,무한대실,가능,"50,000원",정보없음,-,2026-05-06 11:45,2026-05-06
10057991,대전 유성 브라운도트 유성온천점,브라운 루프탑 글램핑,가능,"60,000원",정보없음,-,2026-05-06 11:45,2026-05-06
24976,대전 유성 렉시,도보특가,정보없음,-,가능,"50,000원",2026-05-06 11:46,2026-05-06
24976,대전 유성 렉시,스탠다드/ 랜덤배정 / OTT 5종 무료 시청,가능,"30,000원",가능,"60,000원",2026-05-06 11:46,2026-05-06
24976,대전 유성 렉시,트윈 / OTT 5종 무료 시청,정보없음,-,가능,"65,000원",2026-05-06 11:46,2026-05-06
24976,대전 유성 렉시,VIP / 천연온천수 / OTT 5종 무료 시청,가능,"35,000원",가능,"75,000원",2026-05-06 11:46,2026-05-06
24976,대전 유성 렉시,프리미엄 B type / 천연온천수 / OTT 5종 무료 시청,가능,"40,000원",가능,"80,000원",2026-05-06 11:46,2026-05-06
24976,대전 유성 렉시,프리미엄 A type / 천연온천수 / OTT 5종 무료 시청,가능,"40,000원",가능,"80,000원",2026-05-06 11:46,2026-05-06
24976,대전 유성 렉시,스위트 / 천연온천수 / OTT 5종 무료 시청,정보없음,-,가능,"100,000원",2026-05-06 11:46,2026-05-06
24976,대전 유성 렉시,펜트하우스 / 천연온천수 / OTT 5종 무료 시청,정보없음,-,가능,"150,000원",2026-05-06 11:46,2026-05-06
1009319,대전 유성 호텔 안온,어트랙션+온천욕 - 욕조+입욕제,가능,"45,000원",가능,"122,000원",2026-05-06 11:46,2026-05-06
1009319,대전 유성 호텔 안온,트윈+온천욕 -욕조+입욕제,가능,"50,000원",가능,"133,000원",2026-05-06 11:46,2026-05-06
1009319,대전 유성 호텔 안온,오픈특가 - 스탠다드or객실랜덤배정,가능,"28,000원",마감,-,2026-05-06 11:46,2026-05-06
1009319,대전 유성 호텔 안온,스탠다드,가능,"30,000원",마감,-,2026-05-06 11:46,2026-05-06
1009319,대전 유성 호텔 안온,스탠다드+온천욕 - 욕조+입욕제,가능,"35,000원",마감,-,2026-05-06 11:46,2026-05-06
1009319,대전 유성 호텔 안온,무한대실,가능,"50,000원",정보없음,-,2026-05-06 11:46,2026-05-06
1009319,대전 유성 호텔 안온,프리미엄 스위트-온천+입욕제,가능,"70,000원",마감,-,2026-05-06 11:46,2026-05-06
1009319,대전 유성 호텔 안온,빠른입실 - 객실랜덤배정,정보없음,-,마감,-,2026-05-06 11:46,2026-05-06
1009319,대전 유성 호텔 안온,늦은 퇴실 - 객실랜덤배정,정보없음,-,마감,-,2026-05-06 11:46,2026-05-06
1009319,대전 유성 호텔 안온,비즈니스+온천욕 - 욕조+입욕제,불가,-,마감,-,2026-05-06 11:46,2026-05-06
24889,청주 아늑 료칸 앤드 아늑에어 청주점,도보특가,불가,-,가능,"65,000원",2026-05-06 11:46,2026-05-06
24889,청주 아늑 료칸 앤드 아늑에어 청주점,스몰더블,불가,-,가능,"70,000원",2026-05-06 11:46,2026-05-06
24889,청주 아늑 료칸 앤드 아늑에어 청주점,오픈특가,정보없음,-,가능,"70,000원",2026-05-06 11:46,2026-05-06
24889,청주 아늑 료칸 앤드 아늑에어 청주점,더블,불가,-,가능,"75,000원",2026-05-06 11:46,2026-05-06
24889,청주 아늑 료칸 앤드 아늑에어 청주점,에어스탠다드,불가,-,가능,"75,000원",2026-05-06 11:46,2026-05-06
24889,청주 아늑 료칸 앤드 아늑에어 청주점,에어2PC-고사양RTX3070-32모니터 240Hz,불가,-,가능,"85,000원",2026-05-06 11:46,2026-05-06
24889,청주 아늑 료칸 앤드 아늑에어 청주점,늦은퇴실,정보없음,-,가능,"95,000원",2026-05-06 11:46,2026-05-06
24889,청주 아늑 료칸 앤드 아늑에어 청주점,빠른입실,정보없음,-,가능,"95,000원",2026-05-06 11:46,2026-05-06
24889,청주 아늑 료칸 앤드 아늑에어 청주점,디럭스,불가,-,가능,"95,000원",2026-05-06 11:46,2026-05-06
24889,청주 아늑 료칸 앤드 아늑에어 청주점,에어스파,불가,-,가능,"115,000원",2026-05-06 11:46,2026-05-06
24889,청주 아늑 료칸 앤드 아늑에어 청주점,료칸 A,불가,-,가능,"125,000원",2026-05-06 11:46,2026-05-06
24889,청주 아늑 료칸 앤드 아늑에어 청주점,료칸 B,정보없음,-,가능,"145,000원",2026-05-06 11:46,2026-05-06
24889,청주 아늑 료칸 앤드 아늑에어 청주점,기획전 특가,정보없음,-,마감,-,2026-05-06 11:46,2026-05-06
24889,청주 아늑 료칸 앤드 아늑에어 청주점,싱글트윈,불가,-,마감,-,2026-05-06 11:46,2026-05-06
24889,청주 아늑 료칸 앤드 아늑에어 청주점,더블트윈,불가,-,마감,-,2026-05-06 11:46,2026-05-06
24889,청주 아늑 료칸 앤드 아늑에어 청주점,무한대실,불가,-,정보없음,-,2026-05-06 11:46,2026-05-06
3000729,호텔 로프트 서울,슈페리어 더블,정보없음,-,가능,"99,000원",2026-05-06 11:46,2026-05-06
3000729,호텔 로프트 서울,디럭스 더블,정보없음,-,가능,"109,000원",2026-05-06 11:46,2026-05-06
3000729,호텔 로프트 서울,디럭스 트윈,정보없음,-,가능,"119,000원",2026-05-06 11:46,2026-05-06
3000729,호텔 로프트 서울,프리미엄 드레스 객실,정보없음,-,가능,"139,000원",2026-05-06 11:46,2026-05-06
3000729,호텔 로프트 서울,프리미엄 자쿠지,정보없음,-,가능,"149,000원",2026-05-06 11:46,2026-05-06
3000729,호텔 로프트 서울,스위트1,정보없음,-,가능,"220,000원",2026-05-06 11:46,2026-05-06
3000729,호텔 로프트 서울,펜트하우스 A2,정보없음,-,가능,"280,000원",2026-05-06 11:46,2026-05-06
3000729,호텔 로프트 서울,펜트하우스 A1,정보없음,-,가능,"300,000원",2026-05-06 11:46,2026-05-06
3000729,호텔 로프트 서울,펜트하우스 BBQ,정보없음,-,가능,"350,000원",2026-05-06 11:46,2026-05-06
3000729,호텔 로프트 서울,펜트하우스 PARTY,정보없음,-,가능,"350,000원",2026-05-06 11:46,2026-05-06
3000729,호텔 로프트 서울,스위트2,정보없음,-,마감,-,2026-05-06 11:46,2026-05-06
10047009,유니언 호텔,스탠다드 트윈,정보없음,-,가능,"134,000원",2026-05-06 11:46,2026-05-06
10047009,유니언 호텔,커넥팅 웰니스 스위트,정보없음,-,가능,"194,000원",2026-05-06 11:46,2026-05-06
10047009,유니언 호텔,주니어 웰니스 스위트,정보없음,-,가능,"194,000원",2026-05-06 11:46,2026-05-06
10047009,유니언 호텔,유니언 웰니스 스위트,정보없음,-,가능,"369,000원",2026-05-06 11:46,2026-05-06
10047009,유니언 호텔,스탠다드 싱글,정보없음,-,마감,-,2026-05-06 11:46,2026-05-06
10047009,유니언 호텔,스탠다드 퀸,정보없음,-,마감,-,2026-05-06 11:46,2026-05-06
10047009,유니언 호텔,스탠다드 퀸 테라스,정보없음,-,마감,-,2026-05-06 11:46,2026-05-06
10047009,유니언 호텔,디럭스 킹 테라스,정보없음,-,마감,-,2026-05-06 11:46,2026-05-06
10045102,호텔 아벤트리 여의도,디럭스 트윈,정보없음,-,가능,"62,500원",2026-05-06 11:46,2026-05-06
10045102,호텔 아벤트리 여의도,패밀리 트윈,정보없음,-,가능,"63,000원",2026-05-06 11:46,2026-05-06
10045102,호텔 아벤트리 여의도,디럭스 더블,정보없음,-,가능,"64,000원",2026-05-06 11:46,2026-05-06
10045102,호텔 아벤트리 여의도,스위트 더블,정보없음,-,가능,"69,000원",2026-05-06 11:46,2026-05-06
24889,청주 아늑 료칸 앤드 아늑에어 청주점,도보특가,불가,-,가능,"65,000원",2026-05-06 11:46,2026-05-06
24889,청주 아늑 료칸 앤드 아늑에어 청주점,스몰더블,불가,-,가능,"70,000원",2026-05-06 11:46,2026-05-06
24889,청주 아늑 료칸 앤드 아늑에어 청주점,오픈특가,정보없음,-,가능,"70,000원",2026-05-06 11:46,2026-05-06
24889,청주 아늑 료칸 앤드 아늑에어 청주점,더블,불가,-,가능,"75,000원",2026-05-06 11:46,2026-05-06
24889,청주 아늑 료칸 앤드 아늑에어 청주점,에어스탠다드,불가,-,가능,"75,000원",2026-05-06 11:46,2026-05-06
24889,청주 아늑 료칸 앤드 아늑에어 청주점,에어2PC-고사양RTX3070-32모니터 240Hz,불가,-,가능,"85,000원",2026-05-06 11:46,2026-05-06
24889,청주 아늑 료칸 앤드 아늑에어 청주점,늦은퇴실,정보없음,-,가능,"95,000원",2026-05-06 11:46,2026-05-06
24889,청주 아늑 료칸 앤드 아늑에어 청주점,빠른입실,정보없음,-,가능,"95,000원",2026-05-06 11:46,2026-05-06
24889,청주 아늑 료칸 앤드 아늑에어 청주점,디럭스,불가,-,가능,"95,000원",2026-05-06 11:46,2026-05-06
24889,청주 아늑 료칸 앤드 아늑에어 청주점,에어스파,불가,-,가능,"115,000원",2026-05-06 11:46,2026-05-06
24889,청주 아늑 료칸 앤드 아늑에어 청주점,료칸 A,불가,-,가능,"125,000원",2026-05-06 11:46,2026-05-06
24889,청주 아늑 료칸 앤드 아늑에어 청주점,료칸 B,정보없음,-,가능,"145,000원",2026-05-06 11:46,2026-05-06
24889,청주 아늑 료칸 앤드 아늑에어 청주점,기획전 특가,정보없음,-,마감,-,2026-05-06 11:46,2026-05-06
24889,청주 아늑 료칸 앤드 아늑에어 청주점,싱글트윈,불가,-,마감,-,2026-05-06 11:46,2026-05-06
24889,청주 아늑 료칸 앤드 아늑에어 청주점,더블트윈,불가,-,마감,-,2026-05-06 11:46,2026-05-06
24889,청주 아늑 료칸 앤드 아늑에어 청주점,무한대실,불가,-,정보없음,-,2026-05-06 11:46,2026-05-06
1018732,청주 호텔 리온(HOTEL LION),도보특가,가능,"22,000원",가능,"45,000원",2026-05-06 11:46,2026-05-06
1018732,청주 호텔 리온(HOTEL LION),레이트 체크인 특가,정보없음,-,가능,"45,000원",2026-05-06 11:46,2026-05-06
1018732,청주 호텔 리온(HOTEL LION),스탠다드-룸온리,가능,"23,000원",가능,"50,000원",2026-05-06 11:46,2026-05-06
1018732,청주 호텔 리온(HOTEL LION),프리미엄A 1PC,가능,"25,000원",가능,"55,000원",2026-05-06 11:46,2026-05-06
1018732,청주 호텔 리온(HOTEL LION),디럭스 OTT 전용,가능,"25,000원",가능,"55,000원",2026-05-06 11:46,2026-05-06
1018732,청주 호텔 리온(HOTEL LION),늦은 퇴실 특가,불가,-,가능,"55,000원",2026-05-06 11:46,2026-05-06
1018732,청주 호텔 리온(HOTEL LION),비즈니스 패키지,정보없음,-,가능,"55,000원",2026-05-06 11:46,2026-05-06
1018732,청주 호텔 리온(HOTEL LION),프리미엄B 2PC,가능,"30,000원",가능,"60,000원",2026-05-06 11:46,2026-05-06
1018732,청주 호텔 리온(HOTEL LION),UP 그레이드 객실,가능,"20,000원",가능,"65,000원",2026-05-06 11:46,2026-05-06
1018732,청주 호텔 리온(HOTEL LION),스위트 트윈,불가,-,가능,"65,000원",2026-05-06 11:46,2026-05-06
1018732,청주 호텔 리온(HOTEL LION),6시간 대실,가능,"30,000원",정보없음,-,2026-05-06 11:46,2026-05-06
1018732,청주 호텔 리온(HOTEL LION),8시간 대실,가능,"40,000원",정보없음,-,2026-05-06 11:46,2026-05-06
1018732,청주 호텔 리온(HOTEL LION),10시간 대실,가능,"50,000원",정보없음,-,2026-05-06 11:46,2026-05-06
3011249,청주 LUCE Business Hotel,Luce EVENT,가능,"20,000원",가능,"44,000원",2026-05-06 11:46,2026-05-06
3011249,청주 LUCE Business Hotel,"LUCE-통합 OTT 넷플릭스,애플,디즈니,티빙,왓챠",가능,"23,000원",가능,"50,000원",2026-05-06 11:46,2026-05-06
3011249,청주 LUCE Business Hotel,"LUCE Deluxe-통합 OTT 넷플릭스,애플,디즈니,티빙,왓챠",정보없음,-,가능,"55,000원",2026-05-06 11:46,2026-05-06
3011249,청주 LUCE Business Hotel,"LUCE VIP-통합 OTT 넷플릭스,애플,디즈니,티빙,왓챠",정보없음,-,가능,"60,000원",2026-05-06 11:46,2026-05-06
3011249,청주 LUCE Business Hotel,"LUCE 스위트-통합 OTT 넷플릭스,애플,디즈니,티빙,왓챠",정보없음,-,가능,"60,000원",2026-05-06 11:46,2026-05-06
3011249,청주 LUCE Business Hotel,"LUCE 트윈-통합 OTT 넷플릭스,애플,디즈니,티빙,왓챠",정보없음,-,가능,"60,000원",2026-05-06 11:46,2026-05-06
3011249,청주 LUCE Business Hotel,"LUCE 프리미엄 스파뷰-통합 OTT 넷플릭스,애플,디즈니,티빙,왓챠",정보없음,-,마감,-,2026-05-06 11:46,2026-05-06
10042551,청주 센트럴 (CENTRAL HOTEL),스탠다드,가능,"30,000원",가능,"37,800원",2026-05-06 11:47,2026-05-06
10042551,청주 센트럴 (CENTRAL HOTEL),프리미엄 트윈,가능,"30,000원",가능,"60,000원",2026-05-06 11:47,2026-05-06
10042551,청주 센트럴 (CENTRAL HOTEL),패밀리 B,정보없음,-,가능,"80,000원",2026-05-06 11:47,2026-05-06
10042551,청주 센트럴 (CENTRAL HOTEL),패밀리 A,정보없음,-,가능,"80,000원",2026-05-06 11:47,2026-05-06
10042551,청주 센트럴 (CENTRAL HOTEL),디럭스,가능,"30,000원",마감,-,2026-05-06 11:47,2026-05-06
3009854,영등포 아늑 호텔,도보특가 - 22시 이후 무인체크인,가능,"27,000원",가능,"58,000원",2026-05-06 11:47,2026-05-06
3009854,영등포 아늑 호텔,오픈특가 - 22시 이후 무인체크인,가능,"32,000원",가능,"63,000원",2026-05-06 11:47,2026-05-06
3009854,영등포 아늑 호텔,스탠다드 - 22시 이후 무인체크인,가능,"37,000원",가능,"73,000원",2026-05-06 11:47,2026-05-06
3009854,영등포 아늑 호텔,뮤직 - 22시 이후 무인체크인,가능,"42,000원",가능,"83,000원",2026-05-06 11:47,2026-05-06
3009854,영등포 아늑 호텔,비즈니스 - 22시 이후 무인체크인,가능,"47,000원",가능,"93,000원",2026-05-06 11:47,2026-05-06
3009854,영등포 아늑 호텔,메디테이션 - 22시 이후 무인체크인,가능,"47,000원",가능,"93,000원",2026-05-06 11:47,2026-05-06
3009854,영등포 아늑 호텔,안마의자 - 22시 이후 무인체크인,가능,"47,000원",가능,"103,000원",2026-05-06 11:47,2026-05-06
3009854,영등포 아늑 호텔,플레이 - 22시 이후 무인체크인,가능,"57,000원",가능,"103,000원",2026-05-06 11:47,2026-05-06
3009854,영등포 아늑 호텔,무비 - 22시 이후 무인체크인,가능,"57,000원",가능,"103,000원",2026-05-06 11:47,2026-05-06
3009854,영등포 아늑 호텔,웰니스 - 22시 이후 무인체크인,가능,"67,000원",가능,"123,000원",2026-05-06 11:47,2026-05-06
3009854,영등포 아늑 호텔,시그니처 - 22시 이후 무인체크인,정보없음,-,가능,"173,000원",2026-05-06 11:47,2026-05-06
3009854,영등포 아늑 호텔,2pc - 22시 이후 무인체크인,가능,"57,000원",마감,-,2026-05-06 11:47,2026-05-06
3009854,영등포 아늑 호텔,컴팩트룸 - 22시 이후 무인체크인,정보없음,-,마감,-,2026-05-06 11:47,2026-05-06
3015505,영등포 아이리스,스탠다드,가능,"25,000원",가능,"50,000원",2026-05-06 11:47,2026-05-06
3015505,영등포 아이리스,디럭스,가능,"27,000원",가능,"60,000원",2026-05-06 11:47,2026-05-06
3015505,영등포 아이리스,스위트룸,불가,-,가능,"90,000원",2026-05-06 11:47,2026-05-06
3015505,영등포 아이리스,아이리스 숙박특가,정보없음,-,마감,-,2026-05-06 11:47,2026-05-06
26384,영등포 코모도,스탠다드,가능,"30,000원",가능,"49,800원",2026-05-06 11:47,2026-05-06
26384,영등포 코모도,게이밍커플2PC,가능,"35,000원",가능,"59,000원",2026-05-06 11:47,2026-05-06
26384,영등포 코모도,얼리체크인룸,정보없음,-,가능,"76,200원",2026-05-06 11:47,2026-05-06
26384,영등포 코모도,레이트체크아웃,정보없음,-,가능,"76,200원",2026-05-06 11:47,2026-05-06
26384,영등포 코모도,롱타임 PKG 2PC 고사양,가능,"45,000원",가능,"85,300원",2026-05-06 11:47,2026-05-06
26384,영등포 코모도,디럭스,가능,"50,000원",가능,"90,800원",2026-05-06 11:47,2026-05-06
26384,영등포 코모도,프리미엄트윈,가능,"60,000원",가능,"94,800원",2026-05-06 11:47,2026-05-06
26384,영등포 코모도,패밀리트윈,가능,"70,000원",가능,"101,400원",2026-05-06 11:47,2026-05-06
26384,영등포 코모도,롱타임 스탠다드,가능,"40,000원",정보없음,-,2026-05-06 11:47,2026-05-06
23727,영등포 샵,스탠다드,가능,"19,900원",가능,"36,720원",2026-05-06 11:47,2026-05-06
23727,영등포 샵,디럭스,가능,"25,000원",가능,"46,320원",2026-05-06 11:47,2026-05-06
23727,영등포 샵,디럭스게임룸,가능,"33,000원",가능,"55,920원",2026-05-06 11:47,2026-05-06
23727,영등포 샵,유니온,불가,-,가능,"129,000원",2026-05-06 11:47,2026-05-06
23727,영등포 샵,카리브,가능,"79,000원",가능,"179,000원",2026-05-06 11:47,2026-05-06
23727,영등포 샵,빈센트,가능,"89,000원",가능,"199,000원",2026-05-06 11:47,2026-05-06
23727,영등포 샵,무한대실,가능,"39,900원",정보없음,-,2026-05-06 11:47,2026-05-06
28213,종로 아늑 호텔 앤 스파 서울 종로 안국 1호점,2PC Gaming Room A,불가,-,가능,"110,000원",2026-05-06 11:47,2026-05-06
28213,종로 아늑 호텔 앤 스파 서울 종로 안국 1호점,평일 무한대실A,불가,-,정보없음,-,2026-05-06 11:47,2026-05-06
28213,종로 아늑 호텔 앤 스파 서울 종로 안국 1호점,시그니처 스파 앤 사우나 A,불가,-,마감,-,2026-05-06 11:47,2026-05-06
28213,종로 아늑 호텔 앤 스파 서울 종로 안국 1호점,시그니처 스파 A,불가,-,마감,-,2026-05-06 11:47,2026-05-06
28213,종로 아늑 호텔 앤 스파 서울 종로 안국 1호점,스파 A,불가,-,마감,-,2026-05-06 11:47,2026-05-06
28213,종로 아늑 호텔 앤 스파 서울 종로 안국 1호점,2PC A + 별채탕,불가,-,마감,-,2026-05-06 11:47,2026-05-06
28213,종로 아늑 호텔 앤 스파 서울 종로 안국 1호점,뮤직룸 A+ 별채탕,불가,-,마감,-,2026-05-06 11:47,2026-05-06
28213,종로 아늑 호텔 앤 스파 서울 종로 안국 1호점,뮤직룸A,불가,-,마감,-,2026-05-06 11:47,2026-05-06
28213,종로 아늑 호텔 앤 스파 서울 종로 안국 1호점,스탠다드A+ 별채탕,불가,-,마감,-,2026-05-06 11:47,2026-05-06
28213,종로 아늑 호텔 앤 스파 서울 종로 안국 1호점,스탠다드A,불가,-,마감,-,2026-05-06 11:47,2026-05-06
28213,종로 아늑 호텔 앤 스파 서울 종로 안국 1호점,당일특가A,정보없음,-,마감,-,2026-05-06 11:47,2026-05-06
28213,종로 아늑 호텔 앤 스파 서울 종로 안국 1호점,도보전용A,정보없음,-,마감,-,2026-05-06 11:47,2026-05-06
23384,종로 더 디자이너스,Superior / 주차 불가/랜덤배정,불가,-,가능,"95,000원",2026-05-06 11:47,2026-05-06
23384,종로 더 디자이너스,Deluxe / 주차 불가/랜덤배정,가능,"47,000원",가능,"105,000원",2026-05-06 11:47,2026-05-06
23384,종로 더 디자이너스,Deluxe Family Twin/주차불가/랜덤배정,불가,-,가능,"115,000원",2026-05-06 11:47,2026-05-06
23384,종로 더 디자이너스,Superior / 주차가능/랜덤배정,불가,-,가능,"125,000원",2026-05-06 11:47,2026-05-06
23384,종로 더 디자이너스,Deluxe / 주차가능/랜덤배정,불가,-,가능,"135,000원",2026-05-06 11:47,2026-05-06
23384,종로 더 디자이너스,suite premium / 주차불가/랜덤배정,불가,-,가능,"145,000원",2026-05-06 11:47,2026-05-06
23384,종로 더 디자이너스,Deluxe Family Twin / 주차가능/랜덤배정,불가,-,가능,"145,000원",2026-05-06 11:47,2026-05-06
23384,종로 더 디자이너스,suite family twin / 주차불가 / 랜덤배정,정보없음,-,가능,"175,000원",2026-05-06 11:47,2026-05-06
23384,종로 더 디자이너스,suite triple / 주차불가/랜덤배정,정보없음,-,가능,"175,000원",2026-05-06 11:47,2026-05-06
23384,종로 더 디자이너스,suite premium / 주차가능/랜덤배정,불가,-,가능,"175,000원",2026-05-06 11:47,2026-05-06
23384,종로 더 디자이너스,Grand Family/주차불가/랜덤배정,정보없음,-,가능,"195,000원",2026-05-06 11:47,2026-05-06
23384,종로 더 디자이너스,suite family twin / 주차가능 / 랜덤배정,정보없음,-,가능,"205,000원",2026-05-06 11:47,2026-05-06
23384,종로 더 디자이너스,suite triple / 주차가능/랜덤배정,정보없음,-,가능,"205,000원",2026-05-06 11:47,2026-05-06
23384,종로 더 디자이너스,Grand Family/주차가능/랜덤배정,정보없음,-,가능,"225,000원",2026-05-06 11:47,2026-05-06
23384,종로 더 디자이너스,Deluxe 롱 타임 / 주차 불가/랜덤배정,가능,"87,000원",정보없음,-,2026-05-06 11:47,2026-05-06
23384,종로 더 디자이너스,Suite / 주차 불가 / 랜덤배정,불가,-,마감,-,2026-05-06 11:47,2026-05-06
23384,종로 더 디자이너스,Suite / 주차가능 / 랜덤배정,불가,-,마감,-,2026-05-06 11:47,2026-05-06
23384,종로 더 디자이너스,당일특가,불가,-,마감,-,2026-05-06 11:47,2026-05-06
23384,종로 더 디자이너스,Deluxe 롱 타임 / 주차가능/랜덤배정,불가,-,정보없음,-,2026-05-06 11:47,2026-05-06
23384,종로 더 디자이너스,Suite 롱타임 / 주차불가 / 랜덤배정,불가,-,정보없음,-,2026-05-06 11:47,2026-05-06
23384,종로 더 디자이너스,Suite 롱타임 / 주차가능 / 랜덤배정,불가,-,정보없음,-,2026-05-06 11:47,2026-05-06
23384,종로 더 디자이너스,suite premium 롱 타임 / 주차불가/랜덤배정,불가,-,정보없음,-,2026-05-06 11:47,2026-05-06
23384,종로 더 디자이너스,suite premium롱 타임 / 주차가능/랜덤배정,불가,-,정보없음,-,2026-05-06 11:47,2026-05-06
3018326,종로 순라스테이 SULLA STAY,더블룸,정보없음,-,가능,"44,900원",2026-05-06 11:47,2026-05-06
3018326,종로 순라스테이 SULLA STAY,패밀리룸,정보없음,-,가능,"89,900원",2026-05-06 11:47,2026-05-06
3018326,종로 순라스테이 SULLA STAY,파티룸 - 오픈 초특가,정보없음,-,가능,"99,900원",2026-05-06 11:47,2026-05-06
3018326,종로 순라스테이 SULLA STAY,싱글룸,정보없음,-,마감,-,2026-05-06 11:47,2026-05-06
3018326,종로 순라스테이 SULLA STAY,파티룸 - 루프탑 바베큐 패키지,정보없음,-,마감,-,2026-05-06 11:47,2026-05-06
10064603,엠제이 호텔 종로,스탠다드 더블,정보없음,-,가능,"76,500원",2026-05-06 11:47,2026-05-06
10064603,엠제이 호텔 종로,디럭스 트윈,정보없음,-,가능,"93,500원",2026-05-06 11:47,2026-05-06
10064603,엠제이 호텔 종로,수페리어 트리플,정보없음,-,가능,"110,500원",2026-05-06 11:47,2026-05-06
10064603,엠제이 호텔 종로,패밀리 트윈,정보없음,-,가능,"136,000원",2026-05-06 11:47,2026-05-06
10064603,엠제이 호텔 종로,스위트A,정보없음,-,가능,"178,500원",2026-05-06 11:47,2026-05-06
10064603,엠제이 호텔 종로,스위트B,정보없음,-,마감,-,2026-05-06 11:47,2026-05-06
10064603,엠제이 호텔 종로,스탠다드 트윈,정보없음,-,마감,-,2026-05-06 11:47,2026-05-06
27263,인천(송도) 스테이 패스포트 모로코 스파,미니 테라스 - 자하,정보없음,-,가능,"70,000원",2026-05-06 11:48,2026-05-06
27263,인천(송도) 스테이 패스포트 모로코 스파,커플 스파 - 파즈,정보없음,-,가능,"100,000원",2026-05-06 11:48,2026-05-06
27263,인천(송도) 스테이 패스포트 모로코 스파,패밀리 스파 - 나르,정보없음,-,가능,"130,000원",2026-05-06 11:48,2026-05-06
1000113240,인천(송도) 큐브,한정판매특가,가능,"25,000원",가능,"40,000원",2026-05-06 11:48,2026-05-06
1000113240,인천(송도) 큐브,프리미엄 더블,가능,"30,000원",가능,"60,000원",2026-05-06 11:48,2026-05-06
1000113240,인천(송도) 큐브,슈페리어 트윈,가능,"30,000원",가능,"70,000원",2026-05-06 11:48,2026-05-06
1000113240,인천(송도) 큐브,vip,불가,-,가능,"80,000원",2026-05-06 11:48,2026-05-06
1000113240,인천(송도) 큐브,오션 스위트,불가,-,마감,-,2026-05-06 11:48,2026-05-06
1000113240,인천(송도) 큐브,가든 스위트,불가,-,마감,-,2026-05-06 11:48,2026-05-06
3006927,인천(송도) 스테이호텔,스탠다드 더블 2인룸,가능,"25,500원",가능,"51,000원",2026-05-06 11:48,2026-05-06
3006927,인천(송도) 스테이호텔,스탠다드 트윈 2인룸,정보없음,-,가능,"51,000원",2026-05-06 11:48,2026-05-06
3006927,인천(송도) 스테이호텔,디럭스 더블 2인룸,가능,"28,050원",가능,"59,500원",2026-05-06 11:48,2026-05-06
3006927,인천(송도) 스테이호텔,디럭스 트윈 2인룸,가능,"28,050원",가능,"63,750원",2026-05-06 11:48,2026-05-06
3006927,인천(송도) 스테이호텔,스탠다드 트윈 3인룸,정보없음,-,가능,"63,750원",2026-05-06 11:48,2026-05-06
3006927,인천(송도) 스테이호텔,디럭스 트윈 3인룸,정보없음,-,가능,"76,500원",2026-05-06 11:48,2026-05-06
3006927,인천(송도) 스테이호텔,프리미엄,정보없음,-,가능,"127,000원",2026-05-06 11:48,2026-05-06
3006927,인천(송도) 스테이호텔,디럭스 트리플 4인룸,정보없음,-,가능,"147,000원",2026-05-06 11:48,2026-05-06
3006927,인천(송도) 스테이호텔,온돌,정보없음,-,가능,"147,000원",2026-05-06 11:48,2026-05-06
3006927,인천(송도) 스테이호텔,패밀리프리미엄,정보없음,-,가능,"167,000원",2026-05-06 11:48,2026-05-06
3006927,인천(송도) 스테이호텔,패밀리스위트,정보없음,-,가능,"187,000원",2026-05-06 11:48,2026-05-06
3006927,인천(송도) 스테이호텔,체크인시배정,가능,"25,500원",정보없음,-,2026-05-06 11:48,2026-05-06
3006927,인천(송도) 스테이호텔,당일특가,정보없음,-,마감,-,2026-05-06 11:48,2026-05-06
3006927,인천(송도) 스테이호텔,싱글 트리플 3인룸,정보없음,-,마감,-,2026-05-06 11:48,2026-05-06
3006927,인천(송도) 스테이호텔,스위트,정보없음,-,마감,-,2026-05-06 11:48,2026-05-06
3006927,인천(송도) 스테이호텔,STAY 조식,정보없음,-,마감,-,2026-05-06 11:48,2026-05-06
1000100312,인천(송도) 넘버25 송도점,특가 -랜덤배정,가능,"22,500원",가능,"40,000원",2026-05-06 11:48,2026-05-06
1000100312,인천(송도) 넘버25 송도점,스탠다드A,가능,"27,000원",가능,"45,000원",2026-05-06 11:48,2026-05-06
1000100312,인천(송도) 넘버25 송도점,디럭스,가능,"27,000원",가능,"45,000원",2026-05-06 11:48,2026-05-06
1000100312,인천(송도) 넘버25 송도점,트윈,가능,"27,000원",가능,"49,500원",2026-05-06 11:48,2026-05-06
1000100312,인천(송도) 넘버25 송도점,무한대실,가능,"45,000원",정보없음,-,2026-05-06 11:48,2026-05-06
23654,대전 유성 아늑 호텔 앤 스파,STANDARD,가능,"35,000원",가능,"59,000원",2026-05-06 11:48,2026-05-06
23654,대전 유성 아늑 호텔 앤 스파,2PC,가능,"40,000원",가능,"64,000원",2026-05-06 11:48,2026-05-06
23654,대전 유성 아늑 호텔 앤 스파,오픈특가,가능,"30,000원",가능,"69,000원",2026-05-06 11:48,2026-05-06
23654,대전 유성 아늑 호텔 앤 스파,MOVIE,가능,"40,000원",가능,"74,000원",2026-05-06 11:48,2026-05-06
23654,대전 유성 아늑 호텔 앤 스파,BUSINESS,가능,"40,000원",가능,"74,000원",2026-05-06 11:48,2026-05-06
23654,대전 유성 아늑 호텔 앤 스파,MUSIC,가능,"40,000원",가능,"74,000원",2026-05-06 11:48,2026-05-06
23654,대전 유성 아늑 호텔 앤 스파,BUSINESS + 1PC,가능,"50,000원",가능,"79,000원",2026-05-06 11:48,2026-05-06
23654,대전 유성 아늑 호텔 앤 스파,SAUNA,가능,"50,000원",가능,"139,000원",2026-05-06 11:48,2026-05-06
23654,대전 유성 아늑 호텔 앤 스파,SPA / 트윈,가능,"70,000원",가능,"159,000원",2026-05-06 11:48,2026-05-06
23654,대전 유성 아늑 호텔 앤 스파,SIGNATURE / 트윈,가능,"120,000원",가능,"189,000원",2026-05-06 11:48,2026-05-06
23654,대전 유성 아늑 호텔 앤 스파,무한대실,가능,"45,000원",정보없음,-,2026-05-06 11:48,2026-05-06
3001918,대전 유성 Hotel LOD 1호점,Standard / OTT 5종 무료 시청,가능,"20,000원",가능,"43,000원",2026-05-06 11:48,2026-05-06
3001918,대전 유성 Hotel LOD 1호점,Deluxe / 금연 / OTT 5종 무료 시청,가능,"30,000원",가능,"53,000원",2026-05-06 11:48,2026-05-06
3001918,대전 유성 Hotel LOD 1호점,Deluxe / OTT 5종 무료 시청,가능,"30,000원",가능,"53,000원",2026-05-06 11:48,2026-05-06
3001918,대전 유성 Hotel LOD 1호점,디럭스 프리미엄,가능,"35,000원",가능,"58,000원",2026-05-06 11:48,2026-05-06
3001918,대전 유성 Hotel LOD 1호점,Suite / OTT 5종 무료 시청,가능,"40,000원",가능,"63,000원",2026-05-06 11:48,2026-05-06
3001918,대전 유성 Hotel LOD 1호점,늦은퇴실/ OTT 5종 무료 시청,정보없음,-,가능,"73,000원",2026-05-06 11:48,2026-05-06
3001918,대전 유성 Hotel LOD 1호점,Royal-Suite / OTT 5종 무료 시청,가능,"50,000원",가능,"93,000원",2026-05-06 11:48,2026-05-06
3001918,대전 유성 Hotel LOD 1호점,Royal-Suite / OTT 5종 무료 시청,가능,"50,000원",가능,"93,000원",2026-05-06 11:48,2026-05-06
3001918,대전 유성 Hotel LOD 1호점,무한대실/ OTT 5종 무료 시청,가능,"45,000원",정보없음,-,2026-05-06 11:48,2026-05-06
3003950,대전 유성 호텔 루이스,일반실,가능,"22,000원",가능,"45,000원",2026-05-06 11:48,2026-05-06
3003950,대전 유성 호텔 루이스,준특실,가능,"25,000원",가능,"50,000원",2026-05-06 11:48,2026-05-06
3003950,대전 유성 호텔 루이스,특실,정보없음,-,가능,"55,000원",2026-05-06 11:48,2026-05-06
3003950,대전 유성 호텔 루이스,커플PC,정보없음,-,가능,"55,000원",2026-05-06 11:48,2026-05-06
3003950,대전 유성 호텔 루이스,트윈 1PC,정보없음,-,가능,"60,000원",2026-05-06 11:48,2026-05-06
3003950,대전 유성 호텔 루이스,트윈 2PC,정보없음,-,가능,"65,000원",2026-05-06 11:48,2026-05-06
3003950,대전 유성 호텔 루이스,파티룸,정보없음,-,가능,"100,000원",2026-05-06 11:48,2026-05-06
3010750,대전 유성 칸느,일반실,가능,"20,000원",가능,"40,000원",2026-05-06 11:48,2026-05-06
3010750,대전 유성 칸느,준특실,가능,"25,000원",가능,"50,000원",2026-05-06 11:48,2026-05-06
3010750,대전 유성 칸느,공기청정기실,가능,"25,000원",가능,"60,000원",2026-05-06 11:48,2026-05-06
3010750,대전 유성 칸느,스타일러,가능,"25,000원",가능,"60,000원",2026-05-06 11:48,2026-05-06
3010750,대전 유성 칸느,안마의자,가능,"25,000원",가능,"60,000원",2026-05-06 11:48,2026-05-06
3010750,대전 유성 칸느,커플PC,가능,"25,000원",가능,"60,000원",2026-05-06 11:48,2026-05-06
3010750,대전 유성 칸느,빠른입실+늦은퇴실,정보없음,-,가능,"60,000원",2026-05-06 11:48,2026-05-06
3010750,대전 유성 칸느,특실 트윈 2,가능,"30,000원",가능,"70,000원",2026-05-06 11:48,2026-05-06
3010750,대전 유성 칸느,무한대실,가능,"27,000원",정보없음,-,2026-05-06 11:48,2026-05-06
3010750,대전 유성 칸느,특실 트윈 1,가능,"30,000원",마감,-,2026-05-06 11:48,2026-05-06
3010750,대전 유성 칸느,늦은대실,불가,-,정보없음,-,2026-05-06 11:48,2026-05-06
1000110399,종로 온도 호텔 앤 스파 by 아늑 종로점,COMPACT 2인,정보없음,-,가능,"120,000원",2026-05-06 11:48,2026-05-06
1000110399,종로 온도 호텔 앤 스파 by 아늑 종로점,STANDARD 2인,가능,"40,000원",가능,"140,000원",2026-05-06 11:48,2026-05-06
1000110399,종로 온도 호텔 앤 스파 by 아늑 종로점,오픈 특가,불가,-,가능,"140,000원",2026-05-06 11:48,2026-05-06
1000110399,종로 온도 호텔 앤 스파 by 아늑 종로점,SUPERIOR 2인,가능,"45,000원",가능,"150,000원",2026-05-06 11:48,2026-05-06
1000110399,종로 온도 호텔 앤 스파 by 아늑 종로점,SUPERIOR - SPA 2인,가능,"50,000원",가능,"160,000원",2026-05-06 11:48,2026-05-06
1000110399,종로 온도 호텔 앤 스파 by 아늑 종로점,STANDARD-TWIN 3인,정보없음,-,가능,"180,000원",2026-05-06 11:48,2026-05-06
1000110399,종로 온도 호텔 앤 스파 by 아늑 종로점,SUPERIOR-TWIN 3인,가능,"60,000원",가능,"200,000원",2026-05-06 11:48,2026-05-06
1000110399,종로 온도 호텔 앤 스파 by 아늑 종로점,DELUXE - SPA 2인,가능,"70,000원",가능,"250,000원",2026-05-06 11:48,2026-05-06
1000110399,종로 온도 호텔 앤 스파 by 아늑 종로점,SUITE - SPA 4인,가능,"100,000원",가능,"290,000원",2026-05-06 11:48,2026-05-06
1000110399,종로 온도 호텔 앤 스파 by 아늑 종로점,SIGNATURE - SAUNA - SPA 4인,가능,"120,000원",마감,-,2026-05-06 11:48,2026-05-06
1000110399,종로 온도 호텔 앤 스파 by 아늑 종로점,SUPERIOR-TWIN 4인,정보없음,-,마감,-,2026-05-06 11:48,2026-05-06
25588,종로 심플스테이,이코노미 1층,정보없음,-,가능,"79,000원",2026-05-06 11:49,2026-05-06
25588,종로 심플스테이,스탠다드,불가,-,가능,"79,000원",2026-05-06 11:49,2026-05-06
25588,종로 심플스테이,프리미어 스탠다드,정보없음,-,가능,"89,000원",2026-05-06 11:49,2026-05-06
25588,종로 심플스테이,디럭스 스파,불가,-,가능,"100,000원",2026-05-06 11:49,2026-05-06
25588,종로 심플스테이,디럭스 트리플 C,정보없음,-,가능,"125,000원",2026-05-06 11:49,2026-05-06
25588,종로 심플스테이,디럭스 패밀리,정보없음,-,가능,"140,000원",2026-05-06 11:49,2026-05-06
25588,종로 심플스테이,디럭스 패밀리 스파,정보없음,-,가능,"165,000원",2026-05-06 11:49,2026-05-06
25588,종로 심플스테이,디럭스 트리플 B,정보없음,-,마감,-,2026-05-06 11:49,2026-05-06
25588,종로 심플스테이,디럭스 트리플 A,정보없음,-,마감,-,2026-05-06 11:49,2026-05-06
25588,종로 심플스테이,디럭스 패밀리 스위트,정보없음,-,마감,-,2026-05-06 11:49,2026-05-06
3017491,종로 더 포스트 호텔,스탠다드 - 도보전용,가능,"60,000원",가능,"85,000원",2026-05-06 11:49,2026-05-06
3017491,종로 더 포스트 호텔,디럭스 - 도보전용,가능,"60,000원",가능,"115,000원",2026-05-06 11:49,2026-05-06
3017491,종로 더 포스트 호텔,트윈,불가,-,가능,"125,000원",2026-05-06 11:49,2026-05-06
3017491,종로 더 포스트 호텔,디럭스 - 주차 전용,가능,"70,000원",가능,"135,000원",2026-05-06 11:49,2026-05-06
3017491,종로 더 포스트 호텔,프리미엄 SPA - 맥주 PKG,가능,"150,000원",가능,"215,000원",2026-05-06 11:49,2026-05-06
3017491,종로 더 포스트 호텔,VIP SPA - 맥주 PKG & 남산뷰,가능,"170,000원",가능,"235,000원",2026-05-06 11:49,2026-05-06
3017491,종로 더 포스트 호텔,디럭스 - 얼리체크인 & 도보전용,가능,"70,000원",마감,-,2026-05-06 11:49,2026-05-06
3017491,종로 더 포스트 호텔,디럭스 - 얼리체크인 & 맥주 PKG,불가,-,마감,-,2026-05-06 11:49,2026-05-06
3017491,종로 더 포스트 호텔,디럭스 - 얼리체크인 & 와인 PKG,불가,-,마감,-,2026-05-06 11:49,2026-05-06
3017491,종로 더 포스트 호텔,디럭스 - 홀덤/블랙잭 PKG,정보없음,-,마감,-,2026-05-06 11:49,2026-05-06
1020024,종로 우미관,디럭스,가능,"30,000원",가능,"90,000원",2026-05-06 11:49,2026-05-06
1020024,종로 우미관,프리미엄,정보없음,-,가능,"100,000원",2026-05-06 11:49,2026-05-06
1020024,종로 우미관,로얄,가능,"35,000원",가능,"110,000원",2026-05-06 11:49,2026-05-06
1000105222,종로 누베르 호텔 앤 스파 by 아늑 종로점,스탠다드,가능,"27,000원",가능,"85,000원",2026-05-06 11:49,2026-05-06
1000105222,종로 누베르 호텔 앤 스파 by 아늑 종로점,디럭스,가능,"37,000원",가능,"105,000원",2026-05-06 11:49,2026-05-06
1000105222,종로 누베르 호텔 앤 스파 by 아늑 종로점,스위트,불가,-,마감,-,2026-05-06 11:49,2026-05-06
10061288,구월호텔 동대문,스탠다드 더블,정보없음,-,가능,"68,000원",2026-05-06 11:49,2026-05-06
10061288,구월호텔 동대문,슈페리어 더블,정보없음,-,가능,"72,250원",2026-05-06 11:49,2026-05-06
10061288,구월호텔 동대문,디럭스 트윈,정보없음,-,가능,"97,750원",2026-05-06 11:49,2026-05-06
10061288,구월호텔 동대문,디럭스트윈 자쿠지,정보없음,-,가능,"102,000원",2026-05-06 11:49,2026-05-06
10061288,구월호텔 동대문,스위트 더블 자쿠지 테라스,정보없음,-,가능,"106,250원",2026-05-06 11:49,2026-05-06
10061288,구월호텔 동대문,슈페리어 싱글,정보없음,-,마감,-,2026-05-06 11:49,2026-05-06
3000378,종로 YAJA 종로점,Petit-쁘띠-주차불가,가능,"30,000원",가능,"60,000원",2026-05-06 11:49,2026-05-06
3000378,종로 YAJA 종로점,오늘만 초 특가 -주차불가,가능,"30,000원",가능,"70,000원",2026-05-06 11:49,2026-05-06
3000378,종로 YAJA 종로점,Premium,가능,"35,000원",가능,"80,000원",2026-05-06 11:49,2026-05-06
3000378,종로 YAJA 종로점,Deluxe,가능,"35,000원",가능,"80,000원",2026-05-06 11:49,2026-05-06
3000378,종로 YAJA 종로점,Royal premium,가능,"40,000원",가능,"90,000원",2026-05-06 11:49,2026-05-06
3000378,종로 YAJA 종로점,VIP,가능,"45,000원",가능,"100,000원",2026-05-06 11:49,2026-05-06
3000378,종로 YAJA 종로점,Suite,불가,-,가능,"120,000원",2026-05-06 11:49,2026-05-06
3000378,종로 YAJA 종로점,VIP-고사양 커플 PC,불가,-,마감,-,2026-05-06 11:49,2026-05-06
3000378,종로 YAJA 종로점,Royal premium-고사양 커플 PC,불가,-,마감,-,2026-05-06 11:49,2026-05-06
3000378,종로 YAJA 종로점,OTT 무비룸,불가,-,마감,-,2026-05-06 11:49,2026-05-06
23787,종로 시네마,일반실 - 주차불가,가능,"30,000원",가능,"50,000원",2026-05-06 11:49,2026-05-06
23787,종로 시네마,특실,가능,"35,000원",가능,"70,000원",2026-05-06 11:49,2026-05-06
23787,종로 시네마,특실,정보없음,-,가능,"80,000원",2026-05-06 11:49,2026-05-06
23787,종로 시네마,VIP,정보없음,-,마감,-,2026-05-06 11:49,2026-05-06
10065042,성신여대 케이브 료칸 호텔 by 아늑 성신여대점,Standard,가능,"27,000원",가능,"53,000원",2026-05-06 11:49,2026-05-06
10065042,성신여대 케이브 료칸 호텔 by 아늑 성신여대점,Float,가능,"47,000원",가능,"73,000원",2026-05-06 11:49,2026-05-06
10065042,성신여대 케이브 료칸 호텔 by 아늑 성신여대점,Shade,가능,"47,000원",가능,"73,000원",2026-05-06 11:49,2026-05-06
10065042,성신여대 케이브 료칸 호텔 by 아늑 성신여대점,Standard-얼리체크인,정보없음,-,가능,"93,000원",2026-05-06 11:49,2026-05-06
10065042,성신여대 케이브 료칸 호텔 by 아늑 성신여대점,Float-얼리체크인,정보없음,-,가능,"113,000원",2026-05-06 11:49,2026-05-06
10065042,성신여대 케이브 료칸 호텔 by 아늑 성신여대점,Shade-얼리체크인,정보없음,-,가능,"113,000원",2026-05-06 11:49,2026-05-06
10065042,성신여대 케이브 료칸 호텔 by 아늑 성신여대점,Cavern,가능,"97,000원",가능,"193,000원",2026-05-06 11:49,2026-05-06
3002331,성신여대 YAJA 성신여대역점,Standard,가능,"22,000원",가능,"44,000원",2026-05-06 11:49,2026-05-06
3002331,성신여대 YAJA 성신여대역점,Premium,불가,-,가능,"55,000원",2026-05-06 11:49,2026-05-06
3002331,성신여대 YAJA 성신여대역점,V-Business,가능,"30,000원",가능,"60,000원",2026-05-06 11:49,2026-05-06
3002331,성신여대 YAJA 성신여대역점,VIP,가능,"30,000원",가능,"60,000원",2026-05-06 11:49,2026-05-06
3002331,성신여대 YAJA 성신여대역점,Suite,가능,"35,000원",가능,"70,000원",2026-05-06 11:49,2026-05-06
3002331,성신여대 YAJA 성신여대역점,잠꾸러기 패키지,정보없음,-,가능,"70,000원",2026-05-06 11:49,2026-05-06
3002331,성신여대 YAJA 성신여대역점,Vip 무한대실,가능,"55,000원",정보없음,-,2026-05-06 11:49,2026-05-06
3002331,성신여대 YAJA 성신여대역점,얼리버드 패키지,정보없음,-,마감,-,2026-05-06 11:49,2026-05-06
3002331,성신여대 YAJA 성신여대역점,Suite 무한대실,불가,-,정보없음,-,2026-05-06 11:49,2026-05-06
26434,성신여대역 더월(THE WALL),일반실,가능,"35,000원",가능,"60,000원",2026-05-06 11:50,2026-05-06
26434,성신여대역 더월(THE WALL),준특실,가능,"40,000원",가능,"65,000원",2026-05-06 11:50,2026-05-06
26434,성신여대역 더월(THE WALL),특실,가능,"45,000원",가능,"75,000원",2026-05-06 11:50,2026-05-06
26434,성신여대역 더월(THE WALL),스위트,가능,"50,000원",가능,"85,000원",2026-05-06 11:50,2026-05-06
26434,성신여대역 더월(THE WALL),VIP,가능,"55,000원",가능,"95,000원",2026-05-06 11:50,2026-05-06
26434,성신여대역 더월(THE WALL),준특실 - 연박 전용,정보없음,-,가능,"95,000원",2026-05-06 11:50,2026-05-06
26434,성신여대역 더월(THE WALL),빠른 입실,정보없음,-,가능,"95,000원",2026-05-06 11:50,2026-05-06
26434,성신여대역 더월(THE WALL),VVIP,가능,"60,000원",가능,"105,000원",2026-05-06 11:50,2026-05-06
26434,성신여대역 더월(THE WALL),심야대실,가능,"50,000원",정보없음,-,2026-05-06 11:50,2026-05-06
26434,성신여대역 더월(THE WALL),무한대실,가능,"50,000원",정보없음,-,2026-05-06 11:50,2026-05-06
1000100548,성신여대 브라운도트 성신여대점,스탠다드,가능,"35,000원",가능,"60,000원",2026-05-06 11:50,2026-05-06
1000100548,성신여대 브라운도트 성신여대점,디럭스,가능,"40,000원",가능,"65,000원",2026-05-06 11:50,2026-05-06
1000100548,성신여대 브라운도트 성신여대점,프리미엄,가능,"45,000원",가능,"75,000원",2026-05-06 11:50,2026-05-06
1000100548,성신여대 브라운도트 성신여대점,스위트,가능,"50,000원",가능,"85,000원",2026-05-06 11:50,2026-05-06
1000100548,성신여대 브라운도트 성신여대점,브라운도트 호텔 / 빠른입실 숙박,정보없음,-,가능,"95,000원",2026-05-06 11:50,2026-05-06
1000100548,성신여대 브라운도트 성신여대점,브라운도트 / 심야대실,가능,"50,000원",정보없음,-,2026-05-06 11:50,2026-05-06
1000100548,성신여대 브라운도트 성신여대점,브라운도트 호텔 / 무한대실,가능,"50,000원",정보없음,-,2026-05-06 11:50,2026-05-06
1000100548,성신여대 브라운도트 성신여대점,패밀리스위트,불가,-,마감,-,2026-05-06 11:50,2026-05-06
1000100548,성신여대 브라운도트 성신여대점,VIP 프리미엄,불가,-,마감,-,2026-05-06 11:50,2026-05-06
10064898,송탄 아늑 료칸,도보특가,가능,"25,000원",가능,"43,000원",2026-05-06 11:50,2026-05-06
10064898,송탄 아늑 료칸,아사기 스탠다드 A,가능,"30,000원",가능,"53,000원",2026-05-06 11:50,2026-05-06
10064898,송탄 아늑 료칸,아사기 스탠다드 B,가능,"30,000원",가능,"53,000원",2026-05-06 11:50,2026-05-06
10064898,송탄 아늑 료칸,아사기 스탠다드 트윈,정보없음,-,가능,"58,000원",2026-05-06 11:50,2026-05-06
10064898,송탄 아늑 료칸,비지니스 패키지1,정보없음,-,가능,"63,000원",2026-05-06 11:50,2026-05-06
10064898,송탄 아늑 료칸,늦은퇴실,정보없음,-,가능,"63,000원",2026-05-06 11:50,2026-05-06
10064898,송탄 아늑 료칸,얼리체크인,정보없음,-,가능,"63,000원",2026-05-06 11:50,2026-05-06
10064898,송탄 아늑 료칸,미도리 디럭스 트윈,정보없음,-,가능,"63,000원",2026-05-06 11:50,2026-05-06
10064898,송탄 아늑 료칸,비지니스 패키지2,정보없음,-,가능,"73,000원",2026-05-06 11:50,2026-05-06
10064898,송탄 아늑 료칸,미도리 디럭스,가능,"40,000원",가능,"93,000원",2026-05-06 11:50,2026-05-06
10064898,송탄 아늑 료칸,마츠바 스위트,가능,"50,000원",가능,"113,000원",2026-05-06 11:50,2026-05-06
10064898,송탄 아늑 료칸,무한대실 10-21시 운영,가능,"45,000원",마감,-,2026-05-06 11:50,2026-05-06
10065652,평택 호텔 더 그레이 송탄점,스탠다드 - 7.5평 / 25㎡,가능,"32,000원",가능,"60,000원",2026-05-06 11:50,2026-05-06
10065652,평택 호텔 더 그레이 송탄점,비지니스연박특가,정보없음,-,가능,"60,000원",2026-05-06 11:50,2026-05-06
10065652,평택 호텔 더 그레이 송탄점,디럭스 테라스 - 10평 / 34㎡,가능,"40,000원",가능,"69,000원",2026-05-06 11:50,2026-05-06
10065652,평택 호텔 더 그레이 송탄점,디럭스 트윈 - 7.5평 / 25㎡,가능,"90,000원",가능,"69,000원",2026-05-06 11:50,2026-05-06
10065652,평택 호텔 더 그레이 송탄점,프리미어복층테라스커플PC-13평/43.75㎡,정보없음,-,가능,"102,000원",2026-05-06 11:50,2026-05-06
10065652,평택 호텔 더 그레이 송탄점,스위트 복층-16평/51.6㎡,정보없음,-,가능,"182,000원",2026-05-06 11:50,2026-05-06
10065652,평택 호텔 더 그레이 송탄점,게이밍 커플 PC룸 - 7.5평 / 25㎡,가능,"50,000원",마감,-,2026-05-06 11:50,2026-05-06
10065652,평택 호텔 더 그레이 송탄점,테라스 게이밍커플PC룸 - 10평 / 34㎡,불가,-,마감,-,2026-05-06 11:50,2026-05-06
10065652,평택 호텔 더 그레이 송탄점,프리미어복층게이밍커플PC-10.5평/34.75㎡,정보없음,-,마감,-,2026-05-06 11:50,2026-05-06
10065652,평택 호텔 더 그레이 송탄점,스위트 복층 테라스 - 18평 / 59.1㎡,정보없음,-,마감,-,2026-05-06 11:50,2026-05-06
10046987,송탄 헤르메스,온라인전용-도보특가-주차불가,가능,"25,000원",가능,"40,000원",2026-05-06 11:50,2026-05-06
10046987,송탄 헤르메스,Standard,가능,"30,000원",가능,"50,000원",2026-05-06 11:50,2026-05-06
10046987,송탄 헤르메스,Deluxe,가능,"35,000원",가능,"60,000원",2026-05-06 11:50,2026-05-06
10046987,송탄 헤르메스,Business,가능,"35,000원",가능,"60,000원",2026-05-06 11:50,2026-05-06
10046987,송탄 헤르메스,Primium-Twin,정보없음,-,가능,"60,000원",2026-05-06 11:50,2026-05-06
10046987,송탄 헤르메스,Premium-King,가능,"40,000원",가능,"70,000원",2026-05-06 11:50,2026-05-06
10046987,송탄 헤르메스,레이트 체크아웃 17시 - 17시,정보없음,-,가능,"70,000원",2026-05-06 11:50,2026-05-06
10046987,송탄 헤르메스,얼리체크인,정보없음,-,가능,"70,000원",2026-05-06 11:50,2026-05-06
10046987,송탄 헤르메스,테라스룸,불가,-,가능,"70,000원",2026-05-06 11:50,2026-05-06
27170,송탄 퍼슨,Standard,가능,"25,000원",가능,"45,000원",2026-05-06 11:50,2026-05-06
27170,송탄 퍼슨,Standard,가능,"30,000원",가능,"50,000원",2026-05-06 11:50,2026-05-06
27170,송탄 퍼슨,Premium,불가,-,마감,-,2026-05-06 11:50,2026-05-06
27170,송탄 퍼슨,커플2PC,불가,-,마감,-,2026-05-06 11:50,2026-05-06
27170,송탄 퍼슨,Deluxe,불가,-,마감,-,2026-05-06 11:50,2026-05-06
25543,수원 아늑 료칸 호텔 수원구운점,오픈특가,가능,"30,000원",가능,"48,000원",2026-05-06 11:50,2026-05-06
25543,수원 아늑 료칸 호텔 수원구운점,온천 스탠다드,가능,"35,000원",가능,"58,000원",2026-05-06 11:50,2026-05-06
25543,수원 아늑 료칸 호텔 수원구운점,히노끼 온천 디럭스 - 히노끼 욕조,가능,"40,000원",가능,"63,000원",2026-05-06 11:50,2026-05-06
25543,수원 아늑 료칸 호텔 수원구운점,스톤 온천 디럭스,가능,"40,000원",가능,"63,000원",2026-05-06 11:50,2026-05-06
25543,수원 아늑 료칸 호텔 수원구운점,사우나 디럭스,가능,"40,000원",가능,"63,000원",2026-05-06 11:50,2026-05-06
25543,수원 아늑 료칸 호텔 수원구운점,2PC 게이밍 디럭스,가능,"40,000원",가능,"63,000원",2026-05-06 11:50,2026-05-06
25543,수원 아늑 료칸 호텔 수원구운점,온천 스탠다드 트윈,정보없음,-,가능,"63,000원",2026-05-06 11:50,2026-05-06
25543,수원 아늑 료칸 호텔 수원구운점,텐노마 온천 스위트,가능,"70,000원",가능,"123,000원",2026-05-06 11:50,2026-05-06
25543,수원 아늑 료칸 호텔 수원구운점,시네마 온천 스위트 - 영화관,정보없음,-,마감,-,2026-05-06 11:50,2026-05-06
3013143,수원 구운동 아마레,Standard,정보없음,-,가능,"52,000원",2026-05-06 11:50,2026-05-06
3013143,수원 구운동 아마레,Deluxe,정보없음,-,가능,"62,000원",2026-05-06 11:50,2026-05-06
3013143,수원 구운동 아마레,Standard,정보없음,-,가능,"72,000원",2026-05-06 11:50,2026-05-06
3013143,수원 구운동 아마레,Early Check-In Standard,정보없음,-,가능,"72,000원",2026-05-06 11:50,2026-05-06
3013143,수원 구운동 아마레,Deluxe Twin,정보없음,-,가능,"72,000원",2026-05-06 11:50,2026-05-06
3013143,수원 구운동 아마레,Deluxe,정보없음,-,가능,"82,000원",2026-05-06 11:50,2026-05-06
3013143,수원 구운동 아마레,Early Check-In Deluxe,정보없음,-,가능,"82,000원",2026-05-06 11:50,2026-05-06
3013143,수원 구운동 아마레,Junior Suite,정보없음,-,가능,"82,000원",2026-05-06 11:50,2026-05-06
3013143,수원 구운동 아마레,Deluxe Twin,정보없음,-,가능,"92,000원",2026-05-06 11:50,2026-05-06
3013143,수원 구운동 아마레,Early Check-In Deluxe Twin,정보없음,-,가능,"92,000원",2026-05-06 11:50,2026-05-06
3013143,수원 구운동 아마레,Junior Suite,정보없음,-,가능,"102,000원",2026-05-06 11:50,2026-05-06
3013143,수원 구운동 아마레,Early Check-In junior Suite,정보없음,-,가능,"102,000원",2026-05-06 11:50,2026-05-06
3013143,수원 구운동 아마레,VIP 1401,정보없음,-,가능,"170,000원",2026-05-06 11:50,2026-05-06
3013143,수원 구운동 아마레,VIP 1402,정보없음,-,가능,"220,000원",2026-05-06 11:50,2026-05-06
10054186,수원 구운동 호텔 뉴욕(NEW YORK),디럭스 - 도보특가&주차불가,가능,"20,000원",가능,"35,000원",2026-05-06 11:50,2026-05-06
10054186,수원 구운동 호텔 뉴욕(NEW YORK),디럭스,가능,"25,000원",가능,"40,000원",2026-05-06 11:50,2026-05-06
10054186,수원 구운동 호텔 뉴욕(NEW YORK),프리미엄 트윈,불가,-,가능,"55,000원",2026-05-06 11:50,2026-05-06
10054186,수원 구운동 호텔 뉴욕(NEW YORK),시티뷰 파티룸,불가,-,가능,"90,000원",2026-05-06 11:50,2026-05-06
10054186,수원 구운동 호텔 뉴욕(NEW YORK),디럭스 - 연박예약가능 & 주차불가,정보없음,-,마감,-,2026-05-06 11:50,2026-05-06
1002745,수원 구운동 호텔 앤드 &,디럭스-도보특가,가능,"25,000원",가능,"40,000원",2026-05-06 11:51,2026-05-06
1002745,수원 구운동 호텔 앤드 &,디럭스,가능,"27,000원",가능,"45,000원",2026-05-06 11:51,2026-05-06
1002745,수원 구운동 호텔 앤드 &,프리미엄,가능,"32,000원",가능,"55,000원",2026-05-06 11:51,2026-05-06
1002745,수원 구운동 호텔 앤드 &,럭셔리 커플PC,가능,"37,000원",가능,"65,000원",2026-05-06 11:51,2026-05-06
1002745,수원 구운동 호텔 앤드 &,디럭스 빠른 입실,가능,"47,000원",가능,"65,000원",2026-05-06 11:51,2026-05-06
1002745,수원 구운동 호텔 앤드 &,디럭스 늦은 퇴실,정보없음,-,가능,"65,000원",2026-05-06 11:51,2026-05-06
1002745,수원 구운동 호텔 앤드 &,럭셔리 사우나,가능,"47,000원",가능,"75,000원",2026-05-06 11:51,2026-05-06
1002745,수원 구운동 호텔 앤드 &,프리미엄 빠른 입실,가능,"52,000원",가능,"75,000원",2026-05-06 11:51,2026-05-06
1002745,수원 구운동 호텔 앤드 &,프리미엄 늦은 퇴실,정보없음,-,가능,"75,000원",2026-05-06 11:51,2026-05-06
1002745,수원 구운동 호텔 앤드 &,럭셔리 커플PC 빠른 입실,가능,"57,000원",가능,"85,000원",2026-05-06 11:51,2026-05-06
1002745,수원 구운동 호텔 앤드 &,럭셔리 커플PC 늦은 퇴실,정보없음,-,가능,"85,000원",2026-05-06 11:51,2026-05-06
1002745,수원 구운동 호텔 앤드 &,스위트 사우나 트윈,정보없음,-,가능,"85,000원",2026-05-06 11:51,2026-05-06
1002745,수원 구운동 호텔 앤드 &,럭셔리 사우나 빠른 입실,가능,"67,000원",가능,"95,000원",2026-05-06 11:51,2026-05-06
1002745,수원 구운동 호텔 앤드 &,럭셔리 사우나 늦은 퇴실,정보없음,-,가능,"95,000원",2026-05-06 11:51,2026-05-06
1002745,수원 구운동 호텔 앤드 &,스위트 사우나 트윈 늦은퇴실,정보없음,-,가능,"105,000원",2026-05-06 11:51,2026-05-06
1002745,수원 구운동 호텔 앤드 &,스위트 사우나 트윈 빠른 입실,정보없음,-,가능,"105,000원",2026-05-06 11:51,2026-05-06
26352,천안 미타스야 료칸 호텔 by 아늑,도보특가,가능,"20,000원",가능,"38,000원",2026-05-06 11:51,2026-05-06
26352,천안 미타스야 료칸 호텔 by 아늑,오픈특가,가능,"25,000원",가능,"43,000원",2026-05-06 11:51,2026-05-06
26352,천안 미타스야 료칸 호텔 by 아늑,스탠다드,가능,"30,000원",가능,"48,000원",2026-05-06 11:51,2026-05-06
26352,천안 미타스야 료칸 호텔 by 아늑,다도,가능,"35,000원",가능,"53,000원",2026-05-06 11:51,2026-05-06
26352,천안 미타스야 료칸 호텔 by 아늑,2PC,가능,"40,000원",가능,"58,000원",2026-05-06 11:51,2026-05-06
26352,천안 미타스야 료칸 호텔 by 아늑,비즈니스,가능,"40,000원",가능,"63,000원",2026-05-06 11:51,2026-05-06
26352,천안 미타스야 료칸 호텔 by 아늑,마사지,정보없음,-,가능,"68,000원",2026-05-06 11:51,2026-05-06
26352,천안 미타스야 료칸 호텔 by 아늑,무비,정보없음,-,가능,"73,000원",2026-05-06 11:51,2026-05-06
26352,천안 미타스야 료칸 호텔 by 아늑,코믹북,정보없음,-,가능,"73,000원",2026-05-06 11:51,2026-05-06
26352,천안 미타스야 료칸 호텔 by 아늑,시그니쳐2,정보없음,-,가능,"103,000원",2026-05-06 11:51,2026-05-06
26352,천안 미타스야 료칸 호텔 by 아늑,시그니쳐1,정보없음,-,가능,"133,000원",2026-05-06 11:51,2026-05-06
26352,천안 미타스야 료칸 호텔 by 아늑,무한대실,가능,"45,000원",정보없음,-,2026-05-06 11:51,2026-05-06
26352,천안 미타스야 료칸 호텔 by 아늑,늦은체크인,정보없음,-,마감,-,2026-05-06 11:51,2026-05-06
10047642,천안 브라운도트 천안터미널점,오픈특가,정보없음,-,가능,"55,000원",2026-05-06 11:51,2026-05-06
10047642,천안 브라운도트 천안터미널점,스탠다드 킹베드,가능,"30,000원",가능,"60,000원",2026-05-06 11:51,2026-05-06
10047642,천안 브라운도트 천안터미널점,스탠다드 커플pc,가능,"35,000원",가능,"70,000원",2026-05-06 11:51,2026-05-06
10047642,천안 브라운도트 천안터미널점,그랜드디럭스 1pc,가능,"35,000원",가능,"70,000원",2026-05-06 11:51,2026-05-06
10047642,천안 브라운도트 천안터미널점,프리미엄 커플pc,가능,"40,000원",가능,"75,000원",2026-05-06 11:51,2026-05-06
10047642,천안 브라운도트 천안터미널점,프리미엄 비즈니스,정보없음,-,가능,"75,000원",2026-05-06 11:51,2026-05-06
10047642,천안 브라운도트 천안터미널점,프리미엄 트윈,정보없음,-,가능,"75,000원",2026-05-06 11:51,2026-05-06
10047642,천안 브라운도트 천안터미널점,프리미엄 안마의자,정보없음,-,가능,"75,000원",2026-05-06 11:51,2026-05-06
10047642,천안 브라운도트 천안터미널점,프라이빗브라운,가능,"45,000원",가능,"80,000원",2026-05-06 11:51,2026-05-06
10047642,천안 브라운도트 천안터미널점,슈페리어 브라운,가능,"45,000원",가능,"80,000원",2026-05-06 11:51,2026-05-06
10047642,천안 브라운도트 천안터미널점,슈페리어 골드,가능,"45,000원",가능,"80,000원",2026-05-06 11:51,2026-05-06
10047642,천안 브라운도트 천안터미널점,프라이빗 테라스,정보없음,-,가능,"100,000원",2026-05-06 11:51,2026-05-06
10047642,천안 브라운도트 천안터미널점,그랜드디럭스 비즈니스,가능,"35,000원",정보없음,-,2026-05-06 11:51,2026-05-06
10047642,천안 브라운도트 천안터미널점,무한대실,가능,"50,000원",정보없음,-,2026-05-06 11:51,2026-05-06
1000109243,호텔 캄캄,MEDIUM,정보없음,-,가능,"55,000원",2026-05-06 11:51,2026-05-06
1000109243,호텔 캄캄,LARGE,정보없음,-,가능,"60,000원",2026-05-06 11:51,2026-05-06
1000109243,호텔 캄캄,STYlER ROOM,정보없음,-,가능,"65,000원",2026-05-06 11:51,2026-05-06
1000109243,호텔 캄캄,체크인시 배정,정보없음,-,가능,"85,000원",2026-05-06 11:51,2026-05-06
1000109243,호텔 캄캄,SMALL,정보없음,-,마감,-,2026-05-06 11:51,2026-05-06
1000109243,호텔 캄캄,LARGE TWIN,정보없음,-,마감,-,2026-05-06 11:51,2026-05-06
1000109243,호텔 캄캄,SPECIAL LARGE,정보없음,-,마감,-,2026-05-06 11:51,2026-05-06
1000109243,호텔 캄캄,CALM CALM BRAND STORY,정보없음,-,마감,-,2026-05-06 11:51,2026-05-06
26929,천안 저스트슬립호텔 천안터미널점,도보특가 - 주차불가,가능,"23,000원",가능,"50,000원",2026-05-06 11:51,2026-05-06
26929,천안 저스트슬립호텔 천안터미널점,오픈특가,불가,-,가능,"53,000원",2026-05-06 11:51,2026-05-06
26929,천안 저스트슬립호텔 천안터미널점,스탠다드,가능,"25,000원",가능,"55,000원",2026-05-06 11:51,2026-05-06
26929,천안 저스트슬립호텔 천안터미널점,프리미엄,가능,"28,000원",가능,"58,000원",2026-05-06 11:51,2026-05-06
26929,천안 저스트슬립호텔 천안터미널점,프리미엄 무비,가능,"30,000원",가능,"60,000원",2026-05-06 11:51,2026-05-06
26929,천안 저스트슬립호텔 천안터미널점,프리미엄 다이닝,가능,"30,000원",가능,"60,000원",2026-05-06 11:51,2026-05-06
26929,천안 저스트슬립호텔 천안터미널점,VIP릴랙스,가능,"35,000원",가능,"65,000원",2026-05-06 11:51,2026-05-06
26929,천안 저스트슬립호텔 천안터미널점,VVIP 히노키,가능,"40,000원",가능,"75,000원",2026-05-06 11:51,2026-05-06
26929,천안 저스트슬립호텔 천안터미널점,늦은퇴실,정보없음,-,가능,"75,000원",2026-05-06 11:51,2026-05-06
26929,천안 저스트슬립호텔 천안터미널점,빠른입실,정보없음,-,가능,"75,000원",2026-05-06 11:51,2026-05-06
26929,천안 저스트슬립호텔 천안터미널점,무한대실 - 최대8시간 사용가능,가능,"40,000원",정보없음,-,2026-05-06 11:51,2026-05-06
26929,천안 저스트슬립호텔 천안터미널점,스탠다드 트윈,정보없음,-,마감,-,2026-05-06 11:51,2026-05-06
26929,천안 저스트슬립호텔 천안터미널점,패밀리 트윈,정보없음,-,마감,-,2026-05-06 11:51,2026-05-06
27440,상봉 소원 료칸 앤 호텔 by 아늑 상봉점,디럭스,불가,-,가능,"90,000원",2026-05-06 11:51,2026-05-06
27440,상봉 소원 료칸 앤 호텔 by 아늑 상봉점,스위트,불가,-,가능,"110,000원",2026-05-06 11:51,2026-05-06
27440,상봉 소원 료칸 앤 호텔 by 아늑 상봉점,별채탕PKG,정보없음,-,마감,-,2026-05-06 11:51,2026-05-06
27440,상봉 소원 료칸 앤 호텔 by 아늑 상봉점,스탠다드,불가,-,마감,-,2026-05-06 11:51,2026-05-06
27440,상봉 소원 료칸 앤 호텔 by 아늑 상봉점,도보특가,불가,-,마감,-,2026-05-06 11:51,2026-05-06
3009511,상봉 M,미니방,가능,"18,900원",가능,"30,600원",2026-05-06 11:51,2026-05-06
3009511,상봉 M,일반실-B,가능,"18,900원",가능,"34,200원",2026-05-06 11:51,2026-05-06
3009511,상봉 M,일반실-A,가능,"18,900원",가능,"34,200원",2026-05-06 11:51,2026-05-06
3009511,상봉 M,일반실-B,가능,"20,700원",가능,"36,000원",2026-05-06 11:51,2026-05-06
3009511,상봉 M,준특실,가능,"22,500원",가능,"38,700원",2026-05-06 11:51,2026-05-06
3009511,상봉 M,늦은 입실 ROOM,가능,"27,000원",가능,"43,200원",2026-05-06 11:51,2026-05-06
3009511,상봉 M,빠른입실 ROOM,불가,-,가능,"45,000원",2026-05-06 11:51,2026-05-06
1000100058,상봉 호텔 그레이튼,스탠다드/OTT 무비 도보전용 - 차량X,가능,"25,000원",가능,"50,000원",2026-05-06 11:51,2026-05-06
1000100058,상봉 호텔 그레이튼,스탠다드/OTT 무비,불가,-,가능,"55,000원",2026-05-06 11:51,2026-05-06
1000100058,상봉 호텔 그레이튼,슈페리어/OTT 무비 도보전용 - 차량X,가능,"30,000원",가능,"60,000원",2026-05-06 11:51,2026-05-06
1000100058,상봉 호텔 그레이튼,늦잠숙박 / OTT 무비,정보없음,-,가능,"60,000원",2026-05-06 11:51,2026-05-06
1000100058,상봉 호텔 그레이튼,얼리-체크인 / OTT 무비,정보없음,-,가능,"60,000원",2026-05-06 11:51,2026-05-06
1000100058,상봉 호텔 그레이튼,연박 / OTT 무비,정보없음,-,가능,"75,000원",2026-05-06 11:51,2026-05-06
1000100058,상봉 호텔 그레이튼,종일숙박 / OTT 무비,정보없음,-,가능,"83,000원",2026-05-06 11:51,2026-05-06
1000100058,상봉 호텔 그레이튼,반나절 호캉스 / OTT 무비,가능,"40,000원",정보없음,-,2026-05-06 11:51,2026-05-06
23244,상봉 호텔스타,스탠다드 도보전용-랜덤배정,가능,"25,000원",가능,"48,000원",2026-05-06 11:51,2026-05-06
23244,상봉 호텔스타,스탠다드-랜덤배정,가능,"25,000원",가능,"53,000원",2026-05-06 11:51,2026-05-06
23244,상봉 호텔스타,디럭스-랜덤배정,가능,"30,000원",가능,"58,000원",2026-05-06 11:51,2026-05-06
23244,상봉 호텔스타,특가 EVENT -랜덤배정,정보없음,-,가능,"63,000원",2026-05-06 11:51,2026-05-06
23244,상봉 호텔스타,프리미엄-랜덤배정,가능,"35,000원",가능,"68,000원",2026-05-06 11:51,2026-05-06
23244,상봉 호텔스타,프리미엄 금연룸-랜덤배정,가능,"35,000원",가능,"68,000원",2026-05-06 11:51,2026-05-06
23244,상봉 호텔스타,테라스 스위트-랜덤배정,가능,"45,000원",가능,"88,000원",2026-05-06 11:51,2026-05-06
23244,상봉 호텔스타,4시간 대실 EVENT-디럭스 이상 랜덤배정,가능,"23,000원",정보없음,-,2026-05-06 11:51,2026-05-06
23244,상봉 호텔스타,무한대실 - 랜덤배정,가능,"40,000원",정보없음,-,2026-05-06 11:51,2026-05-06
23244,상봉 호텔스타,스위트-랜덤배정,불가,-,마감,-,2026-05-06 11:51,2026-05-06
23244,상봉 호텔스타,로얄 스위트-랜덤배정,불가,-,마감,-,2026-05-06 11:51,2026-05-06
23244,상봉 호텔스타,야간대실-랜덤배정,불가,-,정보없음,-,2026-05-06 11:51,2026-05-06
10065482,구리 스테이 패스포트 에어플레인 구리,오픈 특가,정보없음,-,가능,"60,000원",2026-05-06 11:51,2026-05-06
10065482,구리 스테이 패스포트 에어플레인 구리,스탠다드 프리스낵 - 프리미엄 이코노미,가능,"40,000원",가능,"70,000원",2026-05-06 11:51,2026-05-06
10065482,구리 스테이 패스포트 에어플레인 구리,별채탕+객실랜덤 PKG,정보없음,-,가능,"100,000원",2026-05-06 11:51,2026-05-06
10065482,구리 스테이 패스포트 에어플레인 구리,디럭스 스파 - 비즈니스 클래스 A,정보없음,-,가능,"120,000원",2026-05-06 11:51,2026-05-06
10065482,구리 스테이 패스포트 에어플레인 구리,디럭스 스파 - 비즈니스 클래스 B,정보없음,-,가능,"130,000원",2026-05-06 11:51,2026-05-06
10065482,구리 스테이 패스포트 에어플레인 구리,시그니처 스파 - 퍼스트 클래스,정보없음,-,가능,"180,000원",2026-05-06 11:51,2026-05-06
10065482,구리 스테이 패스포트 에어플레인 구리,스탠다드 스파 트윈 - 프리미엄 이코노미,정보없음,-,마감,-,2026-05-06 11:51,2026-05-06
27306,구리 THE STAY(더스테이) 여기,도보특가,가능,"24,300원",가능,"37,000원",2026-05-06 11:52,2026-05-06
27306,구리 THE STAY(더스테이) 여기,Standard,가능,"27,000원",가능,"45,000원",2026-05-06 11:52,2026-05-06
27306,구리 THE STAY(더스테이) 여기,Deluxe,가능,"31,500원",가능,"50,000원",2026-05-06 11:52,2026-05-06
27306,구리 THE STAY(더스테이) 여기,The stay mirror B,가능,"36,000원",가능,"50,000원",2026-05-06 11:52,2026-05-06
27306,구리 THE STAY(더스테이) 여기,오늘의 특가 - 스위트 객실 랜덤,가능,"36,000원",가능,"55,000원",2026-05-06 11:52,2026-05-06
27306,구리 THE STAY(더스테이) 여기,The stay mirror A,가능,"48,000원",가능,"65,000원",2026-05-06 11:52,2026-05-06
27306,구리 THE STAY(더스테이) 여기,Suite 늦은퇴실,정보없음,-,가능,"65,000원",2026-05-06 11:52,2026-05-06
27306,구리 THE STAY(더스테이) 여기,Suite Twin,가능,"48,000원",가능,"75,000원",2026-05-06 11:52,2026-05-06
27306,구리 THE STAY(더스테이) 여기,하루종일-객실 랜덤배정,가능,"48,000원",가능,"75,000원",2026-05-06 11:52,2026-05-06
27306,구리 THE STAY(더스테이) 여기,THE STAY PARTY B,가능,"68,000원",가능,"75,000원",2026-05-06 11:52,2026-05-06
27306,구리 THE STAY(더스테이) 여기,THE STAY PARTY A,가능,"78,000원",가능,"85,000원",2026-05-06 11:52,2026-05-06
1002087,구리 뉴캐슬,도보특가,정보없음,-,가능,"30,000원",2026-05-06 11:52,2026-05-06
1002087,구리 뉴캐슬,스탠다드,가능,"17,000원",가능,"35,000원",2026-05-06 11:52,2026-05-06
1002087,구리 뉴캐슬,디럭스,가능,"22,000원",가능,"35,500원",2026-05-06 11:52,2026-05-06
1002087,구리 뉴캐슬,스위트,가능,"27,000원",가능,"40,000원",2026-05-06 11:52,2026-05-06
1002087,구리 뉴캐슬,도보특가 - 연박가능,정보없음,-,가능,"40,000원",2026-05-06 11:52,2026-05-06
1002087,구리 뉴캐슬,스탠다드 -연박가능,정보없음,-,가능,"45,000원",2026-05-06 11:52,2026-05-06
1002087,구리 뉴캐슬,디럭스 트원룸,정보없음,-,가능,"55,000원",2026-05-06 11:52,2026-05-06
1002087,구리 뉴캐슬,디럭스 - 연박가능,정보없음,-,가능,"55,000원",2026-05-06 11:52,2026-05-06
1002087,구리 뉴캐슬,스위트 - 연박가능,정보없음,-,가능,"60,000원",2026-05-06 11:52,2026-05-06
1002087,구리 뉴캐슬,스위트,불가,-,가능,"155,000원",2026-05-06 11:52,2026-05-06
1002087,구리 뉴캐슬,야간대실,가능,"27,000원",정보없음,-,2026-05-06 11:52,2026-05-06
1002087,구리 뉴캐슬,1인실 작은 객실,정보없음,-,가능,"30,000원",2026-05-06 11:52,2026-05-06
3007708,구리 제니스,도보전용 특가,가능,"19,800원",가능,"31,500원",2026-05-06 11:52,2026-05-06
3007708,구리 제니스,스탠다드,가능,"24,300원",가능,"36,000원",2026-05-06 11:52,2026-05-06
3007708,구리 제니스,금연객실 - 일반실,가능,"27,000원",가능,"40,500원",2026-05-06 11:52,2026-05-06
3007708,구리 제니스,게임룸 2PC,가능,"31,500원",가능,"45,000원",2026-05-06 11:52,2026-05-06
3007708,구리 제니스,커플PC - gtx 1660 super,가능,"36,000원",가능,"49,500원",2026-05-06 11:52,2026-05-06
3007708,구리 제니스,디럭스 트윈룸,가능,"36,000원",가능,"54,000원",2026-05-06 11:52,2026-05-06
3007708,구리 제니스,스위트와인 룸,가능,"36,000원",가능,"63,000원",2026-05-06 11:52,2026-05-06
3007708,구리 제니스,디럭스 생일파티룸,가능,"45,000원",가능,"72,000원",2026-05-06 11:52,2026-05-06
3012313,수원역 아늑호텔,도보특가,가능,"25,000원",가능,"40,000원",2026-05-06 11:52,2026-05-06
3012313,수원역 아늑호텔,스탠다드 disabled,가능,"30,000원",가능,"60,000원",2026-05-06 11:52,2026-05-06
3012313,수원역 아늑호텔,스텐다드 A,가능,"30,000원",가능,"60,000원",2026-05-06 11:52,2026-05-06
3012313,수원역 아늑호텔,2PC,가능,"40,000원",가능,"70,000원",2026-05-06 11:52,2026-05-06
3012313,수원역 아늑호텔,비즈니스,가능,"40,000원",가능,"70,000원",2026-05-06 11:52,2026-05-06
3012313,수원역 아늑호텔,무비,가능,"40,000원",가능,"70,000원",2026-05-06 11:52,2026-05-06
3012313,수원역 아늑호텔,조식 - PKG,정보없음,-,가능,"70,000원",2026-05-06 11:52,2026-05-06
3012313,수원역 아늑호텔,트윈,가능,"40,000원",가능,"80,000원",2026-05-06 11:52,2026-05-06
3012313,수원역 아늑호텔,웰니스,가능,"40,000원",가능,"80,000원",2026-05-06 11:52,2026-05-06
3012313,수원역 아늑호텔,코리빙 B,가능,"40,000원",가능,"80,000원",2026-05-06 11:52,2026-05-06
3012313,수원역 아늑호텔,시그니처,불가,-,마감,-,2026-05-06 11:52,2026-05-06
3012313,수원역 아늑호텔,마사지,불가,-,마감,-,2026-05-06 11:52,2026-05-06
3012313,수원역 아늑호텔,코리빙 A,불가,-,마감,-,2026-05-06 11:52,2026-05-06
3012313,수원역 아늑호텔,스탠다드 C,불가,-,마감,-,2026-05-06 11:52,2026-05-06
3012313,수원역 아늑호텔,스탠다드 B,불가,-,마감,-,2026-05-06 11:52,2026-05-06
3011262,수원역 디자인호텔 칸,도보전용 - 주차불가,가능,"18,900원",가능,"36,000원",2026-05-06 11:52,2026-05-06
3011262,수원역 디자인호텔 칸,스탠다드,가능,"25,200원",가능,"42,300원",2026-05-06 11:52,2026-05-06
3011262,수원역 디자인호텔 칸,늦은퇴실,가능,"36,000원",가능,"43,200원",2026-05-06 11:52,2026-05-06
3011262,수원역 디자인호텔 칸,특실,가능,"29,700원",가능,"45,000원",2026-05-06 11:52,2026-05-06
3011262,수원역 디자인호텔 칸,24시간 PKG,가능,"29,700원",가능,"45,000원",2026-05-06 11:52,2026-05-06
3011262,수원역 디자인호텔 칸,연박전용,정보없음,-,가능,"45,000원",2026-05-06 11:52,2026-05-06
3011262,수원역 디자인호텔 칸,빠른입실,가능,"36,000원",가능,"51,300원",2026-05-06 11:52,2026-05-06
3011262,수원역 디자인호텔 칸,3인 PC룸,가능,"31,500원",가능,"54,000원",2026-05-06 11:52,2026-05-06
3011262,수원역 디자인호텔 칸,트윈룸,가능,"36,000원",가능,"54,000원",2026-05-06 11:52,2026-05-06
3011262,수원역 디자인호텔 칸,30시간 PKG,가능,"36,000원",가능,"54,000원",2026-05-06 11:52,2026-05-06
3011262,수원역 디자인호텔 칸,3PC 룸,가능,"45,000원",가능,"54,000원",2026-05-06 11:52,2026-05-06
3011262,수원역 디자인호텔 칸,6PC파티룸8인실,가능,"70,000원",가능,"100,000원",2026-05-06 11:52,2026-05-06
3011262,수원역 디자인호텔 칸,6PC 파티룸 20인실,가능,"70,000원",가능,"100,000원",2026-05-06 11:52,2026-05-06
10051705,수원역 호텔 하루,스탠다드 A,가능,"20,000원",가능,"33,000원",2026-05-06 11:52,2026-05-06
10051705,수원역 호텔 하루,스탠다드 OTT,가능,"22,000원",가능,"35,000원",2026-05-06 11:52,2026-05-06
10051705,수원역 호텔 하루,플스5 게임 룸,가능,"28,000원",가능,"45,000원",2026-05-06 11:52,2026-05-06
10051705,수원역 호텔 하루,게이밍 2PC룸,가능,"28,000원",가능,"45,000원",2026-05-06 11:52,2026-05-06
10051705,수원역 호텔 하루,다인실 3인룸,정보없음,-,가능,"45,000원",2026-05-06 11:52,2026-05-06
10051705,수원역 호텔 하루,잠꾸러기 24시간,정보없음,-,가능,"60,000원",2026-05-06 11:52,2026-05-06
10051705,수원역 호텔 하루,늦은 퇴실,가능,"30,000원",마감,-,2026-05-06 11:52,2026-05-06
10051705,수원역 호텔 하루,빠른입실,정보없음,-,마감,-,2026-05-06 11:52,2026-05-06
10051705,수원역 호텔 하루,일찍퇴실/도보전용,불가,-,마감,-,2026-05-06 11:52,2026-05-06
3016345,수원역 해시,스탠다드 - 흡연룸,가능,"25,000원",가능,"37,800원",2026-05-06 11:52,2026-05-06
3016345,수원역 해시,스탠다드 - 금연룸,가능,"25,000원",마감,-,2026-05-06 11:52,2026-05-06
3016345,수원역 해시,디럭스 금연룸 - 넷플릭스 무료시청,가능,"30,000원",가능,"55,000원",2026-05-06 11:52,2026-05-06
3016345,수원역 해시,디럭스 흡연룸 - 넷플릭스 무료시청,가능,"30,000원",가능,"55,000원",2026-05-06 11:52,2026-05-06
3016345,수원역 해시,숙박 늦은퇴실,정보없음,-,가능,"72,000원",2026-05-06 11:52,2026-05-06
3016345,수원역 해시,무한대실 or 빠른숙박,가능,"50,000원",가능,"75,000원",2026-05-06 11:52,2026-05-06
3016345,수원역 해시,YA 낮숙박전용상품 - 최대10시간 이용가능,가능,"50,000원",정보없음,-,2026-05-06 11:52,2026-05-06
3016345,수원역 해시,디럭스 PLUS룸,불가,-,마감,-,2026-05-06 11:52,2026-05-06
10065927,부산 해운대 아늑 리조트 앤 스파,매화 수페리어 패밀리 + 대욕장/사우나 + 야식,정보없음,-,가능,"115,000원",2026-05-06 11:52,2026-05-06
10065927,부산 해운대 아늑 리조트 앤 스파,코스모스 수페리어 키즈 + 대욕장/사우나 + 야식,정보없음,-,가능,"120,000원",2026-05-06 11:52,2026-05-06
10065927,부산 해운대 아늑 리조트 앤 스파,주니어 스위트 패밀리,정보없음,-,가능,"160,000원",2026-05-06 11:52,2026-05-06
10065927,부산 해운대 아늑 리조트 앤 스파,코스모스 듀플렉스 패밀리 + 대욕장/사우나 + 야식,정보없음,-,가능,"160,000원",2026-05-06 11:52,2026-05-06
10065927,부산 해운대 아늑 리조트 앤 스파,시그니처 스위트 패밀리,정보없음,-,가능,"180,000원",2026-05-06 11:52,2026-05-06
10065927,부산 해운대 아늑 리조트 앤 스파,주니어 스위트 패밀리 테라스,정보없음,-,가능,"210,000원",2026-05-06 11:52,2026-05-06
10065927,부산 해운대 아늑 리조트 앤 스파,디럭스 스위트 패밀리,정보없음,-,가능,"260,000원",2026-05-06 11:52,2026-05-06
10065927,부산 해운대 아늑 리조트 앤 스파,시그니처 펜트하우스,정보없음,-,가능,"360,000원",2026-05-06 11:52,2026-05-06
10065927,부산 해운대 아늑 리조트 앤 스파,도보특가,가능,"27,000원",마감,-,2026-05-06 11:52,2026-05-06
10065927,부산 해운대 아늑 리조트 앤 스파,매화 스탠다드 더블 + 대욕장/사우나 + 야식,가능,"32,000원",마감,-,2026-05-06 11:52,2026-05-06
10065927,부산 해운대 아늑 리조트 앤 스파,코스모스 수페리어 더블 + 대욕장/사우나 + 야식,가능,"37,000원",마감,-,2026-05-06 11:52,2026-05-06
10065927,부산 해운대 아늑 리조트 앤 스파,매화 수페리어 디럭스 패밀리 + 대욕장/사우나 + 야식,정보없음,-,마감,-,2026-05-06 11:52,2026-05-06
10065927,부산 해운대 아늑 리조트 앤 스파,매화 스탠다드 트윈 + 대욕장/사우나 + 야식,정보없음,-,마감,-,2026-05-06 11:52,2026-05-06
10065927,부산 해운대 아늑 리조트 앤 스파,매화 수페리어 더블 + 대욕장/사우나 + 야식,정보없음,-,마감,-,2026-05-06 11:52,2026-05-06
10065927,부산 해운대 아늑 리조트 앤 스파,매화 수페리어 비즈니스 더블 + 대욕장/사우나 + 야식,정보없음,-,마감,-,2026-05-06 11:52,2026-05-06
10065927,부산 해운대 아늑 리조트 앤 스파,코스모스 수페리어 트윈 + 대욕장/사우나 + 야식,정보없음,-,마감,-,2026-05-06 11:52,2026-05-06
10065927,부산 해운대 아늑 리조트 앤 스파,코스모스 수페리어 디럭스 더블 + 대욕장/사우나 + 야식,정보없음,-,마감,-,2026-05-06 11:52,2026-05-06
1000111517,부산 해운대 하운드 해운대 1호점 시그니처,슈페리어 트윈,정보없음,-,가능,"115,000원",2026-05-06 11:52,2026-05-06
1000111517,부산 해운대 하운드 해운대 1호점 시그니처,시그니처 더블,정보없음,-,가능,"115,000원",2026-05-06 11:52,2026-05-06
1000111517,부산 해운대 하운드 해운대 1호점 시그니처,프리미엄 트윈,정보없음,-,가능,"135,000원",2026-05-06 11:52,2026-05-06
1000111517,부산 해운대 하운드 해운대 1호점 시그니처,디럭스 더블,정보없음,-,마감,-,2026-05-06 11:52,2026-05-06
1000111517,부산 해운대 하운드 해운대 1호점 시그니처,슈페리어 더블,정보없음,-,마감,-,2026-05-06 11:52,2026-05-06
1000111517,부산 해운대 하운드 해운대 1호점 시그니처,테라스 더블,정보없음,-,마감,-,2026-05-06 11:52,2026-05-06
1000111517,부산 해운대 하운드 해운대 1호점 시그니처,비즈니스 더블,정보없음,-,마감,-,2026-05-06 11:52,2026-05-06
3000224,부산 해운대 리엔(LIEN) 호텔,도보특가),정보없음,-,가능,"28,000원",2026-05-06 11:53,2026-05-06
3000224,부산 해운대 리엔(LIEN) 호텔,디럭스,정보없음,-,가능,"33,000원",2026-05-06 11:53,2026-05-06
3000224,부산 해운대 리엔(LIEN) 호텔,핫세일,정보없음,-,가능,"38,000원",2026-05-06 11:53,2026-05-06
3000224,부산 해운대 리엔(LIEN) 호텔,디럭스 트윈,정보없음,-,가능,"45,000원",2026-05-06 11:53,2026-05-06
3000224,부산 해운대 리엔(LIEN) 호텔,한실-온돌,정보없음,-,가능,"45,000원",2026-05-06 11:53,2026-05-06
3000224,부산 해운대 리엔(LIEN) 호텔,스위트 테라스 트리플룸,정보없음,-,가능,"120,000원",2026-05-06 11:53,2026-05-06
26109,부산 해운대 클리프 베이 호텔,도보특가,정보없음,-,가능,"40,000원",2026-05-06 11:53,2026-05-06
26109,부산 해운대 클리프 베이 호텔,스탠다드 킹베드,정보없음,-,가능,"45,000원",2026-05-06 11:53,2026-05-06
26109,부산 해운대 클리프 베이 호텔,디럭스 킹베드,정보없음,-,가능,"63,000원",2026-05-06 11:53,2026-05-06
26109,부산 해운대 클리프 베이 호텔,슈페리어 킹베드,정보없음,-,가능,"100,000원",2026-05-06 11:53,2026-05-06
26109,부산 해운대 클리프 베이 호텔,디럭스 트윈 킹베드,정보없음,-,가능,"105,000원",2026-05-06 11:53,2026-05-06
26109,부산 해운대 클리프 베이 호텔,Song Room,정보없음,-,가능,"127,000원",2026-05-06 11:53,2026-05-06
26109,부산 해운대 클리프 베이 호텔,프리미엄 트윈 킹베드,정보없음,-,가능,"270,000원",2026-05-06 11:53,2026-05-06
26109,부산 해운대 클리프 베이 호텔,패밀리 트윈 킹베드,정보없음,-,가능,"270,000원",2026-05-06 11:53,2026-05-06
3009680,건대 아늑 호텔 앤 스파 서울 성수 건대,도보전용,가능,"37,000원",가능,"58,000원",2026-05-06 11:53,2026-05-06
3009680,건대 아늑 호텔 앤 스파 서울 성수 건대,스탠다드A,가능,"42,000원",가능,"73,000원",2026-05-06 11:53,2026-05-06
3009680,건대 아늑 호텔 앤 스파 서울 성수 건대,스탠다드B,가능,"42,000원",가능,"83,000원",2026-05-06 11:53,2026-05-06
3009680,건대 아늑 호텔 앤 스파 서울 성수 건대,스탠다드C,가능,"47,000원",가능,"83,000원",2026-05-06 11:53,2026-05-06
3009680,건대 아늑 호텔 앤 스파 서울 성수 건대,디럭스A,가능,"52,000원",가능,"103,000원",2026-05-06 11:53,2026-05-06
3009680,건대 아늑 호텔 앤 스파 서울 성수 건대,디럭스B,가능,"52,000원",가능,"113,000원",2026-05-06 11:53,2026-05-06
3009680,건대 아늑 호텔 앤 스파 서울 성수 건대,스위트 더블,가능,"77,000원",가능,"173,000원",2026-05-06 11:53,2026-05-06
3009680,건대 아늑 호텔 앤 스파 서울 성수 건대,스위트 트윈,가능,"77,000원",가능,"203,000원",2026-05-06 11:53,2026-05-06
3009680,건대 아늑 호텔 앤 스파 서울 성수 건대,시그니처,불가,-,가능,"243,000원",2026-05-06 11:53,2026-05-06
3012076,건대(화양사거리) 호텔 더 디자이너스 프리미어 성수&건대,당일특가,가능,"55,000원",가능,"80,000원",2026-05-06 11:53,2026-05-06
3012076,건대(화양사거리) 호텔 더 디자이너스 프리미어 성수&건대,디럭스 트윈,가능,"40,000원",가능,"90,000원",2026-05-06 11:53,2026-05-06
3012076,건대(화양사거리) 호텔 더 디자이너스 프리미어 성수&건대,디럭스 더블,가능,"40,000원",가능,"90,000원",2026-05-06 11:53,2026-05-06
3012076,건대(화양사거리) 호텔 더 디자이너스 프리미어 성수&건대,디럭스 시티뷰,가능,"45,000원",가능,"100,000원",2026-05-06 11:53,2026-05-06
3012076,건대(화양사거리) 호텔 더 디자이너스 프리미어 성수&건대,스위트,가능,"50,000원",가능,"110,000원",2026-05-06 11:53,2026-05-06
3012076,건대(화양사거리) 호텔 더 디자이너스 프리미어 성수&건대,디럭스3인실-더블+싱글,정보없음,-,가능,"110,000원",2026-05-06 11:53,2026-05-06
3012076,건대(화양사거리) 호텔 더 디자이너스 프리미어 성수&건대,게임룸,가능,"60,000원",가능,"120,000원",2026-05-06 11:53,2026-05-06
3012076,건대(화양사거리) 호텔 더 디자이너스 프리미어 성수&건대,디자이너스 스위트,가능,"60,000원",가능,"120,000원",2026-05-06 11:53,2026-05-06
3012076,건대(화양사거리) 호텔 더 디자이너스 프리미어 성수&건대,롱타임,가능,"80,000원",가능,"130,000원",2026-05-06 11:53,2026-05-06
3012076,건대(화양사거리) 호텔 더 디자이너스 프리미어 성수&건대,레이트체크아웃,불가,-,가능,"130,000원",2026-05-06 11:53,2026-05-06
3012076,건대(화양사거리) 호텔 더 디자이너스 프리미어 성수&건대,로얄 스위트,가능,"70,000원",가능,"150,000원",2026-05-06 11:53,2026-05-06
3012076,건대(화양사거리) 호텔 더 디자이너스 프리미어 성수&건대,디럭스더블 와인플래터 와인패키지,정보없음,-,가능,"150,000원",2026-05-06 11:53,2026-05-06
3012076,건대(화양사거리) 호텔 더 디자이너스 프리미어 성수&건대,스위트 롱타임,정보없음,-,가능,"150,000원",2026-05-06 11:53,2026-05-06
3012076,건대(화양사거리) 호텔 더 디자이너스 프리미어 성수&건대,로얄3인실,정보없음,-,가능,"170,000원",2026-05-06 11:53,2026-05-06
3012076,건대(화양사거리) 호텔 더 디자이너스 프리미어 성수&건대,로얄4인실,정보없음,-,가능,"190,000원",2026-05-06 11:53,2026-05-06
3012076,건대(화양사거리) 호텔 더 디자이너스 프리미어 성수&건대,로얄5인실,정보없음,-,가능,"210,000원",2026-05-06 11:53,2026-05-06
3012076,건대(화양사거리) 호텔 더 디자이너스 프리미어 성수&건대,로얄스위트 롱타임,가능,"130,000원",가능,"220,000원",2026-05-06 11:53,2026-05-06
3012076,건대(화양사거리) 호텔 더 디자이너스 프리미어 성수&건대,파티룸 펜트하우스,가능,"80,000원",가능,"250,000원",2026-05-06 11:53,2026-05-06
3012076,건대(화양사거리) 호텔 더 디자이너스 프리미어 성수&건대,펜트5인실,정보없음,-,가능,"270,000원",2026-05-06 11:53,2026-05-06
3012076,건대(화양사거리) 호텔 더 디자이너스 프리미어 성수&건대,펜트6인실,정보없음,-,가능,"290,000원",2026-05-06 11:53,2026-05-06
3012076,건대(화양사거리) 호텔 더 디자이너스 프리미어 성수&건대,라운지 루프탑,불가,-,가능,"9,990,000원",2026-05-06 11:53,2026-05-06
3012076,건대(화양사거리) 호텔 더 디자이너스 프리미어 성수&건대,스위트롱타임,가능,"100,000원",정보없음,-,2026-05-06 11:53,2026-05-06
3012076,건대(화양사거리) 호텔 더 디자이너스 프리미어 성수&건대,얼리체크인,불가,-,마감,-,2026-05-06 11:53,2026-05-06
3012076,건대(화양사거리) 호텔 더 디자이너스 프리미어 성수&건대,디럭스 트윈- 연박전용,불가,-,정보없음,-,2026-05-06 11:53,2026-05-06
3012076,건대(화양사거리) 호텔 더 디자이너스 프리미어 성수&건대,스위트 - 연박전용,불가,-,정보없음,-,2026-05-06 11:53,2026-05-06
10059284,건대 성수스테이,Deluxe room,가능,"47,000원",가능,"85,000원",2026-05-06 11:53,2026-05-06
10059284,건대 성수스테이,트윈 더블베드룸,정보없음,-,가능,"110,000원",2026-05-06 11:53,2026-05-06
10059284,건대 성수스테이,Terrace Room,정보없음,-,가능,"130,000원",2026-05-06 11:53,2026-05-06
10059284,건대 성수스테이,스탠다드룸,가능,"42,000원",마감,-,2026-05-06 11:53,2026-05-06
3011740,건대 H Avenue 건대점,스탠다드 더블,가능,"36,000원",가능,"63,000원",2026-05-06 11:53,2026-05-06
3011740,건대 H Avenue 건대점,디럭스 더블,가능,"42,000원",가능,"72,000원",2026-05-06 11:53,2026-05-06
3011740,건대 H Avenue 건대점,★ 바우처 패키지,가능,"52,000원",가능,"72,000원",2026-05-06 11:53,2026-05-06
3011740,건대 H Avenue 건대점,프리미어 더블,가능,"47,000원",가능,"81,000원",2026-05-06 11:53,2026-05-06
3011740,건대 H Avenue 건대점,★ 치맥 패키지,가능,"77,000원",가능,"107,000원",2026-05-06 11:53,2026-05-06
3011740,건대 H Avenue 건대점,★ 브런치 패키지,정보없음,-,가능,"107,000원",2026-05-06 11:53,2026-05-06
3011740,건대 H Avenue 건대점,파티 에비뉴,정보없음,-,가능,"147,000원",2026-05-06 11:53,2026-05-06
3011740,건대 H Avenue 건대점,★ 데이트 패키지,정보없음,-,가능,"162,000원",2026-05-06 11:53,2026-05-06
3011740,건대 H Avenue 건대점,★ 바베큐 패키지,정보없음,-,가능,"173,000원",2026-05-06 11:53,2026-05-06
3011740,건대 H Avenue 건대점,비즈니스 트윈,정보없음,-,마감,-,2026-05-06 11:53,2026-05-06
10044646,충주 호텔 프롬에이치 어바웃 충주시청점,도보특가,가능,"23,000원",가능,"50,000원",2026-05-06 11:53,2026-05-06
10044646,충주 호텔 프롬에이치 어바웃 충주시청점,Standard,가능,"25,000원",가능,"60,000원",2026-05-06 11:53,2026-05-06
10044646,충주 호텔 프롬에이치 어바웃 충주시청점,Single Twin,가능,"25,000원",가능,"65,000원",2026-05-06 11:53,2026-05-06
10044646,충주 호텔 프롬에이치 어바웃 충주시청점,디럭스,가능,"30,000원",가능,"70,000원",2026-05-06 11:53,2026-05-06
10044646,충주 호텔 프롬에이치 어바웃 충주시청점,프리미엄,가능,"30,000원",가능,"75,000원",2026-05-06 11:53,2026-05-06
10044646,충주 호텔 프롬에이치 어바웃 충주시청점,얼리 체크인,불가,-,가능,"75,000원",2026-05-06 11:53,2026-05-06
10044646,충주 호텔 프롬에이치 어바웃 충주시청점,디럭스 트윈,가능,"40,000원",가능,"80,000원",2026-05-06 11:53,2026-05-06
10044646,충주 호텔 프롬에이치 어바웃 충주시청점,게임룸 4PC,가능,"40,000원",가능,"95,000원",2026-05-06 11:53,2026-05-06
10044646,충주 호텔 프롬에이치 어바웃 충주시청점,프리미엄 스위트,가능,"50,000원",가능,"145,000원",2026-05-06 11:53,2026-05-06
10044646,충주 호텔 프롬에이치 어바웃 충주시청점,무한대실,가능,"50,000원",마감,-,2026-05-06 11:53,2026-05-06
10044646,충주 호텔 프롬에이치 어바웃 충주시청점,기프티콘 패키지 1,불가,-,마감,-,2026-05-06 11:53,2026-05-06
10044646,충주 호텔 프롬에이치 어바웃 충주시청점,기프티콘 패키지 2,불가,-,마감,-,2026-05-06 11:53,2026-05-06
10044646,충주 호텔 프롬에이치 어바웃 충주시청점,레이트체크아웃,불가,-,마감,-,2026-05-06 11:53,2026-05-06
10047282,충주 브라운도트 시청점,스탠다드,가능,"25,000원",가능,"65,000원",2026-05-06 11:53,2026-05-06
10047282,충주 브라운도트 시청점,커플 PC,가능,"30,000원",가능,"70,000원",2026-05-06 11:53,2026-05-06
10047282,충주 브라운도트 시청점,프리미엄,가능,"27,000원",가능,"75,000원",2026-05-06 11:53,2026-05-06
10047282,충주 브라운도트 시청점,디럭스 트윈,가능,"40,000원",가능,"80,000원",2026-05-06 11:53,2026-05-06
10047282,충주 브라운도트 시청점,프리미엄 트윈,가능,"40,000원",가능,"85,000원",2026-05-06 11:53,2026-05-06
10047282,충주 브라운도트 시청점,프리미엄 스위트,가능,"50,000원",가능,"105,000원",2026-05-06 11:53,2026-05-06
10047282,충주 브라운도트 시청점,디럭스,가능,"35,000원",마감,-,2026-05-06 11:53,2026-05-06
10047282,충주 브라운도트 시청점,프리미엄 안마의자,가능,"35,000원",마감,-,2026-05-06 11:53,2026-05-06
10047282,충주 브라운도트 시청점,"노래방+당구,포켓볼",불가,-,마감,-,2026-05-06 11:53,2026-05-06
10047282,충주 브라운도트 시청점,도보전용,불가,-,마감,-,2026-05-06 11:53,2026-05-06
1019124,충주 호텔 에이치에비뉴 시청점,스탠다드,가능,"25,000원",가능,"55,000원",2026-05-06 11:53,2026-05-06
1019124,충주 호텔 에이치에비뉴 시청점,도보특가,가능,"25,000원",가능,"60,000원",2026-05-06 11:53,2026-05-06
1019124,충주 호텔 에이치에비뉴 시청점,프리미엄 스타일러,가능,"25,000원",가능,"65,000원",2026-05-06 11:53,2026-05-06
1019124,충주 호텔 에이치에비뉴 시청점,프리미엄 욕조,가능,"25,000원",가능,"65,000원",2026-05-06 11:53,2026-05-06
1019124,충주 호텔 에이치에비뉴 시청점,프리미엄 1pc,가능,"25,000원",가능,"65,000원",2026-05-06 11:53,2026-05-06
1019124,충주 호텔 에이치에비뉴 시청점,프리미엄,가능,"25,000원",가능,"65,000원",2026-05-06 11:53,2026-05-06
1019124,충주 호텔 에이치에비뉴 시청점,프리미엄+노래방패키지,정보없음,-,가능,"75,000원",2026-05-06 11:53,2026-05-06
1019124,충주 호텔 에이치에비뉴 시청점,디럭스 트윈 복층,정보없음,-,가능,"75,000원",2026-05-06 11:53,2026-05-06
1019124,충주 호텔 에이치에비뉴 시청점,디럭스 트윈,정보없음,-,가능,"75,000원",2026-05-06 11:53,2026-05-06
1019124,충주 호텔 에이치에비뉴 시청점,프리미엄+스크린골프 패키지,정보없음,-,가능,"85,000원",2026-05-06 11:53,2026-05-06
1019124,충주 호텔 에이치에비뉴 시청점,VIP,가능,"35,000원",가능,"95,000원",2026-05-06 11:53,2026-05-06
1019124,충주 호텔 에이치에비뉴 시청점,디럭스 쓰리베드룸,정보없음,-,가능,"95,000원",2026-05-06 11:53,2026-05-06
10041074,충주 어반브라운호텔(충주시청점),도보특가,불가,-,가능,"55,000원",2026-05-06 11:54,2026-05-06
10041074,충주 어반브라운호텔(충주시청점),스탠다드,가능,"23,000원",가능,"60,000원",2026-05-06 11:54,2026-05-06
10041074,충주 어반브라운호텔(충주시청점),프리미엄 스탠다드,가능,"25,000원",가능,"70,000원",2026-05-06 11:54,2026-05-06
10041074,충주 어반브라운호텔(충주시청점),트윈,가능,"28,000원",가능,"70,000원",2026-05-06 11:54,2026-05-06
10041074,충주 어반브라운호텔(충주시청점),커플PC,가능,"28,000원",가능,"70,000원",2026-05-06 11:54,2026-05-06
10041074,충주 어반브라운호텔(충주시청점),프리미엄 안마의자,가능,"28,000원",가능,"75,000원",2026-05-06 11:54,2026-05-06
10041074,충주 어반브라운호텔(충주시청점),프리미엄 트윈,가능,"33,000원",가능,"75,000원",2026-05-06 11:54,2026-05-06
10041074,충주 어반브라운호텔(충주시청점),디럭스,가능,"33,000원",가능,"85,000원",2026-05-06 11:54,2026-05-06
10041074,충주 어반브라운호텔(충주시청점),얼리 체크인,불가,-,가능,"90,000원",2026-05-06 11:54,2026-05-06
10041074,충주 어반브라운호텔(충주시청점),레이트 체크아웃,불가,-,가능,"90,000원",2026-05-06 11:54,2026-05-06
10041074,충주 어반브라운호텔(충주시청점),VIP,가능,"38,000원",가능,"95,000원",2026-05-06 11:54,2026-05-06
10041074,충주 어반브라운호텔(충주시청점),스위트,가능,"43,000원",가능,"105,000원",2026-05-06 11:54,2026-05-06
10055518,대전 유성 에이스호텔 by 아늑,"도보특가 / 주차불가,랜덤객실",가능,"25,000원",가능,"49,000원",2026-05-06 11:54,2026-05-06
10055518,대전 유성 에이스호텔 by 아늑,기획전 특가,정보없음,-,가능,"49,000원",2026-05-06 11:54,2026-05-06
10055518,대전 유성 에이스호텔 by 아늑,Standard,가능,"30,000원",가능,"59,000원",2026-05-06 11:54,2026-05-06
10055518,대전 유성 에이스호텔 by 아늑,오픈특가 / 랜덤객실,가능,"33,000원",가능,"69,000원",2026-05-06 11:54,2026-05-06
10055518,대전 유성 에이스호텔 by 아늑,Cartoon,가능,"35,000원",가능,"69,000원",2026-05-06 11:54,2026-05-06
10055518,대전 유성 에이스호텔 by 아늑,Music,가능,"35,000원",가능,"69,000원",2026-05-06 11:54,2026-05-06
10055518,대전 유성 에이스호텔 by 아늑,Book & Music,가능,"35,000원",가능,"69,000원",2026-05-06 11:54,2026-05-06
10055518,대전 유성 에이스호텔 by 아늑,Business,가능,"35,000원",가능,"69,000원",2026-05-06 11:54,2026-05-06
10055518,대전 유성 에이스호텔 by 아늑,Nintendo,가능,"45,000원",가능,"89,000원",2026-05-06 11:54,2026-05-06
10055518,대전 유성 에이스호텔 by 아늑,Twin,가능,"40,000원",마감,-,2026-05-06 11:54,2026-05-06
10055518,대전 유성 에이스호텔 by 아늑,무한대실 / 랜덤객실,가능,"45,000원",정보없음,-,2026-05-06 11:54,2026-05-06
10055518,대전 유성 에이스호텔 by 아늑,Movie / twin,가능,"45,000원",마감,-,2026-05-06 11:54,2026-05-06
1009259,대전 유성 호텔 141,도보특가 / 주차 불가,가능,"28,000원",가능,"60,000원",2026-05-06 11:54,2026-05-06
1009259,대전 유성 호텔 141,"오픈특가 / 75""스마트 TV",가능,"30,000원",가능,"65,000원",2026-05-06 11:54,2026-05-06
1009259,대전 유성 호텔 141,"스탠다드 / 75""스마트 TV",가능,"35,000원",가능,"75,000원",2026-05-06 11:54,2026-05-06
1009259,대전 유성 호텔 141,"비즈니스룸 / 75""스마트 TV,",가능,"40,000원",가능,"85,000원",2026-05-06 11:54,2026-05-06
1009259,대전 유성 호텔 141,얼리체크인,정보없음,-,가능,"90,000원",2026-05-06 11:54,2026-05-06
1009259,대전 유성 호텔 141,"스위트룸 / 75""스마트 TV",가능,"50,000원",가능,"95,000원",2026-05-06 11:54,2026-05-06
1009259,대전 유성 호텔 141,레이트체크아웃,정보없음,-,가능,"100,000원",2026-05-06 11:54,2026-05-06
1009259,대전 유성 호텔 141,파티룸 / 60평,정보없음,-,가능,"400,000원",2026-05-06 11:54,2026-05-06
1009259,대전 유성 호텔 141,무한대실,가능,"50,000원",정보없음,-,2026-05-06 11:54,2026-05-06
1009259,대전 유성 호텔 141,야간대실,불가,-,정보없음,-,2026-05-06 11:54,2026-05-06
27195,대전 유성 호텔 프리모,스탠다드,가능,"25,000원",가능,"60,000원",2026-05-06 11:54,2026-05-06
27195,대전 유성 호텔 프리모,프리미엄,가능,"30,000원",가능,"65,000원",2026-05-06 11:54,2026-05-06
27195,대전 유성 호텔 프리모,슈페리어,정보없음,-,가능,"65,000원",2026-05-06 11:54,2026-05-06
27195,대전 유성 호텔 프리모,디럭스,가능,"33,000원",가능,"70,000원",2026-05-06 11:54,2026-05-06
27195,대전 유성 호텔 프리모,비즈니스 트윈,정보없음,-,가능,"70,000원",2026-05-06 11:54,2026-05-06
27195,대전 유성 호텔 프리모,스위트,정보없음,-,가능,"75,000원",2026-05-06 11:54,2026-05-06
27195,대전 유성 호텔 프리모,스위트,정보없음,-,가능,"75,000원",2026-05-06 11:54,2026-05-06
3010407,대전 유성 세르보,NOL 기획전,정보없음,-,가능,"53,000원",2026-05-06 11:54,2026-05-06
3010407,대전 유성 세르보,Premium,가능,"25,000원",가능,"55,000원",2026-05-06 11:54,2026-05-06
3010407,대전 유성 세르보,Suite,가능,"35,000원",가능,"85,000원",2026-05-06 11:54,2026-05-06
3010407,대전 유성 세르보,Suite Twin,정보없음,-,가능,"85,000원",2026-05-06 11:54,2026-05-06
3010407,대전 유성 세르보,Family Suite,정보없음,-,마감,-,2026-05-06 11:54,2026-05-06
1009472,대전 문창 아늑에어 호텔,도보특가,정보없음,-,가능,"40,000원",2026-05-06 11:54,2026-05-06
1009472,대전 문창 아늑에어 호텔,스탠다드,가능,"32,000원",가능,"44,500원",2026-05-06 11:54,2026-05-06
1009472,대전 문창 아늑에어 호텔,오픈특가,가능,"27,000원",가능,"45,000원",2026-05-06 11:54,2026-05-06
1009472,대전 문창 아늑에어 호텔,2PC,가능,"37,000원",가능,"49,000원",2026-05-06 11:54,2026-05-06
1009472,대전 문창 아늑에어 호텔,무비,가능,"37,000원",가능,"65,000원",2026-05-06 11:54,2026-05-06
1009472,대전 문창 아늑에어 호텔,LP,가능,"37,000원",가능,"65,000원",2026-05-06 11:54,2026-05-06
1009472,대전 문창 아늑에어 호텔,레이트체크아웃,정보없음,-,가능,"80,000원",2026-05-06 11:54,2026-05-06
1009472,대전 문창 아늑에어 호텔,얼리체크인,정보없음,-,가능,"80,000원",2026-05-06 11:54,2026-05-06
1009472,대전 문창 아늑에어 호텔,라운지,불가,-,가능,"135,000원",2026-05-06 11:54,2026-05-06
1009472,대전 문창 아늑에어 호텔,도보특가,가능,"22,000원",정보없음,-,2026-05-06 11:54,2026-05-06
1009472,대전 문창 아늑에어 호텔,무한대실,가능,"47,000원",정보없음,-,2026-05-06 11:54,2026-05-06
1009472,대전 문창 아늑에어 호텔,기획전 특가,정보없음,-,마감,-,2026-05-06 11:54,2026-05-06
1000104798,대전 문창 호텔 더리즈,금연실,가능,"27,000원",가능,"42,000원",2026-05-06 11:54,2026-05-06
1000104798,대전 문창 호텔 더리즈,OTT-빠른입실+늦은퇴실,가능,"22,000원",가능,"45,000원",2026-05-06 11:54,2026-05-06
1000104798,대전 문창 호텔 더리즈,비지니스,가능,"32,000원",가능,"48,000원",2026-05-06 11:54,2026-05-06
1000104798,대전 문창 호텔 더리즈,"레이트체크아웃-OTT 무비룸,OTT 무비룸+",정보없음,-,가능,"48,000원",2026-05-06 11:54,2026-05-06
1000104798,대전 문창 호텔 더리즈,"얼리체크인-OTT 무비룸,OTT 무비룸+",정보없음,-,가능,"48,000원",2026-05-06 11:54,2026-05-06
1000104798,대전 문창 호텔 더리즈,프리미엄,가능,"32,000원",가능,"50,000원",2026-05-06 11:54,2026-05-06
1000104798,대전 문창 호텔 더리즈,OTT무비75-빠른입실+늦은퇴실,가능,"32,000원",가능,"50,000원",2026-05-06 11:54,2026-05-06
1000104798,대전 문창 호텔 더리즈,프리미엄-트윈베드,가능,"35,000원",가능,"57,000원",2026-05-06 11:54,2026-05-06
1000104798,대전 문창 호텔 더리즈,더 늦은 퇴실 17-17,가능,"27,000원",가능,"60,000원",2026-05-06 11:54,2026-05-06
1000104798,대전 문창 호텔 더리즈,더 이른 체크인 12-12,가능,"27,000원",가능,"60,000원",2026-05-06 11:54,2026-05-06
1000104798,대전 문창 호텔 더리즈,스위트 트윈,불가,-,가능,"63,000원",2026-05-06 11:54,2026-05-06
1009467,대전 문창 호텔 띠아모,Standard,가능,"20,000원",가능,"40,000원",2026-05-06 11:54,2026-05-06
1009467,대전 문창 호텔 띠아모,안마의자노하드1pc,가능,"25,000원",가능,"45,000원",2026-05-06 11:54,2026-05-06
1009467,대전 문창 호텔 띠아모,Premium-노하드2pc,가능,"30,000원",가능,"50,000원",2026-05-06 11:54,2026-05-06
1009467,대전 문창 호텔 띠아모,Twin bed,가능,"20,000원",가능,"55,000원",2026-05-06 11:54,2026-05-06
1009467,대전 문창 호텔 띠아모,Vip class,가능,"30,000원",가능,"60,000원",2026-05-06 11:54,2026-05-06
3001897,대전 문창 호텔 썸,금연-스탠다드,가능,"17,000원",가능,"30,000원",2026-05-06 11:54,2026-05-06
3001897,대전 문창 호텔 썸,금연-준특실,가능,"19,000원",가능,"32,000원",2026-05-06 11:54,2026-05-06
3001897,대전 문창 호텔 썸,금연-특실-더블,가능,"22,000원",가능,"35,000원",2026-05-06 11:54,2026-05-06
3001897,대전 문창 호텔 썸,금연-특실-안마의자,가능,"24,000원",가능,"37,000원",2026-05-06 11:54,2026-05-06
3001897,대전 문창 호텔 썸,금연-잠꾸러기,가능,"35,000원",가능,"52,000원",2026-05-06 11:54,2026-05-06
3001897,대전 문창 호텔 썸,금연-특실-트윈룸,정보없음,-,가능,"52,000원",2026-05-06 11:54,2026-05-06
25219,수원 인계 아늑호텔,도보특가,가능,"23,000원",가능,"40,000원",2026-05-06 11:55,2026-05-06
25219,수원 인계 아늑호텔,스탠다드,가능,"25,000원",가능,"50,000원",2026-05-06 11:55,2026-05-06
25219,수원 인계 아늑호텔,뮤직,가능,"35,000원",가능,"60,000원",2026-05-06 11:55,2026-05-06
25219,수원 인계 아늑호텔,비즈니스,가능,"35,000원",가능,"60,000원",2026-05-06 11:55,2026-05-06
25219,수원 인계 아늑호텔,무비,가능,"35,000원",가능,"70,000원",2026-05-06 11:55,2026-05-06
25219,수원 인계 아늑호텔,2PC,가능,"40,000원",가능,"70,000원",2026-05-06 11:55,2026-05-06
25219,수원 인계 아늑호텔,비즈니스 스위트,가능,"40,000원",가능,"70,000원",2026-05-06 11:55,2026-05-06
25219,수원 인계 아늑호텔,빠른입실,불가,-,가능,"70,000원",2026-05-06 11:55,2026-05-06
25219,수원 인계 아늑호텔,비즈니스 트윈,가능,"50,000원",가능,"80,000원",2026-05-06 11:55,2026-05-06
25219,수원 인계 아늑호텔,반려견 동반,가능,"45,000원",가능,"90,000원",2026-05-06 11:55,2026-05-06
25219,수원 인계 아늑호텔,스위트 - 풀,가능,"60,000원",가능,"100,000원",2026-05-06 11:55,2026-05-06
25219,수원 인계 아늑호텔,다이닝 트윈,가능,"70,000원",가능,"130,000원",2026-05-06 11:55,2026-05-06
25219,수원 인계 아늑호텔,트윈 스위트 - 풀,가능,"70,000원",가능,"130,000원",2026-05-06 11:55,2026-05-06
1002897,수원(인계동) 앨리스 호텔,도보전용,가능,"20,000원",가능,"33,000원",2026-05-06 11:55,2026-05-06
1002897,수원(인계동) 앨리스 호텔,차량전용특가,가능,"22,000원",가능,"38,000원",2026-05-06 11:55,2026-05-06
1002897,수원(인계동) 앨리스 호텔,Standard Unique,가능,"25,000원",가능,"43,000원",2026-05-06 11:55,2026-05-06
1002897,수원(인계동) 앨리스 호텔,Standard Vintage,가능,"25,000원",가능,"43,000원",2026-05-06 11:55,2026-05-06
1002897,수원(인계동) 앨리스 호텔,Standard Scandi,가능,"25,000원",가능,"43,000원",2026-05-06 11:55,2026-05-06
1002897,수원(인계동) 앨리스 호텔,Standard Twin,불가,-,가능,"53,000원",2026-05-06 11:55,2026-05-06
1002897,수원(인계동) 앨리스 호텔,Late Check-out,정보없음,-,가능,"63,000원",2026-05-06 11:55,2026-05-06
1002897,수원(인계동) 앨리스 호텔,Deluxe Twin,가능,"40,000원",가능,"73,000원",2026-05-06 11:55,2026-05-06
1002897,수원(인계동) 앨리스 호텔,Deluxe Spa,가능,"60,000원",가능,"93,000원",2026-05-06 11:55,2026-05-06
1002897,수원(인계동) 앨리스 호텔,Party Suite - Cinema,가능,"60,000원",가능,"143,000원",2026-05-06 11:55,2026-05-06
27095,수원(인계동) 모노호텔,랜덤객실 - 도보전용,가능,"16,000원",가능,"35,000원",2026-05-06 11:55,2026-05-06
27095,수원(인계동) 모노호텔,Business,가능,"20,000원",가능,"37,300원",2026-05-06 11:55,2026-05-06
27095,수원(인계동) 모노호텔,랜덤객실 - 차량전용,가능,"18,000원",가능,"37,500원",2026-05-06 11:55,2026-05-06
27095,수원(인계동) 모노호텔,Mono,가능,"22,000원",가능,"43,000원",2026-05-06 11:55,2026-05-06
27095,수원(인계동) 모노호텔,Premium,가능,"32,000원",가능,"49,000원",2026-05-06 11:55,2026-05-06
27095,수원(인계동) 모노호텔,Gaming,정보없음,-,가능,"62,000원",2026-05-06 11:55,2026-05-06
27095,수원(인계동) 모노호텔,24 hour stay,정보없음,-,가능,"62,000원",2026-05-06 11:55,2026-05-06
27095,수원(인계동) 모노호텔,Party Analogia,정보없음,-,가능,"73,000원",2026-05-06 11:55,2026-05-06
27095,수원(인계동) 모노호텔,Party Cinematica,정보없음,-,가능,"73,000원",2026-05-06 11:55,2026-05-06
27095,수원(인계동) 모노호텔,무한대실,가능,"37,000원",정보없음,-,2026-05-06 11:55,2026-05-06
3000341,수원(인계동) 지오,시네마,가능,"20,000원",가능,"27,000원",2026-05-06 11:55,2026-05-06
3000341,수원(인계동) 지오,도보전용,가능,"24,000원",가능,"30,000원",2026-05-06 11:55,2026-05-06
3000341,수원(인계동) 지오,게임룸,가능,"27,000원",가능,"34,000원",2026-05-06 11:55,2026-05-06
3000341,수원(인계동) 지오,트윈베드 1PC,가능,"30,000원",가능,"40,000원",2026-05-06 11:55,2026-05-06
3000341,수원(인계동) 지오,플렉스룸3,가능,"30,000원",가능,"42,000원",2026-05-06 11:55,2026-05-06
3000341,수원(인계동) 지오,늦은퇴실 I,정보없음,-,가능,"45,000원",2026-05-06 11:55,2026-05-06
3000341,수원(인계동) 지오,플렉스룸2,가능,"30,000원",가능,"47,000원",2026-05-06 11:55,2026-05-06
3000341,수원(인계동) 지오,늦은퇴실 II,정보없음,-,가능,"50,000원",2026-05-06 11:55,2026-05-06
3000341,수원(인계동) 지오,플렉스룸1,가능,"35,000원",가능,"55,000원",2026-05-06 11:55,2026-05-06
3000341,수원(인계동) 지오,늦은퇴실 V,정보없음,-,가능,"65,000원",2026-05-06 11:55,2026-05-06
3000341,수원(인계동) 지오,늦은퇴실 IV,정보없음,-,가능,"70,000원",2026-05-06 11:55,2026-05-06
3000341,수원(인계동) 지오,늦은퇴실 III,정보없음,-,가능,"75,000원",2026-05-06 11:55,2026-05-06
3000341,수원(인계동) 지오,바베큐,정보없음,-,가능,"75,000원",2026-05-06 11:55,2026-05-06
3000341,수원(인계동) 지오,무한대실,가능,"40,000원",정보없음,-,2026-05-06 11:55,2026-05-06
24020,신촌 아늑호텔,도보특가,가능,"27,000원",가능,"50,000원",2026-05-06 11:55,2026-05-06
24020,신촌 아늑호텔,스탠다드,가능,"32,000원",가능,"70,000원",2026-05-06 11:55,2026-05-06
24020,신촌 아늑호텔,뮤직,불가,-,가능,"85,000원",2026-05-06 11:55,2026-05-06
24020,신촌 아늑호텔,2PC,정보없음,-,가능,"95,000원",2026-05-06 11:55,2026-05-06
24020,신촌 아늑호텔,여유로운 낮숙박,가능,"52,000원",정보없음,-,2026-05-06 11:55,2026-05-06
24020,신촌 아늑호텔,비즈니스,불가,-,마감,-,2026-05-06 11:55,2026-05-06
24887,신촌 모모,좋은방,가능,"22,000원",가능,"44,000원",2026-05-06 11:55,2026-05-06
24887,신촌 모모,더좋은방,가능,"26,400원",가능,"48,400원",2026-05-06 11:55,2026-05-06
24887,신촌 모모,최고좋은방,가능,"30,800원",가능,"57,200원",2026-05-06 11:55,2026-05-06
24887,신촌 모모,VIP,불가,-,가능,"70,400원",2026-05-06 11:55,2026-05-06
24887,신촌 모모,멀티룸,불가,-,가능,"95,000원",2026-05-06 11:55,2026-05-06
24486,신촌 MAC(맥),금연실-2인1실 기준 주차불가,정보없음,-,가능,"47,000원",2026-05-06 11:55,2026-05-06
24486,신촌 MAC(맥),일반실-2인1실 기준 주차불가,정보없음,-,가능,"47,000원",2026-05-06 11:55,2026-05-06
24486,신촌 MAC(맥),금연방-2인1실 기준 인원추가 불가,가능,"22,000원",가능,"52,000원",2026-05-06 11:55,2026-05-06
24486,신촌 MAC(맥),일반실-2인1실 기준 인원추가 불가,가능,"22,000원",가능,"52,000원",2026-05-06 11:55,2026-05-06
24486,신촌 MAC(맥),특실-2인1실 기준 인원추가 불가,가능,"32,000원",가능,"62,000원",2026-05-06 11:55,2026-05-06
24486,신촌 MAC(맥),늦은퇴실 I 랜덤배정-2인1실 기준 인원추가 불가,정보없음,-,가능,"67,000원",2026-05-06 11:55,2026-05-06
24486,신촌 MAC(맥),빠른입실 I 랜덤배정-2인1실 기준 인원추가 불가,정보없음,-,가능,"72,000원",2026-05-06 11:55,2026-05-06
25995,신촌 피오나,NOL only Standard,가능,"25,000원",가능,"42,500원",2026-05-06 11:55,2026-05-06
25995,신촌 피오나,연박상품,정보없음,-,가능,"51,000원",2026-05-06 11:55,2026-05-06
25995,신촌 피오나,빠른입실숙박,정보없음,-,가능,"51,000원",2026-05-06 11:55,2026-05-06
25995,신촌 피오나,늦은퇴실숙박,정보없음,-,가능,"55,250원",2026-05-06 11:55,2026-05-06
25995,신촌 피오나,NOL Premium Twin Room,정보없음,-,가능,"118,000원",2026-05-06 11:55,2026-05-06
25995,신촌 피오나,무한대실,가능,"28,000원",정보없음,-,2026-05-06 11:55,2026-05-06
25995,신촌 피오나,밤샘대실 - 전화문의,불가,-,정보없음,-,2026-05-06 11:55,2026-05-06
1019445,인천(서구) 미타스야 료칸 호텔 by 아늑,도보특가 - 연박불가,가능,"23,000원",가능,"40,000원",2026-05-06 11:55,2026-05-06
1019445,인천(서구) 미타스야 료칸 호텔 by 아늑,스탠다드 / 스타일러,가능,"30,000원",가능,"65,000원",2026-05-06 11:55,2026-05-06
1019445,인천(서구) 미타스야 료칸 호텔 by 아늑,티 세레모니,가능,"30,000원",가능,"70,000원",2026-05-06 11:55,2026-05-06
1019445,인천(서구) 미타스야 료칸 호텔 by 아늑,코믹북,가능,"30,000원",가능,"70,000원",2026-05-06 11:55,2026-05-06
1019445,인천(서구) 미타스야 료칸 호텔 by 아늑,2pc,가능,"35,000원",가능,"75,000원",2026-05-06 11:55,2026-05-06
1019445,인천(서구) 미타스야 료칸 호텔 by 아늑,스탠다드 트윈,정보없음,-,가능,"75,000원",2026-05-06 11:55,2026-05-06
1019445,인천(서구) 미타스야 료칸 호텔 by 아늑,웰니스 - 안마의자,가능,"40,000원",가능,"80,000원",2026-05-06 11:55,2026-05-06
1019445,인천(서구) 미타스야 료칸 호텔 by 아늑,웰니스 - 세라젬,가능,"45,000원",가능,"85,000원",2026-05-06 11:55,2026-05-06
1019445,인천(서구) 미타스야 료칸 호텔 by 아늑,시그니처,불가,-,가능,"95,000원",2026-05-06 11:55,2026-05-06
1019445,인천(서구) 미타스야 료칸 호텔 by 아늑,시그니처 스파,불가,-,가능,"145,000원",2026-05-06 11:55,2026-05-06
10055732,인천(서구) 저스트슬립 호텔 인천서구청점,도보특가,가능,"20,000원",가능,"43,000원",2026-05-06 11:56,2026-05-06
10055732,인천(서구) 저스트슬립 호텔 인천서구청점,스탠다드 - 금연실,가능,"25,000원",가능,"45,000원",2026-05-06 11:56,2026-05-06
10055732,인천(서구) 저스트슬립 호텔 인천서구청점,깜짝특가 - 프리미엄 기준,가능,"27,000원",가능,"47,000원",2026-05-06 11:56,2026-05-06
10055732,인천(서구) 저스트슬립 호텔 인천서구청점,프리미엄 다이닝 - 금연실,가능,"30,000원",가능,"50,000원",2026-05-06 11:56,2026-05-06
10055732,인천(서구) 저스트슬립 호텔 인천서구청점,프리미엄 무비 - 금연실,가능,"30,000원",가능,"50,000원",2026-05-06 11:56,2026-05-06
10055732,인천(서구) 저스트슬립 호텔 인천서구청점,프리미엄 욕조 - 금연실,불가,-,가능,"55,000원",2026-05-06 11:56,2026-05-06
10055732,인천(서구) 저스트슬립 호텔 인천서구청점,늦은퇴실 - 금연실,정보없음,-,가능,"65,000원",2026-05-06 11:56,2026-05-06
10055732,인천(서구) 저스트슬립 호텔 인천서구청점,깜짝특가 - 스탠다드 기준,가능,"23,000원",마감,-,2026-05-06 11:56,2026-05-06
10055732,인천(서구) 저스트슬립 호텔 인천서구청점,무한대실,가능,"35,000원",정보없음,-,2026-05-06 11:56,2026-05-06
10055732,인천(서구) 저스트슬립 호텔 인천서구청점,VIP - 금연실,불가,-,마감,-,2026-05-06 11:56,2026-05-06
10055732,인천(서구) 저스트슬립 호텔 인천서구청점,빠른입실-금연실,정보없음,-,마감,-,2026-05-06 11:56,2026-05-06
10048869,인천(서구) 넘버25 인천서구점,도보전용,가능,"19,000원",가능,"35,000원",2026-05-06 11:56,2026-05-06
10048869,인천(서구) 넘버25 인천서구점,Standard,가능,"22,000원",가능,"45,000원",2026-05-06 11:56,2026-05-06
10048869,인천(서구) 넘버25 인천서구점,Deluxe Biz,가능,"27,000원",가능,"53,000원",2026-05-06 11:56,2026-05-06
10048869,인천(서구) 넘버25 인천서구점,Deluxe 2PC,가능,"32,000원",가능,"63,000원",2026-05-06 11:56,2026-05-06
10048869,인천(서구) 넘버25 인천서구점,잠꾸러기 패키지,정보없음,-,가능,"63,000원",2026-05-06 11:56,2026-05-06
10048869,인천(서구) 넘버25 인천서구점,Twin 다이닝룸,가능,"47,000원",가능,"73,000원",2026-05-06 11:56,2026-05-06
10048869,인천(서구) 넘버25 인천서구점,Twin 안마의자,가능,"47,000원",가능,"73,000원",2026-05-06 11:56,2026-05-06
10048869,인천(서구) 넘버25 인천서구점,하루종일호캉스★,정보없음,-,가능,"78,000원",2026-05-06 11:56,2026-05-06
10048869,인천(서구) 넘버25 인천서구점,Suite 히노끼,가능,"57,000원",가능,"83,000원",2026-05-06 11:56,2026-05-06
10048869,인천(서구) 넘버25 인천서구점,랜덤 대실 7시간,가능,"32,000원",정보없음,-,2026-05-06 11:56,2026-05-06
10048869,인천(서구) 넘버25 인천서구점,10시간 놀자,가능,"42,000원",정보없음,-,2026-05-06 11:56,2026-05-06
10042644,인천(서구) 비욘드 호텔,스탠다드 - Standard,가능,"22,000원",가능,"40,000원",2026-05-06 11:56,2026-05-06
10042644,인천(서구) 비욘드 호텔,스탠다드 트윈 - Standard Twin,가능,"25,000원",가능,"50,000원",2026-05-06 11:56,2026-05-06
10042644,인천(서구) 비욘드 호텔,디럭스 트윈 - Deluxe Twin,가능,"30,000원",가능,"60,000원",2026-05-06 11:56,2026-05-06
10042644,인천(서구) 비욘드 호텔,디럭스 - Deluxe,가능,"30,000원",가능,"60,000원",2026-05-06 11:56,2026-05-06
10042644,인천(서구) 비욘드 호텔,슈페리어 - PS5 대여,불가,-,가능,"60,000원",2026-05-06 11:56,2026-05-06
10042644,인천(서구) 비욘드 호텔,슈페리어 더블 - 게이밍2PC,가능,"35,000원",가능,"70,000원",2026-05-06 11:56,2026-05-06
10042644,인천(서구) 비욘드 호텔,스탠다드 - 레이트체크아웃,정보없음,-,가능,"70,000원",2026-05-06 11:56,2026-05-06
10042644,인천(서구) 비욘드 호텔,스탠다드- 얼리체크인,정보없음,-,가능,"70,000원",2026-05-06 11:56,2026-05-06
10042644,인천(서구) 비욘드 호텔,디럭스 - 레이트체크아웃,정보없음,-,가능,"90,000원",2026-05-06 11:56,2026-05-06
10042644,인천(서구) 비욘드 호텔,디럭스 - 얼리체크인,정보없음,-,가능,"90,000원",2026-05-06 11:56,2026-05-06
1009105,대전 용전 타임터미널 호텔 2호점 by 아늑,기획전 특가,정보없음,-,가능,"49,000원",2026-05-06 11:56,2026-05-06
1009105,대전 용전 타임터미널 호텔 2호점 by 아늑,도보특가,가능,"25,000원",가능,"50,000원",2026-05-06 11:56,2026-05-06
1009105,대전 용전 타임터미널 호텔 2호점 by 아늑,타임특가,가능,"25,000원",가능,"50,000원",2026-05-06 11:56,2026-05-06
1009105,대전 용전 타임터미널 호텔 2호점 by 아늑,스탠다드,가능,"30,000원",가능,"55,000원",2026-05-06 11:56,2026-05-06
1009105,대전 용전 타임터미널 호텔 2호점 by 아늑,플레이 스테이션,가능,"35,000원",가능,"65,000원",2026-05-06 11:56,2026-05-06
1009105,대전 용전 타임터미널 호텔 2호점 by 아늑,2PC 스테이션,가능,"35,000원",가능,"65,000원",2026-05-06 11:56,2026-05-06
1009105,대전 용전 타임터미널 호텔 2호점 by 아늑,기프티콘 PKG1,정보없음,-,가능,"65,000원",2026-05-06 11:56,2026-05-06
1009105,대전 용전 타임터미널 호텔 2호점 by 아늑,기프티콘 PKG2,정보없음,-,가능,"85,000원",2026-05-06 11:56,2026-05-06
1009105,대전 용전 타임터미널 호텔 2호점 by 아늑,늦은퇴실,정보없음,-,가능,"85,000원",2026-05-06 11:56,2026-05-06
1009105,대전 용전 타임터미널 호텔 2호점 by 아늑,빠른입실,정보없음,-,가능,"85,000원",2026-05-06 11:56,2026-05-06
1009105,대전 용전 타임터미널 호텔 2호점 by 아늑,무비 스테이션,가능,"40,000원",가능,"100,000원",2026-05-06 11:56,2026-05-06
1009105,대전 용전 타임터미널 호텔 2호점 by 아늑,뮤직 스테이션,가능,"32,000원",마감,-,2026-05-06 11:56,2026-05-06
1009105,대전 용전 타임터미널 호텔 2호점 by 아늑,뮤직 스테이션,가능,"32,000원",마감,-,2026-05-06 11:56,2026-05-06
1009105,대전 용전 타임터미널 호텔 2호점 by 아늑,무한대실,가능,"42,000원",정보없음,-,2026-05-06 11:56,2026-05-06
1009105,대전 용전 타임터미널 호텔 2호점 by 아늑,스탠다드 - 스타일러,불가,-,마감,-,2026-05-06 11:56,2026-05-06
1000113767,대전 용전 벨레자 호텔,비즈니스,정보없음,-,가능,"50,000원",2026-05-06 11:56,2026-05-06
1000113767,대전 용전 벨레자 호텔,스탠다드,가능,"25,000원",가능,"55,000원",2026-05-06 11:56,2026-05-06
1000113767,대전 용전 벨레자 호텔,디럭스,가능,"30,000원",가능,"60,000원",2026-05-06 11:56,2026-05-06
1000113767,대전 용전 벨레자 호텔,프리미엄,정보없음,-,가능,"65,000원",2026-05-06 11:56,2026-05-06
1000113767,대전 용전 벨레자 호텔,트윈,정보없음,-,가능,"70,000원",2026-05-06 11:56,2026-05-06
1000113767,대전 용전 벨레자 호텔,빠른입실,정보없음,-,가능,"70,000원",2026-05-06 11:56,2026-05-06
1000113767,대전 용전 벨레자 호텔,VIP,정보없음,-,가능,"70,000원",2026-05-06 11:56,2026-05-06
1000113767,대전 용전 벨레자 호텔,무한대실,가능,"40,000원",정보없음,-,2026-05-06 11:56,2026-05-06
1000113767,대전 용전 벨레자 호텔,늦은입실,정보없음,-,마감,-,2026-05-06 11:56,2026-05-06
1009092,대전 용전 호텔 샾,일반실A,정보없음,-,가능,"40,000원",2026-05-06 11:56,2026-05-06
1009092,대전 용전 호텔 샾,일반실B,정보없음,-,가능,"40,000원",2026-05-06 11:56,2026-05-06
1009092,대전 용전 호텔 샾,1PC,정보없음,-,가능,"50,000원",2026-05-06 11:56,2026-05-06
1009092,대전 용전 호텔 샾,특실,정보없음,-,가능,"50,000원",2026-05-06 11:56,2026-05-06
1009092,대전 용전 호텔 샾,2PC,정보없음,-,가능,"60,000원",2026-05-06 11:56,2026-05-06
1009092,대전 용전 호텔 샾,VIP,정보없음,-,가능,"80,000원",2026-05-06 11:56,2026-05-06
10060860,대전 용전 하니파크,-,파싱실패,-,파싱실패,-,2026-05-06 11:56,2026-05-06
1000103239,가평 아늑에어 호텔,펫룸,정보없음,-,마감,-,2026-05-06 11:56,2026-05-06
1000103239,가평 아늑에어 호텔,"군인특가 - 차량불가, 랜덤객실",불가,-,마감,-,2026-05-06 11:56,2026-05-06
1000103239,가평 아늑에어 호텔,무한대실,불가,-,정보없음,-,2026-05-06 11:56,2026-05-06
1000103239,가평 아늑에어 호텔,스파룸,불가,-,마감,-,2026-05-06 11:56,2026-05-06
1000103239,가평 아늑에어 호텔,라운지룸,불가,-,마감,-,2026-05-06 11:56,2026-05-06
1000103239,가평 아늑에어 호텔,무비룸,불가,-,마감,-,2026-05-06 11:56,2026-05-06
1000103239,가평 아늑에어 호텔,2PC룸,불가,-,마감,-,2026-05-06 11:56,2026-05-06
1000103239,가평 아늑에어 호텔,비즈니스,불가,-,마감,-,2026-05-06 11:56,2026-05-06
1000103239,가평 아늑에어 호텔,오픈특가,불가,-,마감,-,2026-05-06 11:56,2026-05-06
1000103239,가평 아늑에어 호텔,도보특가,불가,-,마감,-,2026-05-06 11:56,2026-05-06
3020476,가평 THE MOTEL(더모텔),도보특가,가능,"25,000원",가능,"45,000원",2026-05-06 11:56,2026-05-06
3020476,가평 THE MOTEL(더모텔),일반실,가능,"25,000원",가능,"55,000원",2026-05-06 11:56,2026-05-06
3020477,가평 보송모텔,-,파싱실패,-,파싱실패,-,2026-05-06 11:57,2026-05-06
10052796,가평 그라체 호텔,선착순 특가,정보없음,-,가능,"45,000원",2026-05-06 11:57,2026-05-06
10052796,가평 그라체 호텔,프리미엄,가능,"25,000원",가능,"49,000원",2026-05-06 11:57,2026-05-06
10052796,가평 그라체 호텔,프리미엄 2PC,정보없음,-,가능,"65,000원",2026-05-06 11:57,2026-05-06
10052796,가평 그라체 호텔,스위트 사우나,가능,"35,000원",가능,"85,000원",2026-05-06 11:57,2026-05-06
10052796,가평 그라체 호텔,스위트 시네마,불가,-,가능,"95,000원",2026-05-06 11:57,2026-05-06
10052796,가평 그라체 호텔,애견 동반 스위트 시네마,정보없음,-,마감,-,2026-05-06 11:57,2026-05-06
10052796,가평 그라체 호텔,애견 동반 스위트 사우나,정보없음,-,마감,-,2026-05-06 11:57,2026-05-06
10052796,가평 그라체 호텔,애견 동반 프리미엄,정보없음,-,마감,-,2026-05-06 11:57,2026-05-06
10052796,가평 그라체 호텔,스위트 시네마.늦은 퇴실,정보없음,-,마감,-,2026-05-06 11:57,2026-05-06
10052796,가평 그라체 호텔,스위트 사우나.늦은 퇴실,정보없음,-,마감,-,2026-05-06 11:57,2026-05-06
10052796,가평 그라체 호텔,프리미엄.늦은 퇴실,정보없음,-,마감,-,2026-05-06 11:57,2026-05-06
10052796,가평 그라체 호텔,스위트 시네마.빠른 입실,정보없음,-,마감,-,2026-05-06 11:57,2026-05-06
10052796,가평 그라체 호텔,스위트 사우나.빠른 입실,정보없음,-,마감,-,2026-05-06 11:57,2026-05-06
10052796,가평 그라체 호텔,프리미엄.빠른 입실,정보없음,-,마감,-,2026-05-06 11:57,2026-05-06
10052796,가평 그라체 호텔,롱타임 스위트 시네마,불가,-,정보없음,-,2026-05-06 11:57,2026-05-06
10052796,가평 그라체 호텔,롱타임 스위트 사우나,불가,-,정보없음,-,2026-05-06 11:57,2026-05-06
10052796,가평 그라체 호텔,롱타임 프리미엄,불가,-,정보없음,-,2026-05-06 11:57,2026-05-06
10052796,가평 그라체 호텔,프라이빗 바베큐장,불가,-,정보없음,-,2026-05-06 11:57,2026-05-06
3009646,진주 아늑에어 호텔,도보특가,가능,"30,000원",가능,"38,000원",2026-05-06 11:57,2026-05-06
3009646,진주 아늑에어 호텔,스탠다드,가능,"35,000원",가능,"40,000원",2026-05-06 11:57,2026-05-06
3009646,진주 아늑에어 호텔,나라사랑 힐링 패키지,가능,"35,000원",가능,"50,000원",2026-05-06 11:57,2026-05-06
3009646,진주 아늑에어 호텔,스파 룸,가능,"40,000원",가능,"50,000원",2026-05-06 11:57,2026-05-06
3009646,진주 아늑에어 호텔,비즈니스패키지1,정보없음,-,가능,"50,000원",2026-05-06 11:57,2026-05-06
3009646,진주 아늑에어 호텔,비즈니스 룸,정보없음,-,가능,"50,000원",2026-05-06 11:57,2026-05-06
3009646,진주 아늑에어 호텔,무비,정보없음,-,가능,"50,000원",2026-05-06 11:57,2026-05-06
3009646,진주 아늑에어 호텔,펫룸,가능,"40,000원",가능,"60,000원",2026-05-06 11:57,2026-05-06
3009646,진주 아늑에어 호텔,비즈니스패키지2,정보없음,-,가능,"60,000원",2026-05-06 11:57,2026-05-06
3009646,진주 아늑에어 호텔,늦은퇴실,정보없음,-,가능,"60,000원",2026-05-06 11:57,2026-05-06
3009646,진주 아늑에어 호텔,스위트 트윈,정보없음,-,가능,"60,000원",2026-05-06 11:57,2026-05-06
3009646,진주 아늑에어 호텔,시그니처,정보없음,-,가능,"90,000원",2026-05-06 11:57,2026-05-06
3009646,진주 아늑에어 호텔,무한대실,가능,"45,000원",정보없음,-,2026-05-06 11:57,2026-05-06
3009646,진주 아늑에어 호텔,빠른입실,정보없음,-,마감,-,2026-05-06 11:57,2026-05-06
3009646,진주 아늑에어 호텔,오픈특가,정보없음,-,마감,-,2026-05-06 11:57,2026-05-06
3009646,진주 아늑에어 호텔,2PC,정보없음,-,마감,-,2026-05-06 11:57,2026-05-06
3000253,진주 호텔 꿀밤스테이,도보특가-주차불가,가능,"22,000원",가능,"33,000원",2026-05-06 11:57,2026-05-06
3000253,진주 호텔 꿀밤스테이,오픈특가 객실랜덤,가능,"25,000원",가능,"38,000원",2026-05-06 11:57,2026-05-06
3000253,진주 호텔 꿀밤스테이,슈페리어 슈퍼킹,가능,"25,000원",가능,"38,000원",2026-05-06 11:57,2026-05-06
3000253,진주 호텔 꿀밤스테이,디럭스 슈퍼킹,가능,"30,000원",가능,"43,000원",2026-05-06 11:57,2026-05-06
3000253,진주 호텔 꿀밤스테이,얼리체크인,정보없음,-,가능,"58,000원",2026-05-06 11:57,2026-05-06
3000253,진주 호텔 꿀밤스테이,럭셔리 월풀스파 슈퍼킹,가능,"35,000원",가능,"63,000원",2026-05-06 11:57,2026-05-06
3000253,진주 호텔 꿀밤스테이,애견동반 슈퍼킹,정보없음,-,가능,"63,000원",2026-05-06 11:57,2026-05-06
3000253,진주 호텔 꿀밤스테이,스위트 트윈 킹+싱글,정보없음,-,가능,"63,000원",2026-05-06 11:57,2026-05-06
3000253,진주 호텔 꿀밤스테이,스위트 트윈 월풀스파,가능,"40,000원",가능,"73,000원",2026-05-06 11:57,2026-05-06
3000253,진주 호텔 꿀밤스테이,레이트 체크아웃,정보없음,-,가능,"83,000원",2026-05-06 11:57,2026-05-06
3000253,진주 호텔 꿀밤스테이,2시간 놀자 - 도보전용,가능,"18,000원",정보없음,-,2026-05-06 11:57,2026-05-06
3000253,진주 호텔 꿀밤스테이,4시간 놀자 - 도보전용,가능,"20,000원",정보없음,-,2026-05-06 11:57,2026-05-06
3000253,진주 호텔 꿀밤스테이,8시간 놀자,가능,"35,000원",정보없음,-,2026-05-06 11:57,2026-05-06
3000253,진주 호텔 꿀밤스테이,10시간 놀자,가능,"40,000원",정보없음,-,2026-05-06 11:57,2026-05-06
1019693,진주 쉬자 호텔 진주성점 - SHEJA,도보특가 - 스탠다드,정보없음,-,가능,"47,000원",2026-05-06 11:57,2026-05-06
1019693,진주 쉬자 호텔 진주성점 - SHEJA,스탠다드,가능,"25,000원",가능,"50,000원",2026-05-06 11:57,2026-05-06
1019693,진주 쉬자 호텔 진주성점 - SHEJA,타임특가 - 랜덤배정,정보없음,-,가능,"50,000원",2026-05-06 11:57,2026-05-06
1019693,진주 쉬자 호텔 진주성점 - SHEJA,트윈,정보없음,-,가능,"60,000원",2026-05-06 11:57,2026-05-06
1019693,진주 쉬자 호텔 진주성점 - SHEJA,고사양 1PC 스탠다드,정보없음,-,가능,"60,000원",2026-05-06 11:57,2026-05-06
1019693,진주 쉬자 호텔 진주성점 - SHEJA,레이트 체크아웃 - 스탠다드,정보없음,-,가능,"70,000원",2026-05-06 11:57,2026-05-06
1019693,진주 쉬자 호텔 진주성점 - SHEJA,프리미엄 트윈,정보없음,-,가능,"70,000원",2026-05-06 11:57,2026-05-06
1019693,진주 쉬자 호텔 진주성점 - SHEJA,"커플PC 트윈/ 2PC게이밍,배그가능/32인치모니터,티빙)",정보없음,-,가능,"80,000원",2026-05-06 11:57,2026-05-06
1019693,진주 쉬자 호텔 진주성점 - SHEJA,프리미엄 히노끼탕,정보없음,-,가능,"85,000원",2026-05-06 11:57,2026-05-06
1019693,진주 쉬자 호텔 진주성점 - SHEJA,디럭스 히노끼탕 트윈,정보없음,-,마감,-,2026-05-06 11:57,2026-05-06
1019693,진주 쉬자 호텔 진주성점 - SHEJA,패밀리룸 트윈,정보없음,-,마감,-,2026-05-06 11:57,2026-05-06
3014774,진주 브라운도트 진주성점,도보특가,불가,-,가능,"45,000원",2026-05-06 11:57,2026-05-06
3014774,진주 브라운도트 진주성점,스탠다드 더블,정보없음,-,가능,"45,000원",2026-05-06 11:57,2026-05-06
3014774,진주 브라운도트 진주성점,패밀리룸A,정보없음,-,가능,"58,500원",2026-05-06 11:57,2026-05-06
3014774,진주 브라운도트 진주성점,스위트,정보없음,-,가능,"63,000원",2026-05-06 11:57,2026-05-06
3014774,진주 브라운도트 진주성점,패밀리룸B,정보없음,-,가능,"63,000원",2026-05-06 11:57,2026-05-06
3014774,진주 브라운도트 진주성점,디럭스 더블,정보없음,-,마감,-,2026-05-06 11:57,2026-05-06
10061484,세종 아늑호텔,오픈특가,정보없음,-,마감,-,2026-05-06 11:57,2026-05-06
10061484,세종 아늑호텔,더블 트윈,정보없음,-,마감,-,2026-05-06 11:57,2026-05-06
10061484,세종 아늑호텔,디럭스+2PC,정보없음,-,마감,-,2026-05-06 11:57,2026-05-06
10061484,세종 아늑호텔,디럭스,정보없음,-,마감,-,2026-05-06 11:57,2026-05-06
10061484,세종 아늑호텔,프리미엄 스탠다드,정보없음,-,마감,-,2026-05-06 11:57,2026-05-06
10061484,세종 아늑호텔,스탠다드+2PC,정보없음,-,마감,-,2026-05-06 11:57,2026-05-06
10061484,세종 아늑호텔,스탠다드,정보없음,-,마감,-,2026-05-06 11:57,2026-05-06
10053222,세종 라고바움 호텔,프리미엄 트윈 레이크파크뷰,정보없음,-,마감,-,2026-05-06 11:57,2026-05-06
10053222,세종 라고바움 호텔,프리미엄 트윈,정보없음,-,마감,-,2026-05-06 11:57,2026-05-06
10053222,세종 라고바움 호텔,프리미엄 디럭스,정보없음,-,마감,-,2026-05-06 11:57,2026-05-06
10053222,세종 라고바움 호텔,디럭스 레이크파크뷰,정보없음,-,마감,-,2026-05-06 11:57,2026-05-06
10053222,세종 라고바움 호텔,스탠다드 더블,정보없음,-,마감,-,2026-05-06 11:57,2026-05-06
10053222,세종 라고바움 호텔,디럭스 더블,정보없음,-,마감,-,2026-05-06 11:57,2026-05-06
1000113509,베스트웨스턴 플러스 호텔 세종,스탠다드 더블,정보없음,-,가능,"170,000원",2026-05-06 11:57,2026-05-06
1000113509,베스트웨스턴 플러스 호텔 세종,스탠다드 트윈,정보없음,-,가능,"180,000원",2026-05-06 11:57,2026-05-06
10068223,세종컨벤션센터 스테이,디럭스 더블,정보없음,-,마감,-,2026-05-06 11:57,2026-05-06
10068223,세종컨벤션센터 스테이,스위트,정보없음,-,마감,-,2026-05-06 11:57,2026-05-06
10068223,세종컨벤션센터 스테이,디럭스 트윈,정보없음,-,마감,-,2026-05-06 11:57,2026-05-06
10068223,세종컨벤션센터 스테이,디럭스 더블,정보없음,-,마감,-,2026-05-06 11:57,2026-05-06
1020346,춘천 아늑에어 호텔,도보특가,가능,"25,000원",가능,"45,000원",2026-05-06 11:58,2026-05-06
1020346,춘천 아늑에어 호텔,스탠다드,가능,"30,000원",가능,"60,000원",2026-05-06 11:58,2026-05-06
1020346,춘천 아늑에어 호텔,비즈니스,가능,"33,000원",가능,"70,000원",2026-05-06 11:58,2026-05-06
1020346,춘천 아늑에어 호텔,무비,가능,"35,000원",가능,"80,000원",2026-05-06 11:58,2026-05-06
1020346,춘천 아늑에어 호텔,스파,가능,"36,000원",가능,"85,500원",2026-05-06 11:58,2026-05-06
1020346,춘천 아늑에어 호텔,라운지,가능,"45,000원",가능,"99,000원",2026-05-06 11:58,2026-05-06
1020346,춘천 아늑에어 호텔,무한대실,가능,"45,000원",정보없음,-,2026-05-06 11:58,2026-05-06
1020346,춘천 아늑에어 호텔,단독특가,정보없음,-,마감,-,2026-05-06 11:58,2026-05-06
1020346,춘천 아늑에어 호텔,2PC,불가,-,마감,-,2026-05-06 11:58,2026-05-06
10046536,춘천 JS모텔,일반실,가능,"25,000원",가능,"35,000원",2026-05-06 11:58,2026-05-06
10046536,춘천 JS모텔,트윈,정보없음,-,가능,"35,000원",2026-05-06 11:58,2026-05-06
10046536,춘천 JS모텔,한실,정보없음,-,가능,"40,000원",2026-05-06 11:58,2026-05-06
10046536,춘천 JS모텔,특실,정보없음,-,마감,-,2026-05-06 11:58,2026-05-06
26568,춘천 월드호텔,스탠다드,가능,"25,000원",가능,"43,000원",2026-05-06 11:58,2026-05-06
26568,춘천 월드호텔,스탠다드 욕조룸,정보없음,-,가능,"48,000원",2026-05-06 11:58,2026-05-06
26568,춘천 월드호텔,의류관리기룸,정보없음,-,가능,"48,000원",2026-05-06 11:58,2026-05-06
26568,춘천 월드호텔,트윈,정보없음,-,가능,"53,000원",2026-05-06 11:58,2026-05-06
26568,춘천 월드호텔,커플PC,정보없음,-,가능,"53,000원",2026-05-06 11:58,2026-05-06
23786,춘천 호텔 코지,스탠다드 더블,정보없음,-,가능,"40,000원",2026-05-06 11:58,2026-05-06
23786,춘천 호텔 코지,프리미엄 더블,정보없음,-,가능,"50,000원",2026-05-06 11:58,2026-05-06
23786,춘천 호텔 코지,커플 PC,정보없음,-,가능,"60,000원",2026-05-06 11:58,2026-05-06
23786,춘천 호텔 코지,패밀리 트윈A,정보없음,-,가능,"60,000원",2026-05-06 11:58,2026-05-06
23786,춘천 호텔 코지,디럭스 헬스체어,정보없음,-,가능,"60,000원",2026-05-06 11:58,2026-05-06
23786,춘천 호텔 코지,디럭스 더블,정보없음,-,가능,"60,000원",2026-05-06 11:58,2026-05-06
23786,춘천 호텔 코지,패밀리 트윈B,정보없음,-,가능,"70,000원",2026-05-06 11:58,2026-05-06
23786,춘천 호텔 코지,패밀리 트리플,정보없음,-,가능,"80,000원",2026-05-06 11:58,2026-05-06
23786,춘천 호텔 코지,도보전용,정보없음,-,마감,-,2026-05-06 11:58,2026-05-06
3008754,대전 드레 호텔 유성점,도보특가,가능,"25,000원",가능,"50,000원",2026-05-06 11:58,2026-05-06
3008754,대전 드레 호텔 유성점,스탠다드,가능,"30,000원",마감,-,2026-05-06 11:58,2026-05-06
3008754,대전 드레 호텔 유성점,디럭스 안마,가능,"35,000원",가능,"65,000원",2026-05-06 11:58,2026-05-06
3008754,대전 드레 호텔 유성점,디럭스 스타일러,가능,"35,000원",가능,"65,000원",2026-05-06 11:58,2026-05-06
3008754,대전 드레 호텔 유성점,드레 트윈,가능,"40,000원",가능,"75,000원",2026-05-06 11:58,2026-05-06
3008754,대전 드레 호텔 유성점,레이트 체크아웃,정보없음,-,가능,"85,000원",2026-05-06 11:58,2026-05-06
3008754,대전 드레 호텔 유성점,얼리체크인,정보없음,-,가능,"85,000원",2026-05-06 11:58,2026-05-06
3008754,대전 드레 호텔 유성점,무한대실,가능,"45,000원",정보없음,-,2026-05-06 11:58,2026-05-06
3008754,대전 드레 호텔 유성점,Play 스위트,불가,-,마감,-,2026-05-06 11:58,2026-05-06
3000349,대전 유성 자우리 호텔 도안점,스탠다드,가능,"22,500원",가능,"55,000원",2026-05-06 11:58,2026-05-06
3000349,대전 유성 자우리 호텔 도안점,디럭스,가능,"22,500원",가능,"60,000원",2026-05-06 11:58,2026-05-06
3000349,대전 유성 자우리 호텔 도안점,프리미엄안마,가능,"27,000원",가능,"65,000원",2026-05-06 11:58,2026-05-06
3000349,대전 유성 자우리 호텔 도안점,프리미엄스타일러,가능,"27,000원",가능,"65,000원",2026-05-06 11:58,2026-05-06
3000349,대전 유성 자우리 호텔 도안점,스위트트윈,가능,"27,000원",가능,"70,000원",2026-05-06 11:58,2026-05-06
3000349,대전 유성 자우리 호텔 도안점,VIP스파,가능,"31,500원",가능,"80,000원",2026-05-06 11:58,2026-05-06
1019067,대전 유성 저스트슬립 유성온천점,이코노미,가능,"20,000원",가능,"45,000원",2026-05-06 11:58,2026-05-06
1019067,대전 유성 저스트슬립 유성온천점,스탠다드,가능,"25,000원",가능,"50,000원",2026-05-06 11:58,2026-05-06
1019067,대전 유성 저스트슬립 유성온천점,비지니스 트윈,불가,-,가능,"50,000원",2026-05-06 11:58,2026-05-06
1019067,대전 유성 저스트슬립 유성온천점,프리미엄,가능,"30,000원",가능,"55,000원",2026-05-06 11:58,2026-05-06
1019067,대전 유성 저스트슬립 유성온천점,프리미엄 안마의자,가능,"30,000원",가능,"60,000원",2026-05-06 11:58,2026-05-06
1019067,대전 유성 저스트슬립 유성온천점,VIP의류케어룸,가능,"30,000원",가능,"60,000원",2026-05-06 11:58,2026-05-06
1019067,대전 유성 저스트슬립 유성온천점,VIP 안마의자,가능,"30,000원",가능,"65,000원",2026-05-06 11:58,2026-05-06
1019067,대전 유성 저스트슬립 유성온천점,의류케어룸,가능,"30,000원",마감,-,2026-05-06 11:58,2026-05-06
1019067,대전 유성 저스트슬립 유성온천점,무한대실,가능,"40,000원",정보없음,-,2026-05-06 11:58,2026-05-06
1019067,대전 유성 저스트슬립 유성온천점,VVIP 트윈+ 베스밤 PKG,가능,"40,000원",마감,-,2026-05-06 11:58,2026-05-06
1019067,대전 유성 저스트슬립 유성온천점,심야대실,불가,-,정보없음,-,2026-05-06 11:58,2026-05-06
1009320,대전 유성 드라마 호텔,스탠다드,가능,"25,000원",가능,"45,000원",2026-05-06 11:58,2026-05-06
1009320,대전 유성 드라마 호텔,디럭스,정보없음,-,가능,"60,000원",2026-05-06 11:58,2026-05-06
1009320,대전 유성 드라마 호텔,늦은퇴실,정보없음,-,가능,"65,000원",2026-05-06 11:58,2026-05-06
1009320,대전 유성 드라마 호텔,vip,정보없음,-,가능,"70,000원",2026-05-06 11:58,2026-05-06
1009320,대전 유성 드라마 호텔,프리미엄,정보없음,-,가능,"80,000원",2026-05-06 11:58,2026-05-06
10055566,안산(원곡동) 아늑 료칸 호텔 안산역,도보특가,불가,-,가능,"34,000원",2026-05-06 11:58,2026-05-06
10055566,안산(원곡동) 아늑 료칸 호텔 안산역,반동飯 스탠다드,가능,"17,000원",가능,"39,000원",2026-05-06 11:58,2026-05-06
10055566,안산(원곡동) 아늑 료칸 호텔 안산역,수동水 스탠다드,가능,"22,000원",가능,"39,000원",2026-05-06 11:58,2026-05-06
10055566,안산(원곡동) 아늑 료칸 호텔 안산역,수동水 스탠다드 + 대욕장 패키지,가능,"32,000원",가능,"49,000원",2026-05-06 11:58,2026-05-06
10055566,안산(원곡동) 아늑 료칸 호텔 안산역,반동飯 스탠다드 + 대욕장 패키지,정보없음,-,가능,"49,000원",2026-05-06 11:58,2026-05-06
10055566,안산(원곡동) 아늑 료칸 호텔 안산역,반동飯 디럭스 + 대욕장 패키지,정보없음,-,가능,"59,000원",2026-05-06 11:58,2026-05-06
10055566,안산(원곡동) 아늑 료칸 호텔 안산역,반동飯 사우나 디럭스 + 대욕장 패키지,정보없음,-,가능,"79,000원",2026-05-06 11:58,2026-05-06
10055566,안산(원곡동) 아늑 료칸 호텔 안산역,반동飯 디럭스,가능,"27,000원",마감,-,2026-05-06 11:58,2026-05-06
10055566,안산(원곡동) 아늑 료칸 호텔 안산역,수동水 디럭스,가능,"27,000원",마감,-,2026-05-06 11:58,2026-05-06
10055566,안산(원곡동) 아늑 료칸 호텔 안산역,무한대실,가능,"37,000원",정보없음,-,2026-05-06 11:58,2026-05-06
10055566,안산(원곡동) 아늑 료칸 호텔 안산역,한달 살기 - 스탠다드 B,정보없음,-,마감,-,2026-05-06 11:58,2026-05-06
10055566,안산(원곡동) 아늑 료칸 호텔 안산역,반동飯 디럭스 트윈 싱글+더블 + 대욕장 패키지,정보없음,-,마감,-,2026-05-06 11:58,2026-05-06
10055566,안산(원곡동) 아늑 료칸 호텔 안산역,수동水 시그니처 더블+더블 + 대욕장 패키지,정보없음,-,마감,-,2026-05-06 11:58,2026-05-06
10055566,안산(원곡동) 아늑 료칸 호텔 안산역,수동水 디럭스 + 대욕장 패키지,정보없음,-,마감,-,2026-05-06 11:58,2026-05-06
10055566,안산(원곡동) 아늑 료칸 호텔 안산역,얼리 체크인,불가,-,정보없음,-,2026-05-06 11:58,2026-05-06
10055566,안산(원곡동) 아늑 료칸 호텔 안산역,반동飯 사우나 디럭스,불가,-,마감,-,2026-05-06 11:58,2026-05-06
10055566,안산(원곡동) 아늑 료칸 호텔 안산역,반동飯 디럭스 트윈 싱글+더블,불가,-,마감,-,2026-05-06 11:58,2026-05-06
10055566,안산(원곡동) 아늑 료칸 호텔 안산역,수동水 시그니처 더블+더블,불가,-,마감,-,2026-05-06 11:58,2026-05-06
10055566,안산(원곡동) 아늑 료칸 호텔 안산역,오픈특가,불가,-,마감,-,2026-05-06 11:58,2026-05-06
1000111650,안산 루엠호텔,오늘의 특가,정보없음,-,가능,"45,000원",2026-05-06 11:59,2026-05-06
1000111650,안산 루엠호텔,디럭스,가능,"25,000원",가능,"49,500원",2026-05-06 11:59,2026-05-06
1000111650,안산 루엠호텔,프리미엄,가능,"30,000원",가능,"54,000원",2026-05-06 11:59,2026-05-06
1000111650,안산 루엠호텔,프리미엄 게임 2PC,가능,"30,000원",가능,"54,000원",2026-05-06 11:59,2026-05-06
1000111650,안산 루엠호텔,Late Check-out,정보없음,-,가능,"63,000원",2026-05-06 11:59,2026-05-06
1000111650,안산 루엠호텔,얼리체크인,정보없음,-,가능,"63,000원",2026-05-06 11:59,2026-05-06
1000111650,안산 루엠호텔,스위트-원베드,정보없음,-,가능,"72,000원",2026-05-06 11:59,2026-05-06
1000111650,안산 루엠호텔,슈페리어 A 트윈,정보없음,-,가능,"72,000원",2026-05-06 11:59,2026-05-06
1000111650,안산 루엠호텔,슈페리어 B 트윈,정보없음,-,가능,"81,000원",2026-05-06 11:59,2026-05-06
1000111650,안산 루엠호텔,스위트 트윈,정보없음,-,가능,"95,000원",2026-05-06 11:59,2026-05-06
1000111650,안산 루엠호텔,롱타임디럭스,가능,"47,000원",정보없음,-,2026-05-06 11:59,2026-05-06
1000111650,안산 루엠호텔,롱타임프리미엄,가능,"52,000원",정보없음,-,2026-05-06 11:59,2026-05-06
24170,안산 아이비,일반실,가능,"25,000원",가능,"45,000원",2026-05-06 11:59,2026-05-06
24170,안산 아이비,특실-트윈,가능,"30,000원",가능,"55,000원",2026-05-06 11:59,2026-05-06
24170,안산 아이비,특실,가능,"30,000원",가능,"55,000원",2026-05-06 11:59,2026-05-06
26348,안산 나무,일반실,가능,"20,000원",가능,"40,000원",2026-05-06 11:59,2026-05-06
26348,안산 나무,특실,가능,"25,000원",가능,"50,000원",2026-05-06 11:59,2026-05-06
10056714,목포 헤리티지 호텔 목포평화광장점,주니어 스위트 트윈,정보없음,-,가능,"120,000원",2026-05-06 11:59,2026-05-06
10056714,목포 헤리티지 호텔 목포평화광장점,프리미어 스위트 트윈,정보없음,-,가능,"150,000원",2026-05-06 11:59,2026-05-06
10056714,목포 헤리티지 호텔 목포평화광장점,오픈특가 EVENT,정보없음,-,마감,-,2026-05-06 11:59,2026-05-06
10056714,목포 헤리티지 호텔 목포평화광장점,슈페리어 킹,정보없음,-,마감,-,2026-05-06 11:59,2026-05-06
10056714,목포 헤리티지 호텔 목포평화광장점,디럭스 킹,정보없음,-,마감,-,2026-05-06 11:59,2026-05-06
10056714,목포 헤리티지 호텔 목포평화광장점,디럭스킹 하프오션뷰,정보없음,-,마감,-,2026-05-06 11:59,2026-05-06
3000222,목포 호텔 더하루 (평화광장),도보특가 - 주차불가,정보없음,-,가능,"36,550원",2026-05-06 11:59,2026-05-06
3000222,목포 호텔 더하루 (평화광장),스탠다드,불가,-,가능,"38,250원",2026-05-06 11:59,2026-05-06
3000222,목포 호텔 더하루 (평화광장),스탠다드 - 욕조,정보없음,-,가능,"42,500원",2026-05-06 11:59,2026-05-06
3000222,목포 호텔 더하루 (평화광장),디럭스,정보없음,-,가능,"51,000원",2026-05-06 11:59,2026-05-06
3000222,목포 호텔 더하루 (평화광장),VIP,정보없음,-,가능,"130,000원",2026-05-06 11:59,2026-05-06
3000222,목포 호텔 더하루 (평화광장),VIP - 오션뷰,정보없음,-,가능,"130,000원",2026-05-06 11:59,2026-05-06
3000222,목포 호텔 더하루 (평화광장),스위트룸,정보없음,-,가능,"200,000원",2026-05-06 11:59,2026-05-06
24973,목포 하당 무인호텔,"디럭스, 3층 - 주차장 없음, 호텔 앞 공용주차장 이용",정보없음,-,가능,"45,000원",2026-05-06 11:59,2026-05-06
24973,목포 하당 무인호텔,드라이브인-특실,가능,"27,000원",가능,"55,000원",2026-05-06 11:59,2026-05-06
24973,목포 하당 무인호텔,"디럭스 트윈, 3층 - 주차장 없음, 호텔 앞 공용주차장 이용",정보없음,-,가능,"55,000원",2026-05-06 11:59,2026-05-06
24973,목포 하당 무인호텔,드라이브인-특실 트윈,정보없음,-,가능,"75,000원",2026-05-06 11:59,2026-05-06
24973,목포 하당 무인호텔,"주니어 스위트룸, 3층 - 주차장 없음, 호텔 앞 공용주차장 이용",정보없음,-,가능,"125,000원",2026-05-06 11:59,2026-05-06
24973,목포 하당 무인호텔,VIP,정보없음,-,가능,"155,000원",2026-05-06 11:59,2026-05-06
10051163,목포 하운드호텔 목포평화광장,디럭스 뷰,정보없음,-,가능,"77,000원",2026-05-06 11:59,2026-05-06
10051163,목포 하운드호텔 목포평화광장,프리미엄 킹룸,정보없음,-,가능,"94,000원",2026-05-06 11:59,2026-05-06
10051163,목포 하운드호텔 목포평화광장,슈페리어 트윈룸,정보없음,-,가능,"99,000원",2026-05-06 11:59,2026-05-06
10051163,목포 하운드호텔 목포평화광장,시그니처 트리플룸,정보없음,-,가능,"138,000원",2026-05-06 11:59,2026-05-06
10051163,목포 하운드호텔 목포평화광장,시그니처 패밀리룸,정보없음,-,가능,"160,000원",2026-05-06 11:59,2026-05-06
10051163,목포 하운드호텔 목포평화광장,디럭스,정보없음,-,마감,-,2026-05-06 11:59,2026-05-06
10051163,목포 하운드호텔 목포평화광장,비즈니스 트윈,정보없음,-,마감,-,2026-05-06 11:59,2026-05-06
10057449,청주 프롬에이치 뉴베라 호텔,도보특가,가능,"25,000원",가능,"40,000원",2026-05-06 11:59,2026-05-06
10057449,청주 프롬에이치 뉴베라 호텔,스탠다드 더블,가능,"30,000원",가능,"45,000원",2026-05-06 11:59,2026-05-06
10057449,청주 프롬에이치 뉴베라 호텔,스탠다드 트윈,가능,"35,000원",가능,"55,000원",2026-05-06 11:59,2026-05-06
10057449,청주 프롬에이치 뉴베라 호텔,디럭스 트윈,불가,-,가능,"65,000원",2026-05-06 11:59,2026-05-06
10057449,청주 프롬에이치 뉴베라 호텔,디럭스 더블,불가,-,마감,-,2026-05-06 11:59,2026-05-06
26162,청주 RUN호텔,RUN 오늘의특가,가능,"20,000원",가능,"43,200원",2026-05-06 11:59,2026-05-06
26162,청주 RUN호텔,RUN.스탠다드,정보없음,-,가능,"45,000원",2026-05-06 11:59,2026-05-06
26162,청주 RUN호텔,RUN.발코니,정보없음,-,가능,"49,500원",2026-05-06 11:59,2026-05-06
26162,청주 RUN호텔,RUN VIP,정보없음,-,가능,"54,000원",2026-05-06 11:59,2026-05-06
26162,청주 RUN호텔,RUN.트윈,정보없음,-,가능,"67,500원",2026-05-06 11:59,2026-05-06
3009739,청주 K7 PC호텔,도보특가 객실랜덤배정,가능,"26,000원",가능,"34,000원",2026-05-06 12:00,2026-05-06
3009739,청주 K7 PC호텔,준특실 도보특가 더블+싱글,정보없음,-,가능,"36,550원",2026-05-06 12:00,2026-05-06
3009739,청주 K7 PC호텔,도보특가 커플 2PC,가능,"29,000원",가능,"42,500원",2026-05-06 12:00,2026-05-06
3009739,청주 K7 PC호텔,"VIP 프리미엄 - 스타일러,안마의자,1PC - 도보특가",불가,-,가능,"42,500원",2026-05-06 12:00,2026-05-06
3009739,청주 K7 PC호텔,커플2PC,가능,"24,000원",가능,"55,250원",2026-05-06 12:00,2026-05-06
3009739,청주 K7 PC호텔,프리미엄 트윈 2PC,정보없음,-,가능,"57,800원",2026-05-06 12:00,2026-05-06
3009739,청주 K7 PC호텔,"트리플룸 원룸식룸 -통합 OTT 넷플릭스,디즈니,유튜브,왓챠,애플TV",정보없음,-,가능,"59,500원",2026-05-06 12:00,2026-05-06
3009739,청주 K7 PC호텔,3PC RTX4060 - 3인 사용 가능,정보없음,-,가능,"68,000원",2026-05-06 12:00,2026-05-06
3009739,청주 K7 PC호텔,반려동물 동반객실,정보없음,-,가능,"72,250원",2026-05-06 12:00,2026-05-06
3009739,청주 K7 PC호텔,"B동 온돌 - 3인 이상 사용 가능, 숙소문의",정보없음,-,마감,-,2026-05-06 12:00,2026-05-06
1018732,청주 호텔 리온(HOTEL LION),도보특가,가능,"22,000원",가능,"45,000원",2026-05-06 12:00,2026-05-06
1018732,청주 호텔 리온(HOTEL LION),레이트 체크인 특가,정보없음,-,가능,"45,000원",2026-05-06 12:00,2026-05-06
1018732,청주 호텔 리온(HOTEL LION),스탠다드-룸온리,가능,"23,000원",가능,"50,000원",2026-05-06 12:00,2026-05-06
1018732,청주 호텔 리온(HOTEL LION),프리미엄A 1PC,가능,"25,000원",가능,"55,000원",2026-05-06 12:00,2026-05-06
1018732,청주 호텔 리온(HOTEL LION),디럭스 OTT 전용,가능,"25,000원",가능,"55,000원",2026-05-06 12:00,2026-05-06
1018732,청주 호텔 리온(HOTEL LION),늦은 퇴실 특가,불가,-,가능,"55,000원",2026-05-06 12:00,2026-05-06
1018732,청주 호텔 리온(HOTEL LION),비즈니스 패키지,정보없음,-,가능,"55,000원",2026-05-06 12:00,2026-05-06
1018732,청주 호텔 리온(HOTEL LION),프리미엄B 2PC,가능,"30,000원",가능,"60,000원",2026-05-06 12:00,2026-05-06
1018732,청주 호텔 리온(HOTEL LION),UP 그레이드 객실,가능,"20,000원",가능,"65,000원",2026-05-06 12:00,2026-05-06
1018732,청주 호텔 리온(HOTEL LION),스위트 트윈,불가,-,가능,"65,000원",2026-05-06 12:00,2026-05-06
1018732,청주 호텔 리온(HOTEL LION),6시간 대실,가능,"30,000원",정보없음,-,2026-05-06 12:00,2026-05-06
1018732,청주 호텔 리온(HOTEL LION),8시간 대실,가능,"40,000원",정보없음,-,2026-05-06 12:00,2026-05-06
1018732,청주 호텔 리온(HOTEL LION),10시간 대실,가능,"50,000원",정보없음,-,2026-05-06 12:00,2026-05-06
26989,포천 마루 호텔,스탠다드,가능,"25,000원",가능,"35,000원",2026-05-06 12:00,2026-05-06
26989,포천 마루 호텔,스탠다드 마루,가능,"25,000원",가능,"40,000원",2026-05-06 12:00,2026-05-06
26989,포천 마루 호텔,디럭스 마루,가능,"30,000원",가능,"45,000원",2026-05-06 12:00,2026-05-06
26989,포천 마루 호텔,디럭스,가능,"30,000원",가능,"45,000원",2026-05-06 12:00,2026-05-06
26989,포천 마루 호텔,VIP,가능,"35,000원",가능,"60,000원",2026-05-06 12:00,2026-05-06
26989,포천 마루 호텔,VIP 러브,가능,"33,000원",마감,-,2026-05-06 12:00,2026-05-06
26989,포천 마루 호텔,디럭스 타임세일,정보없음,-,마감,-,2026-05-06 12:00,2026-05-06
26989,포천 마루 호텔,VIP 트윈,정보없음,-,마감,-,2026-05-06 12:00,2026-05-06
3007195,포천 로제토 호텔,로제토 EVENT 특가,가능,"22,500원",가능,"35,000원",2026-05-06 12:00,2026-05-06
3007195,포천 로제토 호텔,프리미엄,가능,"27,000원",가능,"42,500원",2026-05-06 12:00,2026-05-06
3007195,포천 로제토 호텔,디럭스,가능,"22,500원",가능,"43,000원",2026-05-06 12:00,2026-05-06
3007195,포천 로제토 호텔,테라스,가능,"31,500원",가능,"47,000원",2026-05-06 12:00,2026-05-06
3007195,포천 로제토 호텔,노래방 파티룸,가능,"36,000원",가능,"63,000원",2026-05-06 12:00,2026-05-06
3007195,포천 로제토 호텔,그랜드 테라스,가능,"36,000원",가능,"63,000원",2026-05-06 12:00,2026-05-06
3007195,포천 로제토 호텔,스위트 테라스,불가,-,마감,-,2026-05-06 12:00,2026-05-06
10054621,포천 스카이 드라이브인 무인호텔,스탠다드,가능,"30,000원",가능,"37,500원",2026-05-06 12:00,2026-05-06
10054621,포천 스카이 드라이브인 무인호텔,디럭스,가능,"33,000원",가능,"45,000원",2026-05-06 12:00,2026-05-06
10054621,포천 스카이 드라이브인 무인호텔,스위트,가능,"40,000원",가능,"52,500원",2026-05-06 12:00,2026-05-06
10054621,포천 스카이 드라이브인 무인호텔,얼리 체크인,정보없음,-,가능,"52,500원",2026-05-06 12:00,2026-05-06
10054621,포천 스카이 드라이브인 무인호텔,VVIP,가능,"43,000원",가능,"70,000원",2026-05-06 12:00,2026-05-06
1000101865,포천 FOR YOU(포유) 호텔,오늘 특가 EVENT,가능,"25,000원",가능,"35,000원",2026-05-06 12:00,2026-05-06
1000101865,포천 FOR YOU(포유) 호텔,스탠다드더블,가능,"25,000원",가능,"38,000원",2026-05-06 12:00,2026-05-06
1000101865,포천 FOR YOU(포유) 호텔,디럭스B,가능,"30,000원",가능,"47,000원",2026-05-06 12:00,2026-05-06
1000101865,포천 FOR YOU(포유) 호텔,늦은퇴실,정보없음,-,가능,"48,000원",2026-05-06 12:00,2026-05-06
1000101865,포천 FOR YOU(포유) 호텔,빠른입실,정보없음,-,가능,"48,000원",2026-05-06 12:00,2026-05-06
1000101865,포천 FOR YOU(포유) 호텔,디럭스 트윈,가능,"30,000원",가능,"53,000원",2026-05-06 12:00,2026-05-06
1000101865,포천 FOR YOU(포유) 호텔,디럭스A,가능,"35,000원",가능,"56,000원",2026-05-06 12:00,2026-05-06
1000101865,포천 FOR YOU(포유) 호텔,빠른입실+늦은퇴실,정보없음,-,가능,"58,000원",2026-05-06 12:00,2026-05-06
1000101865,포천 FOR YOU(포유) 호텔,무한대실 최대10시간 스탠다드더블,가능,"40,000원",정보없음,-,2026-05-06 12:00,2026-05-06
10061911,화곡 프롬에이치 어스 호텔 위드 아늑 서울 강서화곡점,스탠다드 - 22시 이후 무인체크인,가능,"20,000원",가능,"40,000원",2026-05-06 12:00,2026-05-06
10061911,화곡 프롬에이치 어스 호텔 위드 아늑 서울 강서화곡점,도보전용 - 22시 이후 무인체크인,정보없음,-,가능,"45,000원",2026-05-06 12:00,2026-05-06
10061911,화곡 프롬에이치 어스 호텔 위드 아늑 서울 강서화곡점,당일특가 - 22시 이후 무인체크인,정보없음,-,가능,"50,000원",2026-05-06 12:00,2026-05-06
10061911,화곡 프롬에이치 어스 호텔 위드 아늑 서울 강서화곡점,디럭스 - 스파 - 22시 이후 무인체크인,가능,"25,000원",가능,"60,000원",2026-05-06 12:00,2026-05-06
10061911,화곡 프롬에이치 어스 호텔 위드 아늑 서울 강서화곡점,디럭스 - 무비 - 22시 이후 무인체크인,가능,"30,000원",가능,"70,000원",2026-05-06 12:00,2026-05-06
10061911,화곡 프롬에이치 어스 호텔 위드 아늑 서울 강서화곡점,디럭스 - 게임 - 22시 이후 무인체크인,가능,"35,000원",가능,"80,000원",2026-05-06 12:00,2026-05-06
10061911,화곡 프롬에이치 어스 호텔 위드 아늑 서울 강서화곡점,레이트 체크아웃 - 22시 이후 무인체크인,정보없음,-,가능,"85,000원",2026-05-06 12:00,2026-05-06
10061911,화곡 프롬에이치 어스 호텔 위드 아늑 서울 강서화곡점,얼리 체크인 - 22시 이후 무인체크인,정보없음,-,가능,"85,000원",2026-05-06 12:00,2026-05-06
10061911,화곡 프롬에이치 어스 호텔 위드 아늑 서울 강서화곡점,스위트-가족제외 3인초과 혼성불가 - 22시 이후 무인체크인,가능,"40,000원",가능,"100,000원",2026-05-06 12:00,2026-05-06
10061911,화곡 프롬에이치 어스 호텔 위드 아늑 서울 강서화곡점,파티 디럭스 스파-가족제외 3인초과 혼성불가 - 22시 이후 무인체크인,불가,-,가능,"110,000원",2026-05-06 12:00,2026-05-06
10061911,화곡 프롬에이치 어스 호텔 위드 아늑 서울 강서화곡점,파티 디럭스 무비-가족제외 3인초과 혼성불가 - 22시 이후 무인체크인,불가,-,가능,"120,000원",2026-05-06 12:00,2026-05-06
10061911,화곡 프롬에이치 어스 호텔 위드 아늑 서울 강서화곡점,파티 디럭스 게임-가족제외 3인초과 혼성불가 - 22시 이후 무인체크인,불가,-,가능,"140,000원",2026-05-06 12:00,2026-05-06
10061911,화곡 프롬에이치 어스 호텔 위드 아늑 서울 강서화곡점,무한대실 - 22시 이후 무인체크인,가능,"45,000원",정보없음,-,2026-05-06 12:00,2026-05-06
10061911,화곡 프롬에이치 어스 호텔 위드 아늑 서울 강서화곡점,빠른대실 - 22시 이후 무인체크인,불가,-,정보없음,-,2026-05-06 12:00,2026-05-06
24367,화곡 거기 호텔,스탠다드,가능,"27,000원",가능,"57,000원",2026-05-06 12:00,2026-05-06
24367,화곡 거기 호텔,예쁜방,가능,"32,000원",가능,"71,000원",2026-05-06 12:00,2026-05-06
24367,화곡 거기 호텔,오픈스파스위트,가능,"32,000원",가능,"71,000원",2026-05-06 12:00,2026-05-06
24367,화곡 거기 호텔,당일특가,가능,"36,000원",가능,"71,000원",2026-05-06 12:00,2026-05-06
24367,화곡 거기 호텔,도보전용,가능,"27,000원",가능,"72,000원",2026-05-06 12:00,2026-05-06
24367,화곡 거기 호텔,얼리체크인룸,가능,"36,000원",가능,"91,000원",2026-05-06 12:00,2026-05-06
24367,화곡 거기 호텔,스위트,가능,"37,000원",가능,"121,000원",2026-05-06 12:00,2026-05-06
24367,화곡 거기 호텔,로얄 스위트룸 시그니처,가능,"42,000원",가능,"135,000원",2026-05-06 12:00,2026-05-06
24367,화곡 거기 호텔,프라이빗 스위트 / 전화 예약 필수,불가,-,가능,"230,000원",2026-05-06 12:00,2026-05-06
23944,화곡 초콜릿,스탠다드 - 도보전용,가능,"22,000원",가능,"45,000원",2026-05-06 12:00,2026-05-06
23944,화곡 초콜릿,스탠다드,가능,"22,000원",가능,"50,000원",2026-05-06 12:00,2026-05-06
23944,화곡 초콜릿,스탠다드 - 커플PC룸,가능,"24,000원",가능,"55,000원",2026-05-06 12:00,2026-05-06
23944,화곡 초콜릿,디럭스,가능,"27,000원",가능,"65,000원",2026-05-06 12:00,2026-05-06
23944,화곡 초콜릿,스위트,가능,"37,000원",가능,"75,000원",2026-05-06 12:00,2026-05-06
23944,화곡 초콜릿,랜덤룸,가능,"42,000원",가능,"75,000원",2026-05-06 12:00,2026-05-06
23944,화곡 초콜릿,로얄스위트,정보없음,-,마감,-,2026-05-06 12:00,2026-05-06
24961,화곡 MS,TIME EVENT ROOM - 주차불가,가능,"22,000원",가능,"42,000원",2026-05-06 12:00,2026-05-06
24961,화곡 MS,스탠다드 - Standard,가능,"22,000원",가능,"42,000원",2026-05-06 12:00,2026-05-06
24961,화곡 MS,디럭스 - Deluxe,가능,"27,000원",가능,"52,000원",2026-05-06 12:00,2026-05-06
24961,화곡 MS,늦은퇴실 - 스탠다드 - Standard,가능,"47,000원",가능,"62,000원",2026-05-06 12:00,2026-05-06
24961,화곡 MS,스위트 - Suite,가능,"37,000원",가능,"72,000원",2026-05-06 12:00,2026-05-06
24961,화곡 MS,프리미엄 - Premium,가능,"37,000원",가능,"72,000원",2026-05-06 12:00,2026-05-06
24961,화곡 MS,VIP ROOM,가능,"47,000원",가능,"82,000원",2026-05-06 12:00,2026-05-06
24961,화곡 MS,늦은퇴실 - 디럭스 - Deluxe,가능,"57,000원",가능,"82,000원",2026-05-06 12:00,2026-05-06
24961,화곡 MS,늦은퇴실 - 프리미엄 - Premium,가능,"77,000원",가능,"102,000원",2026-05-06 12:00,2026-05-06
24961,화곡 MS,늦은퇴실 - 스위트 - Suite,가능,"77,000원",가능,"102,000원",2026-05-06 12:00,2026-05-06
24961,화곡 MS,늦은퇴실 - VIP ROOM,가능,"97,000원",가능,"122,000원",2026-05-06 12:00,2026-05-06
10066328,대전 용전 미타스야 료칸 호텔,도보특가,가능,"25,000원",가능,"50,000원",2026-05-06 12:01,2026-05-06
10066328,대전 용전 미타스야 료칸 호텔,스탠다드,가능,"30,000원",가능,"55,000원",2026-05-06 12:01,2026-05-06
10066328,대전 용전 미타스야 료칸 호텔,다도,가능,"35,000원",가능,"60,000원",2026-05-06 12:01,2026-05-06
10066328,대전 용전 미타스야 료칸 호텔,비즈니스,가능,"35,000원",가능,"65,000원",2026-05-06 12:01,2026-05-06
10066328,대전 용전 미타스야 료칸 호텔,늦은퇴실,정보없음,-,가능,"85,000원",2026-05-06 12:01,2026-05-06
10066328,대전 용전 미타스야 료칸 호텔,빠른입실,정보없음,-,가능,"85,000원",2026-05-06 12:01,2026-05-06
10066328,대전 용전 미타스야 료칸 호텔,무비,정보없음,-,가능,"90,000원",2026-05-06 12:01,2026-05-06
10066328,대전 용전 미타스야 료칸 호텔,웰니스,정보없음,-,가능,"90,000원",2026-05-06 12:01,2026-05-06
10066328,대전 용전 미타스야 료칸 호텔,시그니처,정보없음,-,가능,"200,000원",2026-05-06 12:01,2026-05-06
10066328,대전 용전 미타스야 료칸 호텔,2PC,정보없음,-,마감,-,2026-05-06 12:01,2026-05-06
1000109660,대전 용전 HOTEL BEN,business Room,가능,"17,000원",가능,"32,000원",2026-05-06 12:01,2026-05-06
1000109660,대전 용전 HOTEL BEN,기획전 특가,불가,-,가능,"36,000원",2026-05-06 12:01,2026-05-06
1000109660,대전 용전 HOTEL BEN,Standard,가능,"22,000원",가능,"37,000원",2026-05-06 12:01,2026-05-06
1000109660,대전 용전 HOTEL BEN,Premium-욕조룸,가능,"27,000원",가능,"42,000원",2026-05-06 12:01,2026-05-06
1000109660,대전 용전 HOTEL BEN,Deluxe 안마의자,가능,"32,000원",가능,"42,000원",2026-05-06 12:01,2026-05-06
1000109660,대전 용전 HOTEL BEN,빠른입실,정보없음,-,가능,"52,000원",2026-05-06 12:01,2026-05-06
1000109660,대전 용전 HOTEL BEN,늦은퇴실,정보없음,-,가능,"52,000원",2026-05-06 12:01,2026-05-06
1000109660,대전 용전 HOTEL BEN,무한대실,가능,"37,000원",정보없음,-,2026-05-06 12:01,2026-05-06
1000109660,대전 용전 HOTEL BEN,도보특가,불가,-,마감,-,2026-05-06 12:01,2026-05-06
1000109660,대전 용전 HOTEL BEN,세스코멤버스 Zone,불가,-,정보없음,-,2026-05-06 12:01,2026-05-06
10067342,호텔 선샤인,이코노믹 더블,정보없음,-,가능,"101,180원",2026-05-06 12:01,2026-05-06
10067342,호텔 선샤인,슈페리어 더블,정보없음,-,가능,"108,240원",2026-05-06 12:01,2026-05-06
10067342,호텔 선샤인,디럭스 온돌,정보없음,-,가능,"115,300원",2026-05-06 12:01,2026-05-06
10067342,호텔 선샤인,디럭스 트윈,정보없음,-,가능,"115,300원",2026-05-06 12:01,2026-05-06
10067342,호텔 선샤인,그랜드 디럭스 트윈,정보없음,-,가능,"135,300원",2026-05-06 12:01,2026-05-06
10067342,호텔 선샤인,온돌 스위트,정보없음,-,가능,"148,243원",2026-05-06 12:01,2026-05-06
10067342,호텔 선샤인,스위트,정보없음,-,가능,"148,243원",2026-05-06 12:01,2026-05-06
1000108717,대전 용전 모모(HOTEL MOMO),모던 스탠다드 // 금연,가능,"17,000원",가능,"38,000원",2026-05-06 12:01,2026-05-06
1000108717,대전 용전 모모(HOTEL MOMO),모던 테라피 // 금연,정보없음,-,가능,"50,000원",2026-05-06 12:01,2026-05-06
1000108717,대전 용전 모모(HOTEL MOMO),모던 스위트 // 금연,정보없음,-,가능,"50,000원",2026-05-06 12:01,2026-05-06
10064899,동두천 글렌스테이,스탠다드,불가,-,가능,"50,000원",2026-05-06 12:01,2026-05-06
10064899,동두천 글렌스테이,무비,불가,-,가능,"75,000원",2026-05-06 12:01,2026-05-06
10064899,동두천 글렌스테이,무비+ 패키지,정보없음,-,가능,"100,000원",2026-05-06 12:01,2026-05-06
10064899,동두천 글렌스테이,스파 & 트윈,불가,-,마감,-,2026-05-06 12:01,2026-05-06
10064899,동두천 글렌스테이,무비룸 플러스,불가,-,마감,-,2026-05-06 12:01,2026-05-06
10064899,동두천 글렌스테이,오픈특가,불가,-,마감,-,2026-05-06 12:01,2026-05-06
3010327,부산 서면 브라운도트 서면1호점,디럭스,가능,"25,000원",마감,-,2026-05-06 12:01,2026-05-06
3010327,부산 서면 브라운도트 서면1호점,스탠다드,가능,"25,000원",마감,-,2026-05-06 12:01,2026-05-06
3010327,부산 서면 브라운도트 서면1호점,도보특가,정보없음,-,마감,-,2026-05-06 12:01,2026-05-06
3010327,부산 서면 브라운도트 서면1호점,스탠다드 테라스,정보없음,-,마감,-,2026-05-06 12:01,2026-05-06
3010327,부산 서면 브라운도트 서면1호점,디럭스 트윈,정보없음,-,마감,-,2026-05-06 12:01,2026-05-06
3010327,부산 서면 브라운도트 서면1호점,VIP 테라스,정보없음,-,마감,-,2026-05-06 12:01,2026-05-06
3010327,부산 서면 브라운도트 서면1호점,VIP 테라스 골드,정보없음,-,마감,-,2026-05-06 12:01,2026-05-06
3010327,부산 서면 브라운도트 서면1호점,스위트 테라스,정보없음,-,마감,-,2026-05-06 12:01,2026-05-06
1000112007,어반스테이 서면,스튜디오 랜덤,정보없음,-,가능,"66,385원",2026-05-06 12:01,2026-05-06
1000112007,어반스테이 서면,스튜디오,정보없음,-,마감,-,2026-05-06 12:01,2026-05-06
1000112007,어반스테이 서면,스튜디오 시티,정보없음,-,마감,-,2026-05-06 12:01,2026-05-06
1000112007,어반스테이 서면,스튜디오 트윈,정보없음,-,가능,"70,349원",2026-05-06 12:01,2026-05-06
1000112007,어반스테이 서면,스튜디오 싱글,정보없음,-,가능,"64,402원",2026-05-06 12:01,2026-05-06
1000109332,부산 서면 라라비안코 비즈니스 호텔,뚜벅이특가-연박불가,정보없음,-,가능,"33,000원",2026-05-06 12:01,2026-05-06
1000109332,부산 서면 라라비안코 비즈니스 호텔,디럭스 더블 - 욕조,정보없음,-,가능,"49,000원",2026-05-06 12:01,2026-05-06
1000109332,부산 서면 라라비안코 비즈니스 호텔,디럭스 더블 - 욕조 / 게으른 베짱이,정보없음,-,가능,"61,000원",2026-05-06 12:01,2026-05-06
1000109332,부산 서면 라라비안코 비즈니스 호텔,디럭스 트윈,정보없음,-,가능,"61,000원",2026-05-06 12:01,2026-05-06
1000109332,부산 서면 라라비안코 비즈니스 호텔,패밀리 스위트,정보없음,-,가능,"127,000원",2026-05-06 12:01,2026-05-06
1000109332,부산 서면 라라비안코 비즈니스 호텔,비즈니스 1인 특가,정보없음,-,가능,"37,000원",2026-05-06 12:01,2026-05-06
1000109332,부산 서면 라라비안코 비즈니스 호텔,스탠다드 더블,정보없음,-,마감,-,2026-05-06 12:01,2026-05-06
1000109332,부산 서면 라라비안코 비즈니스 호텔,스탠다드 트윈,정보없음,-,마감,-,2026-05-06 12:01,2026-05-06
1000109332,부산 서면 라라비안코 비즈니스 호텔,낮숙박 6시간,불가,-,마감,-,2026-05-06 12:01,2026-05-06
1000109332,부산 서면 라라비안코 비즈니스 호텔,낮숙박 10시간,불가,-,정보없음,-,2026-05-06 12:01,2026-05-06
1000099740,인천(부평) 스테이 패스포트 오키나와 료칸,코나미-스탠다드,정보없음,-,가능,"70,000원",2026-05-06 12:01,2026-05-06
1000099740,인천(부평) 스테이 패스포트 오키나와 료칸,코나미-스탠다드+온돌사우나 2시간,정보없음,-,가능,"90,000원",2026-05-06 12:01,2026-05-06
1000099740,인천(부평) 스테이 패스포트 오키나와 료칸,오나미-시그니처,정보없음,-,가능,"130,000원",2026-05-06 12:01,2026-05-06
1000099740,인천(부평) 스테이 패스포트 오키나와 료칸,오나미-시그니처+온돌사우나 2시간,정보없음,-,가능,"150,000원",2026-05-06 12:01,2026-05-06
1000099740,인천(부평) 스테이 패스포트 오키나와 료칸,하토-듀플렉스,정보없음,-,마감,-,2026-05-06 12:01,2026-05-06
1000099740,인천(부평) 스테이 패스포트 오키나와 료칸,츄하-디럭스+온돌사우나 2시간,정보없음,-,마감,-,2026-05-06 12:01,2026-05-06
1000099740,인천(부평) 스테이 패스포트 오키나와 료칸,츄하-디럭스,정보없음,-,마감,-,2026-05-06 12:01,2026-05-06
23361,인천(부평) 뉴캐슬,디럭스 더블,가능,"30,000원",가능,"70,000원",2026-05-06 12:02,2026-05-06
23361,인천(부평) 뉴캐슬,프리미엄 더블,가능,"40,000원",가능,"80,000원",2026-05-06 12:02,2026-05-06
23361,인천(부평) 뉴캐슬,디럭스 비즈니스 1인 조식패키지,정보없음,-,가능,"80,000원",2026-05-06 12:02,2026-05-06
23361,인천(부평) 뉴캐슬,프리미엄비즈니스조식패키지,정보없음,-,가능,"90,000원",2026-05-06 12:02,2026-05-06
23361,인천(부평) 뉴캐슬,디럭스 트윈,불가,-,가능,"90,000원",2026-05-06 12:02,2026-05-06
23361,인천(부평) 뉴캐슬,프리미엄 커플 스파,가능,"50,000원",가능,"100,000원",2026-05-06 12:02,2026-05-06
23361,인천(부평) 뉴캐슬,프리미엄 안마의자,가능,"50,000원",가능,"100,000원",2026-05-06 12:02,2026-05-06
23361,인천(부평) 뉴캐슬,프리미엄 트윈,불가,-,가능,"100,000원",2026-05-06 12:02,2026-05-06
23361,인천(부평) 뉴캐슬,료깐 스위트더블,불가,-,가능,"120,000원",2026-05-06 12:02,2026-05-06
23361,인천(부평) 뉴캐슬,스위트룸조식패키지,정보없음,-,가능,"130,000원",2026-05-06 12:02,2026-05-06
23361,인천(부평) 뉴캐슬,료깐 스위트트윈,불가,-,가능,"140,000원",2026-05-06 12:02,2026-05-06
23361,인천(부평) 뉴캐슬,료깐스위트히노끼트윈D,불가,-,가능,"140,000원",2026-05-06 12:02,2026-05-06
23361,인천(부평) 뉴캐슬,료깐스위트히노끼트윈C,불가,-,가능,"140,000원",2026-05-06 12:02,2026-05-06
23361,인천(부평) 뉴캐슬,료깐스위트히노끼트윈A,불가,-,가능,"150,000원",2026-05-06 12:02,2026-05-06
23361,인천(부평) 뉴캐슬,료깐스위트히노끼더블B,불가,-,마감,-,2026-05-06 12:02,2026-05-06
3002091,인천(부평) 제니스,당일특가,가능,"17,000원",가능,"35,000원",2026-05-06 12:02,2026-05-06
3002091,인천(부평) 제니스,일반,가능,"22,000원",가능,"40,000원",2026-05-06 12:02,2026-05-06
3002091,인천(부평) 제니스,특실,가능,"24,000원",가능,"44,000원",2026-05-06 12:02,2026-05-06
3002091,인천(부평) 제니스,특실 - 트윈,정보없음,-,가능,"50,000원",2026-05-06 12:02,2026-05-06
3002091,인천(부평) 제니스,디럭스 - 신관,가능,"28,500원",가능,"53,000원",2026-05-06 12:02,2026-05-06
3002091,인천(부평) 제니스,늦은퇴실,정보없음,-,가능,"60,000원",2026-05-06 12:02,2026-05-06
3002091,인천(부평) 제니스,스위트 -신관,가능,"37,000원",가능,"70,000원",2026-05-06 12:02,2026-05-06
100328,인천(부평) 버니1,일반실,가능,"20,000원",가능,"40,000원",2026-05-06 12:02,2026-05-06
100328,인천(부평) 버니1,준특실,가능,"25,000원",가능,"50,000원",2026-05-06 12:02,2026-05-06
100328,인천(부평) 버니1,프리미엄,정보없음,-,가능,"80,000원",2026-05-06 12:02,2026-05-06
10066555,안양 스테이 패스포트 나고야 료칸,하나 - 스탠다드,정보없음,-,가능,"80,000원",2026-05-06 12:02,2026-05-06
10066555,안양 스테이 패스포트 나고야 료칸,츠보미 or 하나 객실 이용 + 단독 별채탕 사용,정보없음,-,가능,"110,000원",2026-05-06 12:02,2026-05-06
10066555,안양 스테이 패스포트 나고야 료칸,카이카 - 스위트,정보없음,-,가능,"110,000원",2026-05-06 12:02,2026-05-06
10066555,안양 스테이 패스포트 나고야 료칸,"만카이 -노천탕,시그니처",정보없음,-,가능,"120,000원",2026-05-06 12:02,2026-05-06
10066555,안양 스테이 패스포트 나고야 료칸,츠보미 - 스몰,정보없음,-,마감,-,2026-05-06 12:02,2026-05-06
10066555,안양 스테이 패스포트 나고야 료칸,사쿠라 - 디럭스,정보없음,-,마감,-,2026-05-06 12:02,2026-05-06
3009950,안양 센트로,STANDARD - 스탠다드,가능,"25,000원",가능,"60,000원",2026-05-06 12:02,2026-05-06
3009950,안양 센트로,STANDARD - 스탠다드 연박전용,정보없음,-,가능,"60,000원",2026-05-06 12:02,2026-05-06
3009950,안양 센트로,STYLER - 스타일러,정보없음,-,가능,"65,000원",2026-05-06 12:02,2026-05-06
3009950,안양 센트로,CINEMA - 시네마,가능,"35,000원",가능,"70,000원",2026-05-06 12:02,2026-05-06
3009950,안양 센트로,STYLER - 스타일러 연박전용,정보없음,-,가능,"70,000원",2026-05-06 12:02,2026-05-06
3009950,안양 센트로,BATH STYLER - 욕조 스타일러,가능,"35,000원",가능,"80,000원",2026-05-06 12:02,2026-05-06
3009950,안양 센트로,STAND 2PC - 스탠다드 2PC,가능,"35,000원",가능,"80,000원",2026-05-06 12:02,2026-05-06
3009950,안양 센트로,STAND 2PC - 스탠다드 2PC 연박전용,정보없음,-,가능,"80,000원",2026-05-06 12:02,2026-05-06
3009950,안양 센트로,BUSINESS TWIN - 트윈,정보없음,-,가능,"80,000원",2026-05-06 12:02,2026-05-06
3009950,안양 센트로,FAST TWIN - 트윈 2PC,가능,"40,000원",가능,"90,000원",2026-05-06 12:02,2026-05-06
3009950,안양 센트로,CENTRO - 당일 특가,가능,"25,000원",마감,-,2026-05-06 12:02,2026-05-06
3009950,안양 센트로,롱타임 STAY - 8시간,가능,"45,000원",정보없음,-,2026-05-06 12:02,2026-05-06
1002127,금정 테마,일반실,가능,"22,000원",가능,"50,000원",2026-05-06 12:02,2026-05-06
1002127,금정 테마,특실,가능,"27,000원",가능,"55,000원",2026-05-06 12:02,2026-05-06
1002127,금정 테마,VIP,가능,"33,000원",가능,"60,000원",2026-05-06 12:02,2026-05-06
3000366,금정 팔라틴,선착순 도보특가,가능,"21,000원",가능,"46,000원",2026-05-06 12:02,2026-05-06
3000366,금정 팔라틴,일반실,가능,"22,000원",가능,"49,000원",2026-05-06 12:02,2026-05-06
3000366,금정 팔라틴,준특실,가능,"25,000원",가능,"54,000원",2026-05-06 12:02,2026-05-06
3000366,금정 팔라틴,특실,가능,"27,000원",가능,"59,000원",2026-05-06 12:02,2026-05-06
25645,천안 프롬에이치 동백호텔 By Kwon 천안성정,도보특가,가능,"20,000원",가능,"38,000원",2026-05-06 12:02,2026-05-06
25645,천안 프롬에이치 동백호텔 By Kwon 천안성정,오픈특가,가능,"20,000원",가능,"38,000원",2026-05-06 12:02,2026-05-06
25645,천안 프롬에이치 동백호텔 By Kwon 천안성정,동백 스탠다드,가능,"25,000원",가능,"43,000원",2026-05-06 12:02,2026-05-06
25645,천안 프롬에이치 동백호텔 By Kwon 천안성정,동백 비즈니스,가능,"28,000원",가능,"53,000원",2026-05-06 12:02,2026-05-06
25645,천안 프롬에이치 동백호텔 By Kwon 천안성정,동백 RX6600 게이밍,가능,"30,000원",가능,"58,000원",2026-05-06 12:02,2026-05-06
25645,천안 프롬에이치 동백호텔 By Kwon 천안성정,동백 트윈,정보없음,-,가능,"58,000원",2026-05-06 12:02,2026-05-06
25645,천안 프롬에이치 동백호텔 By Kwon 천안성정,동백 웰니스 티,정보없음,-,가능,"58,000원",2026-05-06 12:02,2026-05-06
25645,천안 프롬에이치 동백호텔 By Kwon 천안성정,30시간 동백 스탠다드,정보없음,-,가능,"63,000원",2026-05-06 12:02,2026-05-06
25645,천안 프롬에이치 동백호텔 By Kwon 천안성정,비즈니스 패키지1,정보없음,-,가능,"73,000원",2026-05-06 12:02,2026-05-06
25645,천안 프롬에이치 동백호텔 By Kwon 천안성정,비즈니스 패키지2,정보없음,-,가능,"83,000원",2026-05-06 12:02,2026-05-06
25645,천안 프롬에이치 동백호텔 By Kwon 천안성정,동백 시그니처 스파,정보없음,-,가능,"93,000원",2026-05-06 12:02,2026-05-06
25645,천안 프롬에이치 동백호텔 By Kwon 천안성정,동백 시그니처 스위트,정보없음,-,가능,"93,000원",2026-05-06 12:02,2026-05-06
25645,천안 프롬에이치 동백호텔 By Kwon 천안성정,무한대실,가능,"40,000원",정보없음,-,2026-05-06 12:02,2026-05-06
25645,천안 프롬에이치 동백호텔 By Kwon 천안성정,야간대실,불가,-,정보없음,-,2026-05-06 12:02,2026-05-06
3010951,천안 라트리 호텔,디럭스-에어드레서,가능,"30,000원",마감,-,2026-05-06 12:02,2026-05-06
3010951,천안 라트리 호텔,비지니스-에어드레서,불가,-,마감,-,2026-05-06 12:02,2026-05-06
3010951,천안 라트리 호텔,비지니스-안마의자,불가,-,마감,-,2026-05-06 12:02,2026-05-06
3010951,천안 라트리 호텔,비지니스-트윈,불가,-,마감,-,2026-05-06 12:02,2026-05-06
3010951,천안 라트리 호텔,프리미엄2PC-에어드레서,불가,-,마감,-,2026-05-06 12:02,2026-05-06
3010951,천안 라트리 호텔,프리미엄VIP2PC-에어드레서,불가,-,마감,-,2026-05-06 12:02,2026-05-06
3010951,천안 라트리 호텔,스위트A전망뷰-에어드레서,불가,-,마감,-,2026-05-06 12:02,2026-05-06
3010951,천안 라트리 호텔,스위트B닌텐도-에어드레서,불가,-,마감,-,2026-05-06 12:02,2026-05-06
3010951,천안 라트리 호텔,잠꾸러기패키지-에어드레서,정보없음,-,마감,-,2026-05-06 12:02,2026-05-06
3010951,천안 라트리 호텔,다이닝룸,불가,-,마감,-,2026-05-06 12:02,2026-05-06
3010951,천안 라트리 호텔,네뷸라방역,불가,-,정보없음,-,2026-05-06 12:02,2026-05-06
1000104255,천안 호텔 감,디럭스,가능,"25,000원",가능,"60,000원",2026-05-06 12:03,2026-05-06
1000104255,천안 호텔 감,프리미엄 A,가능,"30,000원",가능,"70,000원",2026-05-06 12:03,2026-05-06
1000104255,천안 호텔 감,프리미엄 안마의자,불가,-,가능,"70,000원",2026-05-06 12:03,2026-05-06
1000104255,천안 호텔 감,비지니스 트윈,불가,-,가능,"70,000원",2026-05-06 12:03,2026-05-06
1000104255,천안 호텔 감,테라스 A,정보없음,-,가능,"90,000원",2026-05-06 12:03,2026-05-06
1000104255,천안 호텔 감,2PC,정보없음,-,가능,"90,000원",2026-05-06 12:03,2026-05-06
1000104255,천안 호텔 감,테라스 스위트,정보없음,-,가능,"150,000원",2026-05-06 12:03,2026-05-06
1000104255,천안 호텔 감,스탠다드,가능,"20,000원",마감,-,2026-05-06 12:03,2026-05-06
1000104255,천안 호텔 감,테라스B,정보없음,-,마감,-,2026-05-06 12:03,2026-05-06
1000101428,천안 어반스테이,-,파싱실패,-,파싱실패,-,2026-05-06 12:03,2026-05-06
3002172,목포 프롬에이치 루벤스 호텔 목포평화광장점,스탠다드,정보없음,-,가능,"35,000원",2026-05-06 12:03,2026-05-06
3002172,목포 프롬에이치 루벤스 호텔 목포평화광장점,디럭스,정보없음,-,가능,"40,000원",2026-05-06 12:03,2026-05-06
3002172,목포 프롬에이치 루벤스 호텔 목포평화광장점,프리미엄,정보없음,-,가능,"45,000원",2026-05-06 12:03,2026-05-06
3002172,목포 프롬에이치 루벤스 호텔 목포평화광장점,프리미엄 오션뷰,정보없음,-,가능,"50,000원",2026-05-06 12:03,2026-05-06
3002172,목포 프롬에이치 루벤스 호텔 목포평화광장점,트윈,정보없음,-,가능,"55,000원",2026-05-06 12:03,2026-05-06
3002172,목포 프롬에이치 루벤스 호텔 목포평화광장점,VIP 오션뷰,정보없음,-,가능,"55,000원",2026-05-06 12:03,2026-05-06
3002172,목포 프롬에이치 루벤스 호텔 목포평화광장점,스위트 트윈,정보없음,-,가능,"60,000원",2026-05-06 12:03,2026-05-06
3002172,목포 프롬에이치 루벤스 호텔 목포평화광장점,패밀리 오션뷰,정보없음,-,가능,"80,000원",2026-05-06 12:03,2026-05-06
10053120,목포 지중해,일반실 - 금연객실,정보없음,-,가능,"40,000원",2026-05-06 12:03,2026-05-06
10053120,목포 지중해,준특실 - 금연객실,정보없음,-,가능,"45,000원",2026-05-06 12:03,2026-05-06
10053120,목포 지중해,2인 트윈 - 금연객실,정보없음,-,가능,"55,000원",2026-05-06 12:03,2026-05-06
10053120,목포 지중해,커플 PC - 금연객실,정보없음,-,가능,"55,000원",2026-05-06 12:03,2026-05-06
10053120,목포 지중해,"특실 - 에어드레서,금연객실",정보없음,-,가능,"55,000원",2026-05-06 12:03,2026-05-06
10053120,목포 지중해,3인 트윈 - 금연객실,정보없음,-,가능,"65,000원",2026-05-06 12:03,2026-05-06
3008976,목포 ZARA HOTEL 목포평화광장점,스탠다드 킹,가능,"25,000원",가능,"50,000원",2026-05-06 12:03,2026-05-06
3008976,목포 ZARA HOTEL 목포평화광장점,디럭스 킹 OCEAN VIEW,가능,"35,000원",가능,"60,000원",2026-05-06 12:03,2026-05-06
3008976,목포 ZARA HOTEL 목포평화광장점,비즈니스 킹 STYLER,가능,"35,000원",가능,"60,000원",2026-05-06 12:03,2026-05-06
3008976,목포 ZARA HOTEL 목포평화광장점,늦은퇴실,정보없음,-,가능,"60,000원",2026-05-06 12:03,2026-05-06
3008976,목포 ZARA HOTEL 목포평화광장점,스위트 킹,가능,"35,000원",가능,"70,000원",2026-05-06 12:03,2026-05-06
3008976,목포 ZARA HOTEL 목포평화광장점,프리미엄 킹 OCEAN VIEW,가능,"35,000원",가능,"70,000원",2026-05-06 12:03,2026-05-06
3008976,목포 ZARA HOTEL 목포평화광장점,트윈 스위트 킹,정보없음,-,가능,"70,000원",2026-05-06 12:03,2026-05-06
3008976,목포 ZARA HOTEL 목포평화광장점,트윈 프리미엄 킹 OCEAN VIEW,정보없음,-,가능,"80,000원",2026-05-06 12:03,2026-05-06
3008976,목포 ZARA HOTEL 목포평화광장점,패밀리 스위트 OCEAN VIEW,정보없음,-,가능,"130,000원",2026-05-06 12:03,2026-05-06
3008976,목포 ZARA HOTEL 목포평화광장점,ZARA TIME TO SALE,불가,-,마감,-,2026-05-06 12:03,2026-05-06
3008976,목포 ZARA HOTEL 목포평화광장점,도보특가,정보없음,-,마감,-,2026-05-06 12:03,2026-05-06
10068551,목포 호텔 플레이스,디럭스 킹,정보없음,-,가능,"50,000원",2026-05-06 12:03,2026-05-06
10068551,목포 호텔 플레이스,하이플로어 스위트,정보없음,-,가능,"60,000원",2026-05-06 12:03,2026-05-06
10068551,목포 호텔 플레이스,스위트 패밀리,정보없음,-,가능,"70,000원",2026-05-06 12:03,2026-05-06
10068551,목포 호텔 플레이스,디럭스 패밀리,정보없음,-,가능,"70,000원",2026-05-06 12:03,2026-05-06
10068551,목포 호텔 플레이스,스위트 패밀리 벙크,정보없음,-,가능,"80,000원",2026-05-06 12:03,2026-05-06
10068551,목포 호텔 플레이스,스위트 트리플,정보없음,-,가능,"80,000원",2026-05-06 12:03,2026-05-06
10068551,목포 호텔 플레이스,플레이스 스위트 트윈 하프 오션뷰,정보없음,-,가능,"140,000원",2026-05-06 12:03,2026-05-06
10068551,목포 호텔 플레이스,코지 싱글,정보없음,-,마감,-,2026-05-06 12:03,2026-05-06
10068551,목포 호텔 플레이스,디럭스 패밀리 테라스,정보없음,-,마감,-,2026-05-06 12:03,2026-05-06
1000111151,안양 CS premier,스탠다드 트윈,정보없음,-,가능,"60,000원",2026-05-06 12:03,2026-05-06
1000111151,안양 CS premier,디럭스 더블,정보없음,-,가능,"60,000원",2026-05-06 12:03,2026-05-06
1000111151,안양 CS premier,패밀리 트윈,정보없음,-,가능,"70,000원",2026-05-06 12:03,2026-05-06
1000111151,안양 CS premier,주니어 스위트,정보없음,-,가능,"90,000원",2026-05-06 12:03,2026-05-06
1000111151,안양 CS premier,스위트,정보없음,-,가능,"130,000원",2026-05-06 12:03,2026-05-06
1000111151,안양 CS premier,다다미 스위트,정보없음,-,가능,"130,000원",2026-05-06 12:03,2026-05-06
3009256,안양 AMA 드라이브인 HOTEL,선착순 미드나잇 특가,정보없음,-,가능,"38,000원",2026-05-06 12:03,2026-05-06
3009256,안양 AMA 드라이브인 HOTEL,스탠다드,정보없음,-,가능,"42,000원",2026-05-06 12:03,2026-05-06
3009256,안양 AMA 드라이브인 HOTEL,디럭스,정보없음,-,가능,"52,000원",2026-05-06 12:03,2026-05-06
3009256,안양 AMA 드라이브인 HOTEL,스위트 로프트,정보없음,-,가능,"62,000원",2026-05-06 12:03,2026-05-06
3009256,안양 AMA 드라이브인 HOTEL,로얄스위트,정보없음,-,가능,"142,000원",2026-05-06 12:03,2026-05-06
10062708,안양 SUN motel (예술공원),일반실,가능,"25,000원",가능,"40,000원",2026-05-06 12:03,2026-05-06
10062708,안양 SUN motel (예술공원),일반실,가능,"25,000원",가능,"45,000원",2026-05-06 12:03,2026-05-06
10062708,안양 SUN motel (예술공원),특실,가능,"35,000원",가능,"59,000원",2026-05-06 12:03,2026-05-06
3012380,안양 루,일반실,가능,"20,000원",가능,"35,000원",2026-05-06 12:04,2026-05-06
3012380,안양 루,일반실B,불가,-,마감,-,2026-05-06 12:04,2026-05-06
10067450,사당 스테이 패스포트 도쿄 료칸,츠무기 트윈 스파,정보없음,-,가능,"160,000원",2026-05-06 12:04,2026-05-06
10067450,사당 스테이 패스포트 도쿄 료칸,군인 할인 제공 패키지 - 시즈쿠 프라이빗 스파,정보없음,-,마감,-,2026-05-06 12:04,2026-05-06
10067450,사당 스테이 패스포트 도쿄 료칸,차시츠 시그니처 스파 & 테라스,정보없음,-,마감,-,2026-05-06 12:04,2026-05-06
10067450,사당 스테이 패스포트 도쿄 료칸,카제 스파 & 테라스,정보없음,-,마감,-,2026-05-06 12:04,2026-05-06
10067450,사당 스테이 패스포트 도쿄 료칸,시즈쿠 프라이빗 스파,정보없음,-,마감,-,2026-05-06 12:04,2026-05-06
10067450,사당 스테이 패스포트 도쿄 료칸,소라 테라스 노천 스파,정보없음,-,마감,-,2026-05-06 12:04,2026-05-06
10045540,더 리프 사당,Double Timeber Spa,정보없음,-,가능,"110,000원",2026-05-06 12:04,2026-05-06
10045540,더 리프 사당,Double Timeber Spa,정보없음,-,가능,"140,000원",2026-05-06 12:04,2026-05-06
1000101266,사당 카리스호텔,OTT 랜덤배정,가능,"26,000원",가능,"50,000원",2026-05-06 12:04,2026-05-06
1000101266,사당 카리스호텔,준특실,가능,"26,000원",가능,"50,000원",2026-05-06 12:04,2026-05-06
1000101266,사당 카리스호텔,특실,가능,"28,000원",가능,"55,000원",2026-05-06 12:04,2026-05-06
1000101266,사당 카리스호텔,요가&헬스,정보없음,-,가능,"55,000원",2026-05-06 12:04,2026-05-06
1000101266,사당 카리스호텔,하루 종일 숙박,정보없음,-,가능,"60,000원",2026-05-06 12:04,2026-05-06
1000101266,사당 카리스호텔,야간대실,가능,"35,000원",정보없음,-,2026-05-06 12:04,2026-05-06
1000101266,사당 카리스호텔,트윈실,정보없음,-,마감,-,2026-05-06 12:04,2026-05-06
1000099516,사당 티트리 호텔 사당역,도보전용 객실,불가,-,가능,"50,000원",2026-05-06 12:04,2026-05-06
1000099516,사당 티트리 호텔 사당역,디럭스,가능,"22,000원",마감,-,2026-05-06 12:04,2026-05-06
1000099516,사당 티트리 호텔 사당역,프리미엄,가능,"25,000원",가능,"70,000원",2026-05-06 12:04,2026-05-06
1000099516,사당 티트리 호텔 사당역,빠른입실 / 늦은퇴실,가능,"32,000원",가능,"85,000원",2026-05-06 12:04,2026-05-06
1000099516,사당 티트리 호텔 사당역,무한대실,가능,"35,000원",마감,-,2026-05-06 12:04,2026-05-06
1000099516,사당 티트리 호텔 사당역,야간대실 / 18-24 4시간 이용 가능,가능,"35,000원",마감,-,2026-05-06 12:04,2026-05-06
10066734,평택 미타스야 료칸 호텔 바이 아늑 송탄역점,도보특가,가능,"27,000원",가능,"33,000원",2026-05-06 12:04,2026-05-06
10066734,평택 미타스야 료칸 호텔 바이 아늑 송탄역점,스탠다드,가능,"37,000원",가능,"40,000원",2026-05-06 12:04,2026-05-06
10066734,평택 미타스야 료칸 호텔 바이 아늑 송탄역점,무비,가능,"37,000원",가능,"50,000원",2026-05-06 12:04,2026-05-06
10066734,평택 미타스야 료칸 호텔 바이 아늑 송탄역점,2PC,가능,"37,000원",가능,"50,000원",2026-05-06 12:04,2026-05-06
10066734,평택 미타스야 료칸 호텔 바이 아늑 송탄역점,다다미,가능,"37,000원",가능,"50,000원",2026-05-06 12:04,2026-05-06
10066734,평택 미타스야 료칸 호텔 바이 아늑 송탄역점,비즈니스,가능,"37,000원",가능,"50,000원",2026-05-06 12:04,2026-05-06
10066734,평택 미타스야 료칸 호텔 바이 아늑 송탄역점,기프티콘 패키지 - 비즈니스,정보없음,-,가능,"60,000원",2026-05-06 12:04,2026-05-06
10066734,평택 미타스야 료칸 호텔 바이 아늑 송탄역점,얼리 체크인 - Early Check-In,정보없음,-,가능,"60,000원",2026-05-06 12:04,2026-05-06
10066734,평택 미타스야 료칸 호텔 바이 아늑 송탄역점,기프티콘 패키지 - 커플,정보없음,-,가능,"70,000원",2026-05-06 12:04,2026-05-06
10066734,평택 미타스야 료칸 호텔 바이 아늑 송탄역점,늦은퇴실 - Late-Check Out,정보없음,-,가능,"70,000원",2026-05-06 12:04,2026-05-06
10066734,평택 미타스야 료칸 호텔 바이 아늑 송탄역점,시그니처,불가,-,가능,"140,000원",2026-05-06 12:04,2026-05-06
10066734,평택 미타스야 료칸 호텔 바이 아늑 송탄역점,무한대실-객실랜덤배정,가능,"47,000원",정보없음,-,2026-05-06 12:04,2026-05-06
10066734,평택 미타스야 료칸 호텔 바이 아늑 송탄역점,기프티콘 패키지- 랜덤배정,정보없음,-,마감,-,2026-05-06 12:04,2026-05-06
10066734,평택 미타스야 료칸 호텔 바이 아늑 송탄역점,마사지,불가,-,마감,-,2026-05-06 12:04,2026-05-06
10065153,테마 스테이 호텔,일반실,정보없음,-,가능,"55,000원",2026-05-06 12:04,2026-05-06
10065153,테마 스테이 호텔,특실,정보없음,-,가능,"66,000원",2026-05-06 12:04,2026-05-06
10065153,테마 스테이 호텔,스위트룸,정보없음,-,가능,"110,000원",2026-05-06 12:04,2026-05-06
10065153,테마 스테이 호텔,트윈,정보없음,-,마감,-,2026-05-06 12:04,2026-05-06
1019037,송탄 디자인 뜰앤,스탠다드,가능,"20,700원",가능,"40,000원",2026-05-06 12:04,2026-05-06
1019037,송탄 디자인 뜰앤,디럭스,가능,"22,500원",가능,"45,000원",2026-05-06 12:04,2026-05-06
1019037,송탄 디자인 뜰앤,프리미엄 디럭스,정보없음,-,가능,"50,000원",2026-05-06 12:04,2026-05-06
1019037,송탄 디자인 뜰앤,커플PC,정보없음,-,가능,"55,000원",2026-05-06 12:04,2026-05-06
1019037,송탄 디자인 뜰앤,트윈,정보없음,-,가능,"55,000원",2026-05-06 12:04,2026-05-06
1019037,송탄 디자인 뜰앤,로얄 스위트,가능,"36,000원",가능,"80,000원",2026-05-06 12:04,2026-05-06
1019037,송탄 디자인 뜰앤,무한대실 - 스탠다드,가능,"27,000원",정보없음,-,2026-05-06 12:04,2026-05-06
1019037,송탄 디자인 뜰앤,온돌,정보없음,-,마감,-,2026-05-06 12:04,2026-05-06
1019086,송탄 라움,도보전용 - 랜덤배정,가능,"22,000원",가능,"33,000원",2026-05-06 12:04,2026-05-06
1019086,송탄 라움,수페리어,가능,"25,000원",가능,"38,000원",2026-05-06 12:04,2026-05-06
1019086,송탄 라움,수페리어 2PC,가능,"27,000원",가능,"42,500원",2026-05-06 12:04,2026-05-06
1019086,송탄 라움,디럭스,가능,"30,000원",가능,"46,750원",2026-05-06 12:04,2026-05-06
1019086,송탄 라움,스위트,가능,"33,000원",가능,"51,000원",2026-05-06 12:04,2026-05-06
1019086,송탄 라움,연박전용,정보없음,-,가능,"51,000원",2026-05-06 12:04,2026-05-06
1019086,송탄 라움,늦은퇴실,정보없음,-,가능,"51,000원",2026-05-06 12:04,2026-05-06
1019086,송탄 라움,프라이빗 트윈,정보없음,-,가능,"55,250원",2026-05-06 12:04,2026-05-06
1019086,송탄 라움,비지니스 트윈,정보없음,-,가능,"55,250원",2026-05-06 12:04,2026-05-06
1019086,송탄 라움,로얄,불가,-,가능,"55,250원",2026-05-06 12:04,2026-05-06
1019086,송탄 라움,연박전용 - 2PC,정보없음,-,가능,"63,750원",2026-05-06 12:04,2026-05-06
1019086,송탄 라움,늦은퇴실 - 2PC,정보없음,-,가능,"63,750원",2026-05-06 12:04,2026-05-06
1019086,송탄 라움,로얄 스위트룸,불가,-,가능,"76,500원",2026-05-06 12:04,2026-05-06
1019086,송탄 라움,4PC 게임룸,불가,-,가능,"93,000원",2026-05-06 12:04,2026-05-06
1019086,송탄 라움,무한대실,가능,"40,000원",정보없음,-,2026-05-06 12:04,2026-05-06
3014723,평택 미타스야 료칸 바이 아늑 평택역점,도보특가,가능,"27,000원",가능,"50,000원",2026-05-06 12:05,2026-05-06
3014723,평택 미타스야 료칸 바이 아늑 평택역점,무비,가능,"37,000원",가능,"60,000원",2026-05-06 12:05,2026-05-06
3014723,평택 미타스야 료칸 바이 아늑 평택역점,2PC,가능,"37,000원",가능,"60,000원",2026-05-06 12:05,2026-05-06
3014723,평택 미타스야 료칸 바이 아늑 평택역점,코믹북,가능,"37,000원",가능,"60,000원",2026-05-06 12:05,2026-05-06
3014723,평택 미타스야 료칸 바이 아늑 평택역점,마사지,가능,"37,000원",가능,"60,000원",2026-05-06 12:05,2026-05-06
3014723,평택 미타스야 료칸 바이 아늑 평택역점,비즈니스,가능,"37,000원",가능,"60,000원",2026-05-06 12:05,2026-05-06
3014723,평택 미타스야 료칸 바이 아늑 평택역점,얼리 체크인 - Early Check-In,정보없음,-,가능,"75,000원",2026-05-06 12:05,2026-05-06
3014723,평택 미타스야 료칸 바이 아늑 평택역점,늦은퇴실 - Late-Check Out,정보없음,-,가능,"75,000원",2026-05-06 12:05,2026-05-06
3014723,평택 미타스야 료칸 바이 아늑 평택역점,스탠다드,가능,"32,000원",마감,-,2026-05-06 12:05,2026-05-06
3014723,평택 미타스야 료칸 바이 아늑 평택역점,무한대실-객실랜덤배정,가능,"57,000원",정보없음,-,2026-05-06 12:05,2026-05-06
3014723,평택 미타스야 료칸 바이 아늑 평택역점,시그니처2,정보없음,-,마감,-,2026-05-06 12:05,2026-05-06
3014723,평택 미타스야 료칸 바이 아늑 평택역점,시그니처1,정보없음,-,마감,-,2026-05-06 12:05,2026-05-06
3017597,평택 오월숲,스탠다드,정보없음,-,가능,"40,000원",2026-05-06 12:05,2026-05-06
3017597,평택 오월숲,디럭스,가능,"25,000원",가능,"50,000원",2026-05-06 12:05,2026-05-06
3017597,평택 오월숲,프리미엄,가능,"30,000원",가능,"60,000원",2026-05-06 12:05,2026-05-06
3017597,평택 오월숲,VIP,불가,-,가능,"80,000원",2026-05-06 12:05,2026-05-06
24597,평택 Show,도보특가-주차불가,가능,"20,000원",가능,"35,000원",2026-05-06 12:05,2026-05-06
24597,평택 Show,일반실,가능,"25,000원",가능,"45,000원",2026-05-06 12:05,2026-05-06
24597,평택 Show,일반실- 금연객실,불가,-,가능,"45,000원",2026-05-06 12:05,2026-05-06
24597,평택 Show,특실 - 안마의자,불가,-,가능,"60,000원",2026-05-06 12:05,2026-05-06
24597,평택 Show,특실,불가,-,가능,"60,000원",2026-05-06 12:05,2026-05-06
24597,평택 Show,특실 - 금연객실,불가,-,가능,"65,000원",2026-05-06 12:05,2026-05-06
24597,평택 Show,파티,불가,-,가능,"200,000원",2026-05-06 12:05,2026-05-06
24597,평택 Show,무한대실,가능,"30,000원",마감,-,2026-05-06 12:05,2026-05-06
24597,평택 Show,특실 - 2PC,불가,-,마감,-,2026-05-06 12:05,2026-05-06
24597,평택 Show,온돌룸,불가,-,마감,-,2026-05-06 12:05,2026-05-06
3016060,평택 스테이 호텔,"도보특가 - 전 객실 투숙객, 지하 헬스장 /세탁기/건조기 무료 이용",가능,"22,000원",가능,"40,000원",2026-05-06 12:05,2026-05-06
3016060,평택 스테이 호텔,스탠다드,가능,"27,000원",가능,"50,000원",2026-05-06 12:05,2026-05-06
3016060,평택 스테이 호텔,Netflix Stay,정보없음,-,가능,"50,000원",2026-05-06 12:05,2026-05-06
3016060,평택 스테이 호텔,도보특가 + 조식 1인,정보없음,-,가능,"50,000원",2026-05-06 12:05,2026-05-06
3016060,평택 스테이 호텔,스탠다드 프리미어,가능,"33,000원",가능,"55,000원",2026-05-06 12:05,2026-05-06
3016060,평택 스테이 호텔,디럭스,가능,"38,000원",가능,"60,000원",2026-05-06 12:05,2026-05-06
3016060,평택 스테이 호텔,스탠다드 + 조식 1인,정보없음,-,가능,"60,000원",2026-05-06 12:05,2026-05-06
3016060,평택 스테이 호텔,30 Hours Stay,정보없음,-,가능,"65,000원",2026-05-06 12:05,2026-05-06
3016060,평택 스테이 호텔,패밀리 트윈,정보없음,-,가능,"70,000원",2026-05-06 12:05,2026-05-06
3016060,평택 스테이 호텔,파티 스위트,정보없음,-,가능,"108,000원",2026-05-06 12:05,2026-05-06
3016060,평택 스테이 호텔,패밀리 트리플,정보없음,-,마감,-,2026-05-06 12:05,2026-05-06
3016060,평택 스테이 호텔,로얄 스위트,정보없음,-,마감,-,2026-05-06 12:05,2026-05-06
3010937,신림 아늑 시그니처 호텔 서울 구로,스탠다드 트윈 + 대욕장/사우나+ 야식,정보없음,-,가능,"84,000원",2026-05-06 12:05,2026-05-06
3010937,신림 아늑 시그니처 호텔 서울 구로,슈페리어 더블 + 대욕장/사우나+ 야식,정보없음,-,가능,"94,000원",2026-05-06 12:05,2026-05-06
3010937,신림 아늑 시그니처 호텔 서울 구로,슈페리어 트윈 + 대욕장/사우나 + 야식,정보없음,-,가능,"94,000원",2026-05-06 12:05,2026-05-06
3010937,신림 아늑 시그니처 호텔 서울 구로,펜트 스위트 패밀리 + 대욕장/사우나+ 야식,정보없음,-,가능,"234,000원",2026-05-06 12:05,2026-05-06
3010937,신림 아늑 시그니처 호텔 서울 구로,디럭스 더블 + 대욕장/사우나+ 야식,정보없음,-,마감,-,2026-05-06 12:05,2026-05-06
3010937,신림 아늑 시그니처 호텔 서울 구로,주니어 스위트 + 대욕장/사우나+ 야식,정보없음,-,마감,-,2026-05-06 12:05,2026-05-06
3001564,신라스테이 구로,체크인시 배정,정보없음,-,가능,"80,000원",2026-05-06 12:05,2026-05-06
3001564,신라스테이 구로,체크인시 배정,정보없음,-,가능,"91,000원",2026-05-06 12:05,2026-05-06
3001564,신라스테이 구로,체크인시 배정,정보없음,-,가능,"105,225원",2026-05-06 12:05,2026-05-06
3001564,신라스테이 구로,체크인시 배정,정보없음,-,가능,"110,225원",2026-05-06 12:05,2026-05-06
3001564,신라스테이 구로,스탠다드 트윈,정보없음,-,가능,"117,225원",2026-05-06 12:05,2026-05-06
3001564,신라스테이 구로,스탠다드 더블,정보없음,-,가능,"117,225원",2026-05-06 12:05,2026-05-06
3001564,신라스테이 구로,스탠다드 트윈,정보없음,-,가능,"120,225원",2026-05-06 12:05,2026-05-06
3001564,신라스테이 구로,스탠다드 더블,정보없음,-,가능,"120,225원",2026-05-06 12:05,2026-05-06
3001564,신라스테이 구로,스탠다드 더블,정보없음,-,가능,"125,225원",2026-05-06 12:05,2026-05-06
3001564,신라스테이 구로,스탠다드 더블,정보없음,-,가능,"127,125원",2026-05-06 12:05,2026-05-06
3001564,신라스테이 구로,디럭스 트윈,정보없음,-,가능,"127,225원",2026-05-06 12:05,2026-05-06
3001564,신라스테이 구로,디럭스 더블,정보없음,-,가능,"127,225원",2026-05-06 12:05,2026-05-06
3001564,신라스테이 구로,스탠다드 트윈,정보없음,-,가능,"128,225원",2026-05-06 12:05,2026-05-06
3001564,신라스테이 구로,스탠다드 더블,정보없음,-,가능,"128,225원",2026-05-06 12:05,2026-05-06
3001564,신라스테이 구로,스탠다드 트윈,정보없음,-,가능,"128,225원",2026-05-06 12:05,2026-05-06
3001564,신라스테이 구로,스탠다드 더블,정보없음,-,가능,"128,225원",2026-05-06 12:05,2026-05-06
3001564,신라스테이 구로,스탠다드 더블,정보없음,-,가능,"129,225원",2026-05-06 12:05,2026-05-06
3001564,신라스테이 구로,디럭스 더블,정보없음,-,가능,"130,225원",2026-05-06 12:05,2026-05-06
3001564,신라스테이 구로,디럭스 더블,정보없음,-,가능,"134,036원",2026-05-06 12:05,2026-05-06
3001564,신라스테이 구로,스탠다드 트윈,정보없음,-,가능,"134,225원",2026-05-06 12:05,2026-05-06
3001564,신라스테이 구로,스탠다드 더블,정보없음,-,가능,"134,225원",2026-05-06 12:05,2026-05-06
3001564,신라스테이 구로,패밀리 트윈,정보없음,-,가능,"137,030원",2026-05-06 12:05,2026-05-06
3001564,신라스테이 구로,디럭스 더블,정보없음,-,가능,"137,125원",2026-05-06 12:05,2026-05-06
3001564,신라스테이 구로,디럭스 트윈,정보없음,-,가능,"138,225원",2026-05-06 12:05,2026-05-06
3001564,신라스테이 구로,디럭스 더블,정보없음,-,가능,"138,225원",2026-05-06 12:05,2026-05-06
3001564,신라스테이 구로,스탠다드 더블,정보없음,-,가능,"141,425원",2026-05-06 12:05,2026-05-06
3001564,신라스테이 구로,스탠다드 더블,정보없음,-,가능,"142,225원",2026-05-06 12:05,2026-05-06
3001564,신라스테이 구로,디럭스 더블,정보없음,-,가능,"144,225원",2026-05-06 12:05,2026-05-06
3001564,신라스테이 구로,패밀리 트윈,정보없음,-,가능,"146,930원",2026-05-06 12:05,2026-05-06
3001564,신라스테이 구로,패밀리 트윈,정보없음,-,가능,"148,030원",2026-05-06 12:05,2026-05-06
3001564,신라스테이 구로,스탠다드 패밀리트윈,정보없음,-,가능,"154,030원",2026-05-06 12:05,2026-05-06
3001564,신라스테이 구로,그랜드 디럭스 더블,정보없음,-,가능,"176,625원",2026-05-06 12:05,2026-05-06
3001564,신라스테이 구로,스탠다드 더블,정보없음,-,가능,"221,000원",2026-05-06 12:05,2026-05-06
3001564,신라스테이 구로,스탠다드 트윈,정보없음,-,마감,-,2026-05-06 12:05,2026-05-06
3001564,신라스테이 구로,스탠다드 트윈,정보없음,-,마감,-,2026-05-06 12:05,2026-05-06
3001564,신라스테이 구로,디럭스 더블,정보없음,-,마감,-,2026-05-06 12:05,2026-05-06
3001564,신라스테이 구로,스탠다드 트윈,정보없음,-,마감,-,2026-05-06 12:05,2026-05-06
3001564,신라스테이 구로,스탠다드 더블,정보없음,-,마감,-,2026-05-06 12:05,2026-05-06
3001564,신라스테이 구로,스탠다드 트윈,정보없음,-,마감,-,2026-05-06 12:05,2026-05-06
3001564,신라스테이 구로,스탠다드 트윈,정보없음,-,마감,-,2026-05-06 12:05,2026-05-06
3001564,신라스테이 구로,스탠다드 트윈,정보없음,-,마감,-,2026-05-06 12:05,2026-05-06
1000099647,포포인츠 바이 쉐라톤 서울 구로,체크인 시 배정,정보없음,-,가능,"77,000원",2026-05-06 12:05,2026-05-06
1000099647,포포인츠 바이 쉐라톤 서울 구로,체크인 시 배정,정보없음,-,가능,"109,000원",2026-05-06 12:05,2026-05-06
1000099647,포포인츠 바이 쉐라톤 서울 구로,체크인 시 배정,정보없음,-,가능,"145,000원",2026-05-06 12:05,2026-05-06
1000099647,포포인츠 바이 쉐라톤 서울 구로,슈페리어 트윈,정보없음,-,가능,"155,500원",2026-05-06 12:05,2026-05-06
1000099647,포포인츠 바이 쉐라톤 서울 구로,슈페리어 킹,정보없음,-,가능,"165,000원",2026-05-06 12:05,2026-05-06
1000099647,포포인츠 바이 쉐라톤 서울 구로,프리미엄 트윈,정보없음,-,가능,"187,000원",2026-05-06 12:05,2026-05-06
1000099647,포포인츠 바이 쉐라톤 서울 구로,프리미엄 킹,정보없음,-,가능,"187,000원",2026-05-06 12:05,2026-05-06
1000099647,포포인츠 바이 쉐라톤 서울 구로,슈페리어 트윈,정보없음,-,가능,"195,100원",2026-05-06 12:05,2026-05-06
1000099647,포포인츠 바이 쉐라톤 서울 구로,슈페리어 킹,정보없음,-,가능,"204,600원",2026-05-06 12:05,2026-05-06
1000099647,포포인츠 바이 쉐라톤 서울 구로,프리미엄 트윈,정보없음,-,가능,"226,600원",2026-05-06 12:05,2026-05-06
1000099647,포포인츠 바이 쉐라톤 서울 구로,프리미엄 킹,정보없음,-,가능,"226,600원",2026-05-06 12:05,2026-05-06
1000099647,포포인츠 바이 쉐라톤 서울 구로,슈페리어 트윈,정보없음,-,가능,"276,500원",2026-05-06 12:05,2026-05-06
1000099647,포포인츠 바이 쉐라톤 서울 구로,슈페리어 킹,정보없음,-,가능,"286,000원",2026-05-06 12:05,2026-05-06
1000099647,포포인츠 바이 쉐라톤 서울 구로,프리미엄 트윈,정보없음,-,가능,"308,000원",2026-05-06 12:05,2026-05-06
1000099647,포포인츠 바이 쉐라톤 서울 구로,프리미엄 킹,정보없음,-,가능,"308,000원",2026-05-06 12:05,2026-05-06
1000099647,포포인츠 바이 쉐라톤 서울 구로,슈페리어 트윈,정보없음,-,마감,-,2026-05-06 12:05,2026-05-06
1000099647,포포인츠 바이 쉐라톤 서울 구로,슈페리어 킹,정보없음,-,마감,-,2026-05-06 12:05,2026-05-06
1000099647,포포인츠 바이 쉐라톤 서울 구로,프리미엄 킹,정보없음,-,마감,-,2026-05-06 12:05,2026-05-06
1000099647,포포인츠 바이 쉐라톤 서울 구로,슈페리어 킹,정보없음,-,마감,-,2026-05-06 12:05,2026-05-06
1000099647,포포인츠 바이 쉐라톤 서울 구로,프리미엄 킹,정보없음,-,마감,-,2026-05-06 12:05,2026-05-06
1000099647,포포인츠 바이 쉐라톤 서울 구로,슈페리어 킹,정보없음,-,마감,-,2026-05-06 12:05,2026-05-06
1000099647,포포인츠 바이 쉐라톤 서울 구로,프리미엄 트윈,정보없음,-,마감,-,2026-05-06 12:05,2026-05-06
1000099647,포포인츠 바이 쉐라톤 서울 구로,프리미엄 킹,정보없음,-,마감,-,2026-05-06 12:05,2026-05-06
1000099647,포포인츠 바이 쉐라톤 서울 구로,슈페리어 트윈,정보없음,-,마감,-,2026-05-06 12:05,2026-05-06
1000099647,포포인츠 바이 쉐라톤 서울 구로,슈페리어 킹,정보없음,-,마감,-,2026-05-06 12:05,2026-05-06
1000099647,포포인츠 바이 쉐라톤 서울 구로,프리미엄 트윈,정보없음,-,마감,-,2026-05-06 12:05,2026-05-06
1000099647,포포인츠 바이 쉐라톤 서울 구로,프리미엄 킹,정보없음,-,마감,-,2026-05-06 12:05,2026-05-06
1000099647,포포인츠 바이 쉐라톤 서울 구로,슈페리어 트윈,정보없음,-,마감,-,2026-05-06 12:05,2026-05-06
1000099647,포포인츠 바이 쉐라톤 서울 구로,슈페리어 킹,정보없음,-,마감,-,2026-05-06 12:05,2026-05-06
1000099647,포포인츠 바이 쉐라톤 서울 구로,프리미엄 킹,정보없음,-,마감,-,2026-05-06 12:05,2026-05-06
1000099647,포포인츠 바이 쉐라톤 서울 구로,슈페리어 킹,정보없음,-,마감,-,2026-05-06 12:05,2026-05-06
1000099647,포포인츠 바이 쉐라톤 서울 구로,프리미엄 트윈,정보없음,-,마감,-,2026-05-06 12:05,2026-05-06
1000099647,포포인츠 바이 쉐라톤 서울 구로,프리미엄 킹,정보없음,-,마감,-,2026-05-06 12:05,2026-05-06
1000099647,포포인츠 바이 쉐라톤 서울 구로,슈페리어 트윈,정보없음,-,마감,-,2026-05-06 12:05,2026-05-06
1000099647,포포인츠 바이 쉐라톤 서울 구로,슈페리어 킹,정보없음,-,마감,-,2026-05-06 12:05,2026-05-06
3015614,구로 컬리넌,프리미엄,가능,"35,000원",가능,"80,000원",2026-05-06 12:05,2026-05-06
3015614,구로 컬리넌,디럭스 -트윈,불가,-,가능,"80,000원",2026-05-06 12:05,2026-05-06
3015614,구로 컬리넌,얼리체크인 디럭스,불가,-,가능,"90,000원",2026-05-06 12:05,2026-05-06
3015614,구로 컬리넌,프리미엄 - 트윈,불가,-,가능,"90,000원",2026-05-06 12:05,2026-05-06
3015614,구로 컬리넌,얼리체크인 프리미엄,불가,-,가능,"100,000원",2026-05-06 12:05,2026-05-06
3015614,구로 컬리넌,스위트-커플PC,가능,"50,000원",가능,"160,000원",2026-05-06 12:05,2026-05-06
3015614,구로 컬리넌,스위트 2,가능,"50,000원",가능,"180,000원",2026-05-06 12:05,2026-05-06
3015614,구로 컬리넌,스위트1,가능,"50,000원",가능,"200,000원",2026-05-06 12:05,2026-05-06
3015614,구로 컬리넌,디럭스,가능,"30,000원",마감,-,2026-05-06 12:05,2026-05-06
3015614,구로 컬리넌,프리미엄 - 커플PC,불가,-,마감,-,2026-05-06 12:05,2026-05-06
3015614,구로 컬리넌,얼리체크인 프리미엄 - 커플PC,불가,-,마감,-,2026-05-06 12:05,2026-05-06
3015614,구로 컬리넌,무한대실,불가,-,정보없음,-,2026-05-06 12:05,2026-05-06
3015614,구로 컬리넌,도보전용,불가,-,마감,-,2026-05-06 12:05,2026-05-06
3015614,구로 컬리넌,랜덤배정 - 레이트 체크인,정보없음,-,마감,-,2026-05-06 12:05,2026-05-06
28161,종로 아늑 호텔 앤 스파 서울 종로 안국 2호점,스탠다드 B,가능,"37,000원",마감,-,2026-05-06 12:05,2026-05-06
28161,종로 아늑 호텔 앤 스파 서울 종로 안국 2호점,황토 B,가능,"37,000원",마감,-,2026-05-06 12:05,2026-05-06
28161,종로 아늑 호텔 앤 스파 서울 종로 안국 2호점,당일특가 B,가능,"37,000원",마감,-,2026-05-06 12:05,2026-05-06
28161,종로 아늑 호텔 앤 스파 서울 종로 안국 2호점,도보전용 B,가능,"37,000원",마감,-,2026-05-06 12:05,2026-05-06
28161,종로 아늑 호텔 앤 스파 서울 종로 안국 2호점,무비 B,가능,"47,000원",마감,-,2026-05-06 12:05,2026-05-06
28161,종로 아늑 호텔 앤 스파 서울 종로 안국 2호점,평일 무한대실 B,가능,"62,000원",정보없음,-,2026-05-06 12:05,2026-05-06
28161,종로 아늑 호텔 앤 스파 서울 종로 안국 2호점,시그니처 B,불가,-,마감,-,2026-05-06 12:05,2026-05-06
3000698,이비스 앰배서더 서울 인사동,체크인 시 랜덤 배정,정보없음,-,가능,"187,000원",2026-05-06 12:06,2026-05-06
3000698,이비스 앰배서더 서울 인사동,슈페리어 트윈,정보없음,-,가능,"188,000원",2026-05-06 12:06,2026-05-06
3000698,이비스 앰배서더 서울 인사동,슈페리어 더블,정보없음,-,가능,"188,000원",2026-05-06 12:06,2026-05-06
3000698,이비스 앰배서더 서울 인사동,슈페리어 더블,정보없음,-,가능,"198,000원",2026-05-06 12:06,2026-05-06
3000698,이비스 앰배서더 서울 인사동,슈페리어 트윈,정보없음,-,가능,"198,000원",2026-05-06 12:06,2026-05-06
3000698,이비스 앰배서더 서울 인사동,슈페리어 더블 - 핸디캡,정보없음,-,가능,"198,000원",2026-05-06 12:06,2026-05-06
3000698,이비스 앰배서더 서울 인사동,슈페리어 더블,정보없음,-,가능,"227,700원",2026-05-06 12:06,2026-05-06
3000698,이비스 앰배서더 서울 인사동,슈페리어 트윈,정보없음,-,가능,"227,700원",2026-05-06 12:06,2026-05-06
3000698,이비스 앰배서더 서울 인사동,프리미엄 더블,정보없음,-,가능,"231,000원",2026-05-06 12:06,2026-05-06
3000698,이비스 앰배서더 서울 인사동,프리미엄 트윈,정보없음,-,가능,"231,000원",2026-05-06 12:06,2026-05-06
3000698,이비스 앰배서더 서울 인사동,슈페리어 트윈,정보없음,-,가능,"235,400원",2026-05-06 12:06,2026-05-06
3000698,이비스 앰배서더 서울 인사동,슈페리어 더블,정보없음,-,가능,"235,400원",2026-05-06 12:06,2026-05-06
3000698,이비스 앰배서더 서울 인사동,프리미엄 트리플,정보없음,-,가능,"242,000원",2026-05-06 12:06,2026-05-06
3000698,이비스 앰배서더 서울 인사동,프리미엄 패밀리,정보없음,-,가능,"242,000원",2026-05-06 12:06,2026-05-06
3000698,이비스 앰배서더 서울 인사동,프리미엄 더블,정보없음,-,가능,"260,700원",2026-05-06 12:06,2026-05-06
3000698,이비스 앰배서더 서울 인사동,프리미엄 트윈,정보없음,-,가능,"260,700원",2026-05-06 12:06,2026-05-06
3000698,이비스 앰배서더 서울 인사동,프리미엄 패밀리,정보없음,-,가능,"271,700원",2026-05-06 12:06,2026-05-06
3000698,이비스 앰배서더 서울 인사동,프리미엄 트리플,정보없음,-,가능,"271,700원",2026-05-06 12:06,2026-05-06
3000698,이비스 앰배서더 서울 인사동,프리미엄 트리플,정보없음,-,가능,"286,000원",2026-05-06 12:06,2026-05-06
3000698,이비스 앰배서더 서울 인사동,프리미엄 트리플,정보없음,-,가능,"298,100원",2026-05-06 12:06,2026-05-06
3000698,이비스 앰배서더 서울 인사동,프리미엄 패밀리,정보없음,-,가능,"298,100원",2026-05-06 12:06,2026-05-06
3000698,이비스 앰배서더 서울 인사동,슈페리어 더블,정보없음,-,마감,-,2026-05-06 12:06,2026-05-06
3000698,이비스 앰배서더 서울 인사동,슈페리어 트윈,정보없음,-,마감,-,2026-05-06 12:06,2026-05-06
10058149,한옥호텔 담,더블 - 남성,정보없음,-,가능,"165,900원",2026-05-06 12:06,2026-05-06
10058149,한옥호텔 담,더블 - 여성,정보없음,-,가능,"165,900원",2026-05-06 12:06,2026-05-06
10058149,한옥호텔 담,스탠다드 트리플,정보없음,-,가능,"387,200원",2026-05-06 12:06,2026-05-06
10058149,한옥호텔 담,디럭스 트리플,정보없음,-,가능,"415,100원",2026-05-06 12:06,2026-05-06
10058149,한옥호텔 담,럭셔리 트리플,정보없음,-,가능,"471,300원",2026-05-06 12:06,2026-05-06
10058149,한옥호텔 담,싱글 프리미어 - 남성,정보없음,-,마감,-,2026-05-06 12:06,2026-05-06
10058149,한옥호텔 담,스탠다드 싱글 - 남성,정보없음,-,가능,"109,400원",2026-05-06 12:06,2026-05-06
10058149,한옥호텔 담,싱글 프리미어 - 여성,정보없음,-,가능,"127,800원",2026-05-06 12:06,2026-05-06
10058149,한옥호텔 담,스탠다드 싱글 - 여성,정보없음,-,가능,"109,400원",2026-05-06 12:06,2026-05-06
1012337,북촌 복합한옥공간 곳,대나무,정보없음,-,마감,-,2026-05-06 12:06,2026-05-06
1012337,북촌 복합한옥공간 곳,산수유,정보없음,-,마감,-,2026-05-06 12:06,2026-05-06
1012337,북촌 복합한옥공간 곳,개나리,정보없음,-,마감,-,2026-05-06 12:06,2026-05-06
10067750,역삼 루프 서울 호텔 by아늑 서울 강남 1호점,디럭스-4인실,정보없음,-,가능,"239,000원",2026-05-06 12:06,2026-05-06
10067750,역삼 루프 서울 호텔 by아늑 서울 강남 1호점,패밀리-6인실,정보없음,-,가능,"289,000원",2026-05-06 12:06,2026-05-06
10067750,역삼 루프 서울 호텔 by아늑 서울 강남 1호점,패밀리-6인실/장기숙박,정보없음,-,마감,-,2026-05-06 12:06,2026-05-06
10067750,역삼 루프 서울 호텔 by아늑 서울 강남 1호점,디럭스-4인실/장기숙박,정보없음,-,마감,-,2026-05-06 12:06,2026-05-06
10067750,역삼 루프 서울 호텔 by아늑 서울 강남 1호점,스탠다드 C-3인실/장기숙박,정보없음,-,마감,-,2026-05-06 12:06,2026-05-06
10067750,역삼 루프 서울 호텔 by아늑 서울 강남 1호점,스탠다드 C-3인실,정보없음,-,마감,-,2026-05-06 12:06,2026-05-06
10067750,역삼 루프 서울 호텔 by아늑 서울 강남 1호점,스탠다드 B-2인실/장기숙박,정보없음,-,마감,-,2026-05-06 12:06,2026-05-06
10067750,역삼 루프 서울 호텔 by아늑 서울 강남 1호점,스탠다드 B-2인실,정보없음,-,마감,-,2026-05-06 12:06,2026-05-06
10067750,역삼 루프 서울 호텔 by아늑 서울 강남 1호점,스탠다드 A-2인실/장기숙박,정보없음,-,마감,-,2026-05-06 12:06,2026-05-06
10067750,역삼 루프 서울 호텔 by아늑 서울 강남 1호점,스탠다드 A-2인실,정보없음,-,마감,-,2026-05-06 12:06,2026-05-06
3001387,호텔 페이토 강남,디럭스 패밀리,정보없음,-,가능,"154,000원",2026-05-06 12:06,2026-05-06
3001387,호텔 페이토 강남,디럭스 트윈,정보없음,-,가능,"154,000원",2026-05-06 12:06,2026-05-06
3001387,호텔 페이토 강남,디럭스 더블,정보없음,-,가능,"154,000원",2026-05-06 12:06,2026-05-06
3013914,오월호텔,오리엔탈 그레이,정보없음,-,가능,"240,000원",2026-05-06 12:06,2026-05-06
3013914,오월호텔,오리엔탈 블루,정보없음,-,가능,"240,000원",2026-05-06 12:06,2026-05-06
3013914,오월호텔,우드 테라스,정보없음,-,가능,"260,000원",2026-05-06 12:06,2026-05-06
3013914,오월호텔,화이트 테라스,정보없음,-,가능,"260,000원",2026-05-06 12:06,2026-05-06
1000106266,역삼 아르누보 호텔,15평 스탠다드 더블 - 취사불가,불가,-,가능,"94,990원",2026-05-06 12:06,2026-05-06
1000106266,역삼 아르누보 호텔,15평 슈페리어 더블 - 취사불가,정보없음,-,가능,"114,990원",2026-05-06 12:06,2026-05-06
1000106266,역삼 아르누보 호텔,15평 슈페리어 트윈 - 취사불가,정보없음,-,가능,"134,990원",2026-05-06 12:06,2026-05-06
1000106266,역삼 아르누보 호텔,15평 슈페리어 더블 - 취사가능,정보없음,-,가능,"154,990원",2026-05-06 12:06,2026-05-06
1000106266,역삼 아르누보 호텔,펫룸 - 15평 슈페리어 더블 - 취사불가,정보없음,-,가능,"164,990원",2026-05-06 12:06,2026-05-06
1000106266,역삼 아르누보 호텔,15평 슈페리어 트윈 - 취사가능,정보없음,-,가능,"174,990원",2026-05-06 12:06,2026-05-06
1000106266,역삼 아르누보 호텔,19평 디럭스 더블 - 취사가능,정보없음,-,가능,"204,990원",2026-05-06 12:06,2026-05-06
1000106266,역삼 아르누보 호텔,슈페리어패밀리,정보없음,-,가능,"224,990원",2026-05-06 12:06,2026-05-06
1000106266,역삼 아르누보 호텔,35평 스위트 - 주차불가,정보없음,-,가능,"294,990원",2026-05-06 12:06,2026-05-06
1000106266,역삼 아르누보 호텔,스탠다드 더블/취사불가,가능,"46,990원",정보없음,-,2026-05-06 12:06,2026-05-06
10066129,수원역 프롬에이치 아모레미오 빈티지,도보특가,가능,"20,000원",가능,"25,000원",2026-05-06 12:06,2026-05-06
10066129,수원역 프롬에이치 아모레미오 빈티지,이코노미,정보없음,-,가능,"30,000원",2026-05-06 12:06,2026-05-06
10066129,수원역 프롬에이치 아모레미오 빈티지,디럭스,가능,"25,000원",가능,"35,000원",2026-05-06 12:06,2026-05-06
10066129,수원역 프롬에이치 아모레미오 빈티지,스위트,가능,"30,000원",가능,"40,000원",2026-05-06 12:06,2026-05-06
23602,수원역(로데오) SOME,재오픈 특가-도보전용,가능,"19,000원",가능,"27,000원",2026-05-06 12:06,2026-05-06
23602,수원역(로데오) SOME,좋은방-데이트감성,가능,"22,000원",가능,"30,000원",2026-05-06 12:06,2026-05-06
23602,수원역(로데오) SOME,느긋하게 퇴실,불가,-,가능,"34,000원",2026-05-06 12:06,2026-05-06
23602,수원역(로데오) SOME,빠르게 입실,정보없음,-,가능,"34,000원",2026-05-06 12:06,2026-05-06
23602,수원역(로데오) SOME,더 좋은방-SOME감성,불가,-,가능,"34,000원",2026-05-06 12:06,2026-05-06
23602,수원역(로데오) SOME,가성비룸 - 소진속도 빠름,불가,-,마감,-,2026-05-06 12:06,2026-05-06
24102,수원역 25H,일반실,가능,"15,000원",가능,"25,000원",2026-05-06 12:06,2026-05-06
24102,수원역 25H,특실,가능,"20,000원",가능,"35,000원",2026-05-06 12:06,2026-05-06
23965,수원역 라임 (Lime),도보전용,가능,"20,700원",가능,"28,800원",2026-05-06 12:07,2026-05-06
23965,수원역 라임 (Lime),Superior,가능,"21,600원",가능,"31,500원",2026-05-06 12:07,2026-05-06
23965,수원역 라임 (Lime),Deluxe,가능,"23,400원",가능,"36,000원",2026-05-06 12:07,2026-05-06
23965,수원역 라임 (Lime),Suite 커플PC,가능,"25,650원",가능,"40,500원",2026-05-06 12:07,2026-05-06
23965,수원역 라임 (Lime),Premium Game 커플 PC,가능,"27,450원",가능,"45,000원",2026-05-06 12:07,2026-05-06
23965,수원역 라임 (Lime),얼리체크인 디럭스급 이상 랜덤,가능,"29,700원",가능,"45,000원",2026-05-06 12:07,2026-05-06
23965,수원역 라임 (Lime),펜트하우스,가능,"41,000원",가능,"91,000원",2026-05-06 12:07,2026-05-06
10067887,이태원 스테이 패스포트 호텔 앤 스파,온담채 테라스&스파,정보없음,-,가능,"205,000원",2026-05-06 12:07,2026-05-06
10067887,이태원 스테이 패스포트 호텔 앤 스파,별담채 테라스&스파,정보없음,-,가능,"235,000원",2026-05-06 12:07,2026-05-06
10067887,이태원 스테이 패스포트 호텔 앤 스파,온담채 프라이빗 스파,정보없음,-,마감,-,2026-05-06 12:07,2026-05-06
10067887,이태원 스테이 패스포트 호텔 앤 스파,별담채 프라이빗 스파 사우나,정보없음,-,마감,-,2026-05-06 12:07,2026-05-06
3006882,이태원 에이원 호텔,스탠다드,가능,"36,200원",가능,"93,200원",2026-05-06 12:07,2026-05-06
3006882,이태원 에이원 호텔,디럭스,가능,"68,200원",가능,"168,200원",2026-05-06 12:07,2026-05-06
3006882,이태원 에이원 호텔,스탠다드 긴시간,가능,"70,000원",가능,"178,200원",2026-05-06 12:07,2026-05-06
3006882,이태원 에이원 호텔,디럭스 긴시간,가능,"120,000원",가능,"248,200원",2026-05-06 12:07,2026-05-06
3000655,해밀톤 호텔,디럭스 트윈,정보없음,-,가능,"195,000원",2026-05-06 12:07,2026-05-06
3000655,해밀톤 호텔,스탠다드 트윈,정보없음,-,마감,-,2026-05-06 12:07,2026-05-06
3001110,임피리얼 팰리스 부티크 호텔 이태원,슈페리어 트윈,정보없음,-,가능,"204,000원",2026-05-06 12:07,2026-05-06
3001110,임피리얼 팰리스 부티크 호텔 이태원,슈페리어 더블,정보없음,-,가능,"204,000원",2026-05-06 12:07,2026-05-06
3001110,임피리얼 팰리스 부티크 호텔 이태원,디럭스 트윈,정보없음,-,가능,"225,000원",2026-05-06 12:07,2026-05-06
3001110,임피리얼 팰리스 부티크 호텔 이태원,디럭스 쿼드러플,정보없음,-,가능,"244,900원",2026-05-06 12:07,2026-05-06
3001110,임피리얼 팰리스 부티크 호텔 이태원,듀플렉스 스위트,정보없음,-,마감,-,2026-05-06 12:07,2026-05-06
3001110,임피리얼 팰리스 부티크 호텔 이태원,골드 스위트,정보없음,-,마감,-,2026-05-06 12:07,2026-05-06
3001110,임피리얼 팰리스 부티크 호텔 이태원,주니어 스위트,정보없음,-,마감,-,2026-05-06 12:07,2026-05-06
10067926,홍대 루프 서울 호텔 리트리트 by 아늑,시그니처 스파&사우나,정보없음,-,가능,"210,000원",2026-05-06 12:07,2026-05-06
10067926,홍대 루프 서울 호텔 리트리트 by 아늑,디럭스 프라이빗 스파,정보없음,-,마감,-,2026-05-06 12:07,2026-05-06
10067926,홍대 루프 서울 호텔 리트리트 by 아늑,스탠다드B 프라이빗 스파,정보없음,-,마감,-,2026-05-06 12:07,2026-05-06
10067926,홍대 루프 서울 호텔 리트리트 by 아늑,스탠다드 A,정보없음,-,마감,-,2026-05-06 12:07,2026-05-06
25589,홍대 더 디자이너스,레이트체크아웃 특가 스위트,가능,"85,000원",가능,"163,000원",2026-05-06 12:07,2026-05-06
25589,홍대 더 디자이너스,레이트체크아웃 디럭스더블+2인조식,정보없음,-,가능,"173,000원",2026-05-06 12:07,2026-05-06
25589,홍대 더 디자이너스,레이트체크아웃 특가 로얄 스위트,가능,"95,000원",가능,"180,000원",2026-05-06 12:07,2026-05-06
25589,홍대 더 디자이너스,레이트체크아웃 특가 스위트+2인조식,정보없음,-,가능,"183,000원",2026-05-06 12:07,2026-05-06
25589,홍대 더 디자이너스,스위트 패밀리,정보없음,-,가능,"198,000원",2026-05-06 12:07,2026-05-06
25589,홍대 더 디자이너스,레이트체크아웃 특가 로얄 스위트+2인조식,정보없음,-,가능,"200,000원",2026-05-06 12:07,2026-05-06
25589,홍대 더 디자이너스,파티룸,정보없음,-,가능,"320,000원",2026-05-06 12:07,2026-05-06
25589,홍대 더 디자이너스,레이트체크아웃 특가 스탠다드 더블,가능,"59,000원",마감,-,2026-05-06 12:07,2026-05-06
25589,홍대 더 디자이너스,당일특가 - 스탠다드 더블,가능,"59,000원",정보없음,-,2026-05-06 12:07,2026-05-06
25589,홍대 더 디자이너스,레이트체크아웃 디럭스더블,가능,"69,000원",마감,-,2026-05-06 12:07,2026-05-06
25589,홍대 더 디자이너스,레이트체크아웃 특가 세미스위트,불가,-,마감,-,2026-05-06 12:07,2026-05-06
25589,홍대 더 디자이너스,레이트체크아웃 특가 스탠다드 더블+2인조식,정보없음,-,마감,-,2026-05-06 12:07,2026-05-06
25589,홍대 더 디자이너스,레이트체크아웃 특가 세미스위트+2인조식,정보없음,-,마감,-,2026-05-06 12:07,2026-05-06
3010583,홍대 나인브릭 호텔,슈페리어 더블,불가,-,가능,"180,000원",2026-05-06 12:07,2026-05-06
3010583,홍대 나인브릭 호텔,디럭스 더블,불가,-,가능,"200,000원",2026-05-06 12:07,2026-05-06
3010583,홍대 나인브릭 호텔,프리미엄 디럭스 더블,정보없음,-,가능,"220,000원",2026-05-06 12:07,2026-05-06
3010583,홍대 나인브릭 호텔,주니어 펜트하우스,정보없음,-,마감,-,2026-05-06 12:07,2026-05-06
3010583,홍대 나인브릭 호텔,펜트하우스,정보없음,-,마감,-,2026-05-06 12:07,2026-05-06
3017304,홍대 보보호텔,-,파싱실패,-,파싱실패,-,2026-05-06 12:07,2026-05-06
24291,대전 아늑 료칸 호텔 대흥점,디럭스 - 무비,가능,"40,000원",가능,"105,000원",2026-05-06 12:08,2026-05-06
24291,대전 아늑 료칸 호텔 대흥점,스위트 - 안마의자,가능,"50,000원",가능,"115,000원",2026-05-06 12:08,2026-05-06
24291,대전 아늑 료칸 호텔 대흥점,스위트 - 사우나,가능,"50,000원",가능,"125,000원",2026-05-06 12:08,2026-05-06
24291,대전 아늑 료칸 호텔 대흥점,디럭스 - 트윈,가능,"60,000원",가능,"135,000원",2026-05-06 12:08,2026-05-06
24291,대전 아늑 료칸 호텔 대흥점,시그니처,가능,"250,000원",가능,"245,000원",2026-05-06 12:08,2026-05-06
24291,대전 아늑 료칸 호텔 대흥점,도보특가,가능,"30,000원",마감,-,2026-05-06 12:08,2026-05-06
24291,대전 아늑 료칸 호텔 대흥점,스탠다드,가능,"35,000원",마감,-,2026-05-06 12:08,2026-05-06
24291,대전 아늑 료칸 호텔 대흥점,디럭스 - 음악,가능,"40,000원",마감,-,2026-05-06 12:08,2026-05-06
24291,대전 아늑 료칸 호텔 대흥점,디럭스 - 명상,가능,"40,000원",마감,-,2026-05-06 12:08,2026-05-06
24291,대전 아늑 료칸 호텔 대흥점,무한대실,가능,"50,000원",정보없음,-,2026-05-06 12:08,2026-05-06
24291,대전 아늑 료칸 호텔 대흥점,늦은퇴실,정보없음,-,마감,-,2026-05-06 12:08,2026-05-06
24291,대전 아늑 료칸 호텔 대흥점,빠른입실,정보없음,-,마감,-,2026-05-06 12:08,2026-05-06
1000112599,대전 넘버25호텔 대전역점,스탠다드,가능,"25,000원",가능,"50,000원",2026-05-06 12:08,2026-05-06
1000112599,대전 넘버25호텔 대전역점,미러룸,가능,"28,000원",가능,"55,000원",2026-05-06 12:08,2026-05-06
1000112599,대전 넘버25호텔 대전역점,스탠다드 게임 1PC,가능,"28,000원",가능,"55,000원",2026-05-06 12:08,2026-05-06
1000112599,대전 넘버25호텔 대전역점,디럭스,가능,"30,000원",가능,"60,000원",2026-05-06 12:08,2026-05-06
1000112599,대전 넘버25호텔 대전역점,리클라이너,불가,-,가능,"65,000원",2026-05-06 12:08,2026-05-06
1000112599,대전 넘버25호텔 대전역점,디럭스 초고사양 2PC,불가,-,가능,"65,000원",2026-05-06 12:08,2026-05-06
1000112599,대전 넘버25호텔 대전역점,VIP,가능,"35,000원",가능,"70,000원",2026-05-06 12:08,2026-05-06
1000112599,대전 넘버25호텔 대전역점,비즈니스 트윈,불가,-,가능,"70,000원",2026-05-06 12:08,2026-05-06
1000112599,대전 넘버25호텔 대전역점,3pc top 라운지,정보없음,-,가능,"130,000원",2026-05-06 12:08,2026-05-06
1000112599,대전 넘버25호텔 대전역점,도보특가,불가,-,마감,-,2026-05-06 12:08,2026-05-06
10067073,대전 펜션형 감성숙소 호텔더재즈,302호 망고시루룸,정보없음,-,가능,"155,000원",2026-05-06 12:08,2026-05-06
10067073,대전 펜션형 감성숙소 호텔더재즈,301호 딸기시루룸,정보없음,-,가능,"175,000원",2026-05-06 12:08,2026-05-06
10067073,대전 펜션형 감성숙소 호텔더재즈,402호 교토 VIP스위트룸,정보없음,-,가능,"235,000원",2026-05-06 12:08,2026-05-06
10067073,대전 펜션형 감성숙소 호텔더재즈,303호 핀란드 VIP스위트룸,정보없음,-,가능,"235,000원",2026-05-06 12:08,2026-05-06
10067073,대전 펜션형 감성숙소 호텔더재즈,202호 교토 VIP스위트룸,정보없음,-,가능,"235,000원",2026-05-06 12:08,2026-05-06
10067073,대전 펜션형 감성숙소 호텔더재즈,201호 삿포로 VIP스위트룸,정보없음,-,가능,"255,000원",2026-05-06 12:08,2026-05-06
10067073,대전 펜션형 감성숙소 호텔더재즈,401호 핀란드 VVIP스위트룸,정보없음,-,가능,"275,000원",2026-05-06 12:08,2026-05-06
24149,대전 대흥 호텔 루오(LUO),도보특가,가능,"25,000원",가능,"40,000원",2026-05-06 12:08,2026-05-06
24149,대전 대흥 호텔 루오(LUO),비즈니스,가능,"25,000원",가능,"45,000원",2026-05-06 12:08,2026-05-06
24149,대전 대흥 호텔 루오(LUO),디럭스,가능,"30,000원",가능,"50,000원",2026-05-06 12:08,2026-05-06
24149,대전 대흥 호텔 루오(LUO),프리미엄,가능,"30,000원",가능,"55,000원",2026-05-06 12:08,2026-05-06
24149,대전 대흥 호텔 루오(LUO),VIP 더블 트윈,가능,"40,000원",가능,"60,000원",2026-05-06 12:08,2026-05-06
24149,대전 대흥 호텔 루오(LUO),늦은퇴실,불가,-,가능,"60,000원",2026-05-06 12:08,2026-05-06
24149,대전 대흥 호텔 루오(LUO),무한대실,가능,"35,000원",정보없음,-,2026-05-06 12:08,2026-05-06
3018157,수원 미타스야 료칸 by 아늑 수원 인계점,도보특가,가능,"22,000원",가능,"40,000원",2026-05-06 12:08,2026-05-06
3018157,수원 미타스야 료칸 by 아늑 수원 인계점,스탠다드,가능,"27,000원",가능,"50,000원",2026-05-06 12:08,2026-05-06
3018157,수원 미타스야 료칸 by 아늑 수원 인계점,스텐다드 트원,가능,"32,000원",가능,"65,000원",2026-05-06 12:08,2026-05-06
3018157,수원 미타스야 료칸 by 아늑 수원 인계점,빠른 입실 /? Early Check-In,정보없음,-,가능,"65,000원",2026-05-06 12:08,2026-05-06
3018157,수원 미타스야 료칸 by 아늑 수원 인계점,비즈니스,가능,"37,000원",가능,"75,000원",2026-05-06 12:08,2026-05-06
3018157,수원 미타스야 료칸 by 아늑 수원 인계점,2PC,가능,"37,000원",가능,"75,000원",2026-05-06 12:08,2026-05-06
3018157,수원 미타스야 료칸 by 아늑 수원 인계점,무비,가능,"37,000원",가능,"75,000원",2026-05-06 12:08,2026-05-06
3018157,수원 미타스야 료칸 by 아늑 수원 인계점,코믹북,가능,"37,000원",가능,"75,000원",2026-05-06 12:08,2026-05-06
3018157,수원 미타스야 료칸 by 아늑 수원 인계점,마사지,가능,"37,000원",가능,"75,000원",2026-05-06 12:08,2026-05-06
3018157,수원 미타스야 료칸 by 아늑 수원 인계점,늦은퇴실 / Late-Check Out,정보없음,-,가능,"75,000원",2026-05-06 12:08,2026-05-06
3018157,수원 미타스야 료칸 by 아늑 수원 인계점,시그니처,가능,"52,000원",가능,"115,000원",2026-05-06 12:08,2026-05-06
3018157,수원 미타스야 료칸 by 아늑 수원 인계점,무한대실 - 객실랜덤배정,가능,"52,000원",정보없음,-,2026-05-06 12:08,2026-05-06
1002897,수원(인계동) 앨리스 호텔,도보전용,가능,"20,000원",가능,"33,000원",2026-05-06 12:08,2026-05-06
1002897,수원(인계동) 앨리스 호텔,차량전용특가,가능,"22,000원",가능,"38,000원",2026-05-06 12:08,2026-05-06
1002897,수원(인계동) 앨리스 호텔,Standard Unique,가능,"25,000원",가능,"43,000원",2026-05-06 12:08,2026-05-06
1002897,수원(인계동) 앨리스 호텔,Standard Vintage,가능,"25,000원",가능,"43,000원",2026-05-06 12:08,2026-05-06
1002897,수원(인계동) 앨리스 호텔,Standard Scandi,가능,"25,000원",가능,"43,000원",2026-05-06 12:08,2026-05-06
1002897,수원(인계동) 앨리스 호텔,Standard Twin,불가,-,가능,"53,000원",2026-05-06 12:08,2026-05-06
1002897,수원(인계동) 앨리스 호텔,Late Check-out,정보없음,-,가능,"63,000원",2026-05-06 12:08,2026-05-06
1002897,수원(인계동) 앨리스 호텔,Deluxe Twin,가능,"40,000원",가능,"73,000원",2026-05-06 12:08,2026-05-06
1002897,수원(인계동) 앨리스 호텔,Deluxe Spa,가능,"60,000원",가능,"93,000원",2026-05-06 12:08,2026-05-06
1002897,수원(인계동) 앨리스 호텔,Party Suite - Cinema,가능,"60,000원",가능,"143,000원",2026-05-06 12:08,2026-05-06
24636,수원(인계동) JM(제이엠호텔),타임세일,가능,"17,600원",가능,"28,000원",2026-05-06 12:08,2026-05-06
24636,수원(인계동) JM(제이엠호텔),스페셜 더블,가능,"20,240원",가능,"33,000원",2026-05-06 12:08,2026-05-06
24636,수원(인계동) JM(제이엠호텔),스페셜 더블 2PC - 빠른입실,가능,"22,000원",가능,"43,000원",2026-05-06 12:08,2026-05-06
24636,수원(인계동) JM(제이엠호텔),잠꾸러기 PKG,가능,"30,800원",가능,"48,000원",2026-05-06 12:08,2026-05-06
24636,수원(인계동) JM(제이엠호텔),거울룸 2PC,불가,-,가능,"52,800원",2026-05-06 12:08,2026-05-06
24636,수원(인계동) JM(제이엠호텔),그랜드 더블,가능,"30,800원",가능,"61,600원",2026-05-06 12:08,2026-05-06
24636,수원(인계동) JM(제이엠호텔),잠꾸러기 2PC,가능,"35,200원",가능,"61,600원",2026-05-06 12:08,2026-05-06
24636,수원(인계동) JM(제이엠호텔),슈퍼 트윈 더블X2,가능,"35,200원",가능,"70,400원",2026-05-06 12:08,2026-05-06
24636,수원(인계동) JM(제이엠호텔),그랜드스위트 2인욕조 트윈 2PC,정보없음,-,마감,-,2026-05-06 12:08,2026-05-06
26712,수원(인계동) 데이앤나잇(DAY&NIGHT),일반실,가능,"25,000원",가능,"40,000원",2026-05-06 12:08,2026-05-06
26712,수원(인계동) 데이앤나잇(DAY&NIGHT),일반실 1pc 1060,가능,"30,000원",가능,"45,000원",2026-05-06 12:08,2026-05-06
26712,수원(인계동) 데이앤나잇(DAY&NIGHT),커플2pc 1060,가능,"35,000원",가능,"50,000원",2026-05-06 12:08,2026-05-06
26712,수원(인계동) 데이앤나잇(DAY&NIGHT),게이밍 2pc 3070,가능,"40,000원",가능,"55,000원",2026-05-06 12:08,2026-05-06
25304,불광 아늑 료칸 호텔,도보 특가,가능,"15,000원",가능,"40,000원",2026-05-06 12:08,2026-05-06
25304,불광 아늑 료칸 호텔,Standard,가능,"17,000원",가능,"40,000원",2026-05-06 12:08,2026-05-06
25304,불광 아늑 료칸 호텔,당일 특가,가능,"17,000원",가능,"43,000원",2026-05-06 12:08,2026-05-06
25304,불광 아늑 료칸 호텔,Standard - 명상,가능,"22,000원",가능,"50,000원",2026-05-06 12:08,2026-05-06
25304,불광 아늑 료칸 호텔,Standard - 코믹,가능,"22,000원",가능,"50,000원",2026-05-06 12:08,2026-05-06
25304,불광 아늑 료칸 호텔,Deluxe,가능,"32,000원",가능,"70,000원",2026-05-06 12:08,2026-05-06
25304,불광 아늑 료칸 호텔,레이트 체크아웃,정보없음,-,가능,"70,000원",2026-05-06 12:08,2026-05-06
25304,불광 아늑 료칸 호텔,얼리 체크인,정보없음,-,가능,"70,000원",2026-05-06 12:08,2026-05-06
25304,불광 아늑 료칸 호텔,Suite,가능,"42,000원",가능,"90,000원",2026-05-06 12:08,2026-05-06
26894,불광 M&A,일반실,가능,"25,000원",가능,"45,000원",2026-05-06 12:09,2026-05-06
26894,불광 M&A,일반실,가능,"25,000원",가능,"45,000원",2026-05-06 12:09,2026-05-06
26894,불광 M&A,특실,가능,"25,000원",가능,"50,000원",2026-05-06 12:09,2026-05-06
27588,불광 호텔 마루,마루 도보 특가,가능,"25,000원",가능,"45,000원",2026-05-06 12:09,2026-05-06
27588,불광 호텔 마루,마루방,가능,"28,000원",가능,"50,000원",2026-05-06 12:09,2026-05-06
27588,불광 호텔 마루,금연방,가능,"30,000원",가능,"55,000원",2026-05-06 12:09,2026-05-06
27588,불광 호텔 마루,사랑방,가능,"30,000원",가능,"55,000원",2026-05-06 12:09,2026-05-06
27588,불광 호텔 마루,2PC게임방,가능,"32,000원",가능,"60,000원",2026-05-06 12:09,2026-05-06
27588,불광 호텔 마루,2인스파방,가능,"35,000원",가능,"60,000원",2026-05-06 12:09,2026-05-06
27588,불광 호텔 마루,스타일러 룸,가능,"33,000원",가능,"65,000원",2026-05-06 12:09,2026-05-06
27588,불광 호텔 마루,마루 무한방,가능,"40,000원",가능,"80,000원",2026-05-06 12:09,2026-05-06
27588,불광 호텔 마루,심야 대실룸 -밤에도 쉬어가자,가능,"35,000원",정보없음,-,2026-05-06 12:09,2026-05-06
27588,불광 호텔 마루,2PC무한룸,가능,"45,000원",정보없음,-,2026-05-06 12:09,2026-05-06
10047207,불광 3S 호텔,"STANDARD DOUBLE ROOM - 도보전용,주차불가",가능,"25,000원",가능,"47,000원",2026-05-06 12:09,2026-05-06
10047207,불광 3S 호텔,DELUXE COUPLE CHAIR ROOM,가능,"35,000원",가능,"55,000원",2026-05-06 12:09,2026-05-06
10047207,불광 3S 호텔,DELUXE CINEMA ROOM,가능,"35,000원",가능,"55,000원",2026-05-06 12:09,2026-05-06
10047207,불광 3S 호텔,DELUXE MIRROR ROOM,가능,"35,000원",가능,"55,000원",2026-05-06 12:09,2026-05-06
10047207,불광 3S 호텔,PREMIUM RETRO NORI BOX 1PC ROOM,가능,"40,000원",가능,"60,000원",2026-05-06 12:09,2026-05-06
10047207,불광 3S 호텔,PREMIUM GAMING 2PC 32기가 룸,가능,"40,000원",가능,"65,000원",2026-05-06 12:09,2026-05-06
10047207,불광 3S 호텔,PREMIUM CINEMA TWIN ROOM,가능,"45,000원",가능,"65,000원",2026-05-06 12:09,2026-05-06
10047207,불광 3S 호텔,PREMIUM GAMING 3PC 32기가 룸,가능,"50,000원",가능,"70,000원",2026-05-06 12:09,2026-05-06
10047207,불광 3S 호텔,SIGNTURE 100인치 SMART TV MASSAGE BED ROOM,가능,"50,000원",가능,"80,000원",2026-05-06 12:09,2026-05-06
10047207,불광 3S 호텔,SIGNTURE TWIN MASSAGE CHAIR ROOM,가능,"50,000원",가능,"80,000원",2026-05-06 12:09,2026-05-06
10047207,불광 3S 호텔,얼리체크인+레이트체크아웃,가능,"80,000원",가능,"80,000원",2026-05-06 12:09,2026-05-06
10068149,역삼 루프 서울 호텔 리트리트 by 아늑 서울 강남1,스탠다드 B,정보없음,-,가능,"119,000원",2026-05-06 12:09,2026-05-06
10068149,역삼 루프 서울 호텔 리트리트 by 아늑 서울 강남1,패밀리 A,정보없음,-,가능,"169,000원",2026-05-06 12:09,2026-05-06
10068149,역삼 루프 서울 호텔 리트리트 by 아늑 서울 강남1,패밀리 B,정보없음,-,가능,"189,000원",2026-05-06 12:09,2026-05-06
10068149,역삼 루프 서울 호텔 리트리트 by 아늑 서울 강남1,캡슐호텔 - 여성전용,정보없음,-,마감,-,2026-05-06 12:09,2026-05-06
10068149,역삼 루프 서울 호텔 리트리트 by 아늑 서울 강남1,캡슐호텔 - 여성전용+대욕장 PKG,정보없음,-,마감,-,2026-05-06 12:09,2026-05-06
10068149,역삼 루프 서울 호텔 리트리트 by 아늑 서울 강남1,캡슐호텔 - 남성전용+대욕장 PKG,정보없음,-,가능,"38,000원",2026-05-06 12:09,2026-05-06
10068149,역삼 루프 서울 호텔 리트리트 by 아늑 서울 강남1,캡슐호텔 - 남성전용,정보없음,-,가능,"30,000원",2026-05-06 12:09,2026-05-06
10068149,역삼 루프 서울 호텔 리트리트 by 아늑 서울 강남1,스탠다드 C,정보없음,-,마감,-,2026-05-06 12:09,2026-05-06
10068149,역삼 루프 서울 호텔 리트리트 by 아늑 서울 강남1,스탠다드 A,정보없음,-,마감,-,2026-05-06 12:09,2026-05-06
25986,역삼 컬리넌,Deluxe,가능,"27,000원",마감,-,2026-05-06 12:09,2026-05-06
25986,역삼 컬리넌,Deluxe,가능,"36,000원",가능,"64,800원",2026-05-06 12:09,2026-05-06
25986,역삼 컬리넌,Premium,가능,"47,000원",가능,"84,800원",2026-05-06 12:09,2026-05-06
25986,역삼 컬리넌,Suite - TWIN,불가,-,가능,"134,800원",2026-05-06 12:09,2026-05-06
25986,역삼 컬리넌,Suite - ONE KING,불가,-,가능,"134,800원",2026-05-06 12:09,2026-05-06
25986,역삼 컬리넌,Royal Suite - TWIN,가능,"67,000원",가능,"154,800원",2026-05-06 12:09,2026-05-06
25986,역삼 컬리넌,Royal Suite - ONE KING,불가,-,가능,"154,800원",2026-05-06 12:09,2026-05-06
25986,역삼 컬리넌,연박전용 - 도보,불가,-,정보없음,-,2026-05-06 12:09,2026-05-06
23965,수원역 라임 (Lime),도보전용,가능,"20,700원",가능,"28,800원",2026-05-06 12:09,2026-05-06
23965,수원역 라임 (Lime),Superior,가능,"21,600원",가능,"31,500원",2026-05-06 12:09,2026-05-06
23965,수원역 라임 (Lime),Deluxe,가능,"23,400원",가능,"36,000원",2026-05-06 12:09,2026-05-06
23965,수원역 라임 (Lime),Suite 커플PC,가능,"25,650원",가능,"40,500원",2026-05-06 12:09,2026-05-06
23965,수원역 라임 (Lime),Premium Game 커플 PC,가능,"27,450원",가능,"45,000원",2026-05-06 12:09,2026-05-06
23965,수원역 라임 (Lime),얼리체크인 디럭스급 이상 랜덤,가능,"29,700원",가능,"45,000원",2026-05-06 12:09,2026-05-06
23965,수원역 라임 (Lime),펜트하우스,가능,"41,000원",가능,"91,000원",2026-05-06 12:09,2026-05-06
3013325,역삼 마리호텔,Standard,불가,-,가능,"80,000원",2026-05-06 12:09,2026-05-06
3013325,역삼 마리호텔,Suite,가능,"70,000원",가능,"100,000원",2026-05-06 12:09,2026-05-06
3013325,역삼 마리호텔,15시 체크인 Standard,정보없음,-,가능,"130,000원",2026-05-06 12:09,2026-05-06
3013325,역삼 마리호텔,15시 체크인 Suite,정보없음,-,가능,"150,000원",2026-05-06 12:09,2026-05-06
